smile,dipole,electron_affinity,electrophilicity,nucleophilicity,electrofugality,nucleofugality,homo,lumo,homo-lumo,ionization_potential
CC(C)(C)[O-],1.3395032901948496,1.740038026028122,2.0083119930158917,-9.229269414957662,11.23758140797355,0.2682739669877699,-0.39261107175868615,-0.39261095604075924,-1.1571792690734384e-07,9.229269414957662
CC(C)(C)[PH+](C(C)(C)C)C(C)(C)C,0.13263960864437174,-2.9948988870563746,0.056877176629428074,-1.555907518769561,1.612784695398989,3.051776063685803,-0.40356542391498673,-0.14968975722454125,-0.2538756666904455,1.555907518769561
F[B-](F)(F)F,0.033214072750841137,6.529075659389473,6.911575527984401,-14.613471560195006,21.5250470881794,0.3824998685949276,-0.5672832698707664,-0.566697056128528,-0.0005862137422383285,14.613471560195006
O=C(C=Cc1ccccc1)C=Cc1ccccc1,1.3984455399711149,0.8633204138377177,1.3363985001052803,-7.6627662400461265,8.999164740151405,0.47307808626756254,-0.38192254686293975,-0.2944198137535188,-0.08750273310942097,7.6627662400461265
[H+],0.0,1.0660527329499523,1.9646883646243831,-12.107644141370763,14.072332505995147,0.898635631674431,-0.3934827639359724,-0.3934827639359724,0.0,12.107644141370763
[Na+],0.0,-2.3554420503643088,0.12035674573464097,-5.020367459928224,5.140724205662866,2.47579879609895,-0.048976522053220506,-0.16709674982163397,0.11812022776841347,5.020367459928224
[Pd],0.0,-1.048942696544568,0.8419364730818029,-9.463668103946633,10.305604577028436,1.8908791696263711,-0.41219230295388476,-0.32952620580863856,-0.0826660971452462,9.463668103946633
C1COCCOCCOCCOCCOCCO1,2.0236114273072383,-6.253360874034076,0.01643346976642456,-7.603054103176218,7.619487572942641,6.2697943438005,-0.38356190037402055,-0.01658992996565921,-0.3669719704083613,7.603054103176218
O=C([O-])[O-],0.05266247357840604,5.577116790891312,5.654263183359858,-14.398100196968358,20.052363380328217,0.0771463924685475,-0.5511710839464178,-0.5404426536052244,-0.010728430341193418,14.398100196968358
[Cu+],0.0,-0.2310525191050301,0.5796901582861683,-5.292015335856902,5.871705494143071,0.8107426773911984,-0.34935921058527675,-0.25441402513246936,-0.09494518545280739,5.292015335856902
[I-],3.575316967549179e-16,2.7929255373084825,3.042713006154683,-12.865118091412992,15.90783109756767,0.24978746884620032,-0.4476126069150612,-0.44761260691506116,-5.551115123125783e-17,12.865118091412992
[K+],0.0,-1.8603465902043843,0.16886014781975178,-4.8772470670747445,5.046107214894495,2.029206738024136,-0.03433772291572495,-0.16575223906142184,0.13141451614569688,4.8772470670747445
CC(=O)[O-],1.6492137637850641,3.3297195446121233,3.3523418589922134,-11.181193942640341,14.533535801632553,0.022622314380090026,-0.4698547294167434,-0.44587163838105526,-0.02398309103568813,11.181193942640341
[Pd+2],0.0,-1.048942696544568,0.8419364730818029,-9.463668103946633,10.305604577028436,1.8908791696263711,-0.41219230295388476,-0.32952620580863856,-0.0826660971452462,9.463668103946633
CCN(C(C)C)C(C)C,0.2839365521461126,-7.321403169131115,0.0004040205132809769,-7.540575140055287,7.540979160568568,7.321807189644396,-0.3327823156893067,-0.010834048001402035,-0.3219482676879047,7.540575140055287
CCN(CC)CC,0.3264859161511802,-8.075026552930822,0.0001554087225439816,-7.933946884342406,7.934102293064952,8.075181961653366,-0.3420292855266362,0.011567940920743616,-0.3535972264473798,7.933946884342406
O=C(O)[C@@H]1CCCN1,0.8590547731745959,-2.154858693060132,0.4960270195521504,-8.725749415694692,9.22177643524684,2.650885712612282,-0.3652508863607438,-0.2522208444371758,-0.11303004192356803,8.725749415694692
O=P([O-])([O-])[O-],5.622449505853409e-05,6.399956951134955,6.929667024782168,-13.65506770112275,20.584734725904923,0.5297100736472119,-0.5465662491048855,-0.5465661731177124,-7.598717310930425e-08,13.65506770112275
[Cu+2],0.0,-0.2310525191050301,0.5796901582861683,-5.292015335856902,5.871705494143071,0.8107426773911984,-0.34935921058527675,-0.25441402513246936,-0.09494518545280739,5.292015335856902
CSCC[C@H](N)C(=O)O,1.1787384229537137,-1.0546214151959061,0.6332799768791884,-7.723273510081372,8.356553486960562,1.6879013920750947,-0.3555985215811931,-0.2598588517324654,-0.09573966984872767,7.723273510081372
O=C[C@@H]1CCCN1,1.3863919532009725,-1.5547072223641658,0.6051051993565565,-8.547941116374306,9.153046315730862,2.159812421720722,-0.37031210358899325,-0.27765423560902436,-0.09265786797996889,8.547941116374306
[Cl-],0.0,3.38840544980636,3.527595710092583,-13.524852957041663,17.052448667134254,0.13919026028622342,-0.4657520363889021,-0.4657520363889021,0.0,13.524852957041663
O=C([O-])O,1.0149273875139475,4.558377297619321,4.560686511402161,-13.273874408903659,17.83456092030582,0.0023092137828385597,-0.5109919291352931,-0.5089202804756677,-0.0020716486596253914,13.273874408903659
[Li]CCCC,1.8906906343385446,-2.308175452211514,0.22543563930554236,-6.232939639968961,6.458375279274504,2.5336110915170558,-0.2796501332118892,-0.187306444172819,-0.0923436890390702,6.232939639968961
Oc1cccc2cccnc12,1.0302372448238795,0.17379853722459604,1.0802258641063358,-8.105177667254626,9.185403531360963,0.9064273268817399,-0.37716632915231546,-0.2851695682758075,-0.09199676087650799,8.105177667254626
c1ccc(P(c2ccccc2)c2ccccc2)cc1,0.6042409851765941,-0.1488748732870846,0.8318588324309506,-7.089246948350963,7.921105780781915,0.9807337057180351,-0.35698847892832003,-0.2423042693545826,-0.11468420957373743,7.089246948350963
c1ccncc1,0.8744863999621157,-1.2787721434804444,0.7087039119005926,-8.860851517074535,9.569555428975127,1.9874760553810373,-0.37165066264917984,-0.25655735911819866,-0.11509330353098118,8.860851517074535
[Cs+],0.0,-1.8422721507131556,0.14714959681128617,-4.595098282113987,4.742247878925274,1.989421747524442,-0.051235649983939355,-0.14852996246142935,0.09729431247749,4.595098282113987
C[O-],1.3294001144909324,1.9148824753067606,2.2536336493186058,-10.594610878804213,12.84824452812282,0.33875117401184596,-0.41466798531765986,-0.41466792088714627,-6.443051359106278e-08,10.594610878804213
O=C1c2ccccc2C(=O)N1O,1.650026530029667,1.3030140367523773,1.7695444845384247,-9.409547218001903,11.179091702540326,0.466530447786047,-0.42413369527401623,-0.32765110851149315,-0.09648258676252308,9.409547218001903
Cc1ccccc1P(c1ccccc1C)c1ccccc1C,0.4255950316834228,-0.18092898316807915,0.7785545007931517,-6.7523370242175975,7.530891525010751,0.9594834839612308,-0.34531420579339656,-0.24058706605083455,-0.10472713974256201,6.7523370242175975
Cl[Pd]Cl,0.17619631486900741,1.7779528979025638,1.905279319595477,-7.813311169283063,9.71859048887854,0.12732642169291314,-0.3542141816108793,-0.35403238629566036,-0.00018179531521894665,7.813311169283063
c1ccc(P(c2ccccc2)c2ccc3ccccc3c2-c2c(P(c3ccccc3)c3ccccc3)ccc3ccccc23)cc1,0.5532054207665366,0.8557720105567137,1.1700549524994086,-6.250072049669747,7.420127002169156,0.314282941942695,-0.34967005537042944,-0.2690945441512398,-0.08057551121918965,6.250072049669747
[O-2],0.0,3.304440184913773,3.8104233496461872,-17.491365298134905,21.30178864778109,0.5059831647324146,-0.5697290664004653,-0.5697290664004653,0.0,17.491365298134905
CNCCNC,0.8005355598915687,-7.75386515508429,1.5233405643483531e-05,-7.710453245640155,7.7104684790458,7.753880388489931,-0.3534850033343916,0.0038236825482591778,-0.35730868588265075,7.710453245640155
O[C@H]1[C@H](O)[C@@H](O)[C@H](O)[C@@H](O)[C@H]1O,0.4171633003105792,-5.5589024147424455,0.08935737355769142,-8.758060002521987,8.847417376079678,5.6482597883001375,-0.41011560600660024,-0.06589370026771738,-0.3442219057388829,8.758060002521987
[Cu],0.0,-0.2310525191050301,0.5796901582861683,-5.292015335856902,5.871705494143071,0.8107426773911984,-0.34935921058527675,-0.25441402513246936,-0.09494518545280739,5.292015335856902
CN([SiH](C)C)[Si](C)(C)C,0.4128668375532328,-2.998272103491424,0.23307103821542682,-7.401884534388303,7.63495557260373,3.231343141706851,-0.3524950171640137,-0.15551141303172172,-0.196983604132292,7.401884534388303
[Li],0.0,-2.0968503397076774,0.11468838599647246,-4.570102558876867,4.684790944873339,2.21153872570415,-0.08150224606078992,-0.18007168657517492,0.098569440514385,4.570102558876867
[Co+2],0.0,0.9531140974100021,1.65165107020912,-9.94998054408933,11.601631614298453,0.6985369727991176,-0.3790969757845464,-0.3790969757845463,-5.551115123125783e-17,9.94998054408933
c1ccc(P(CCCP(c2ccccc2)c2ccccc2)c2ccccc2)cc1,1.2699636494516524,0.17256680543453662,0.8857220528077839,-6.549396314443014,7.435118367250798,0.7131552473732473,-0.35228927270556293,-0.24257685041660307,-0.10971242228895986,6.549396314443014
CC(C)c1cc(C(C)C)c(-c2ccccc2P2CC[Si](C)(C)CC2)c(C(C)C)c1,0.743503147867226,-0.689775390949869,0.5849148014785196,-6.483325529365127,7.068240330843647,1.2746901924283884,-0.33410432237838517,-0.2330179108432891,-0.10108641153509607,6.483325529365127
O=C(P)C(=O)[Cr](c1ccccc1)(c1ccccc1)c1ccccc1,1.2838041584044162,2.0882106408103693,2.0882790078624756,-6.312699863917347,8.400978871779824,6.836705210675034e-05,-0.33566996854340303,-0.3323686071625433,-0.0033013613808597353,6.312699863917347
C1=CCCC=CCC1,8.166814287241608e-06,-2.007937197051501,0.46417873019761474,-8.149515956074008,8.613694686271623,2.4721159272491158,-0.37637907071162174,-0.21016499616251225,-0.1662140745491095,8.149515956074008
CC(C)n1cc[n+](C(C)C)c1,0.16473595329891136,-3.6744779156500282,0.012012697203882374,-2.8807715377988874,2.89278423500277,3.6864906128539103,-0.3541302620151032,-0.15992764581716076,-0.19420261619794246,2.8807715377988874
[Rh+],0.0,0.6186129993644665,1.6316393119055903,-11.050540566129799,12.682179878035392,1.0130263125411236,-0.3923812345896891,-0.3923812345896891,0.0,11.050540566129799
CC(C)(C)C[PH+](C(C)(C)C)C(C)(C)C,0.27940504287506074,-3.0506521141028133,0.07102651761802548,-1.451263720197666,1.5222902378156915,3.121678631720838,-0.40165871825345556,-0.14677061427542207,-0.2548881039780335,1.451263720197666
C1CCC2=NCCCN2CC1,1.3548907209770782,-3.317697496940024,0.2017802979569759,-7.4956613801014225,7.697441678058397,3.519477794896999,-0.3428861995084009,-0.18324708143389476,-0.15963911807450612,7.4956613801014225
CC(C)(C)c1ccnc(-c2cc(C(C)(C)C)ccn2)c1,0.13182351688041552,0.022147666619149575,0.9152743916482459,-7.2554808785018405,8.170755270150087,0.8931267250290963,-0.35670011963380316,-0.265066188985169,-0.09163393064863418,7.2554808785018405
COC(C)OC,0.9689376111554472,-7.754120877683917,0.015141529205793501,-9.186625848196389,9.201767377402184,7.769262406889709,-0.40679639996959227,-0.0041393848562253505,-0.40265701511336693,9.186625848196389
[Li+],0.0,-2.0968503397076774,0.11468838599647246,-4.570102558876867,4.684790944873339,2.21153872570415,-0.08150224606078992,-0.18007168657517492,0.098569440514385,4.570102558876867
[Ni+2],0.0,-3.4390883820003433,0.368245952684565,-9.648375323687379,10.016621276371946,3.8073343346849087,-0.36476251353854194,-0.21085799922202422,-0.15390451431651772,9.648375323687379
CC1(C)c2cccc(P(c3ccccc3)c3ccccc3)c2Oc2c(P(c3ccccc3)c3ccccc3)cccc21,1.1181883946033864,0.3716929559720761,0.9279938683058779,-6.2142869308283775,7.142280799134254,0.5563009123338019,-0.3471053463814899,-0.2471201829992805,-0.09998516338220936,6.2142869308283775
CN(C)CC(=O)O,1.020951124147393,-2.4068262521671007,0.423102657048278,-8.476177256004846,8.899279913053125,2.8299289092153788,-0.3596252908384671,-0.2465042075756194,-0.11312108326284773,8.476177256004846
Cc1ccnc(C)c1,0.9830719712543293,-1.4274617603636117,0.6171960421965126,-8.389716219936197,9.00691226213271,2.0446578025601245,-0.362281378173612,-0.24145768141625087,-0.12082369675736113,8.389716219936197
[F-],0.0,3.0533444386512025,3.9138448121721807,-19.942732240420884,23.856577052593067,0.8605003735209784,-0.5786762772665277,-0.5786762772665277,0.0,19.942732240420884
[H-],0.0,1.0660527329499523,1.9646883646243831,-12.107644141370763,14.072332505995147,0.898635631674431,-0.3934827639359724,-0.3934827639359724,0.0,12.107644141370763
CCCN(CCC)CCC,0.30000092695367037,-7.658268708118714,6.2667321732511e-05,-7.746148333007218,7.74621100032895,7.658331375440447,-0.34174673208209166,0.00400150691006605,-0.34574823899215773,7.746148333007218
[Zn+2],0.0,-10.95674644233048,0.007145005654674696,-12.104876848937991,12.112021854592667,10.963891447985153,-0.2637607011481395,-0.036451470521527175,-0.22730923062661232,12.104876848937991
CN[C@@H]1CCCC[C@H]1NC,0.8070927551762924,-7.68875118607834,0.000875600542659533,-7.364033140690582,7.3649087412332435,7.689626786620998,-0.3442804289118565,0.00804143196463209,-0.3523218608764886,7.364033140690582
NCC(=O)O,0.7583527869143475,-2.305144615287877,0.5484443239291321,-9.502975718134016,10.051420042063146,2.8535889392170084,-0.387482460973512,-0.25384562032368957,-0.13363684064982245,9.502975718134016
NC1(N)CCCCC1,0.5129209963513136,-8.647330432561532,0.0034004407412360988,-7.974884993616314,7.97828543435755,8.650730873302766,-0.3621584952552412,0.04148209209972651,-0.4036405873549677,7.974884993616314
O,0.8998048344347195,-11.296066204604603,0.02319914571306629,-13.438632672012233,13.461831817725297,11.319265350317671,-0.44708961351170384,0.07326941860969409,-0.5203590321213979,13.438632672012233
Oc1ccc2ccccc2c1-c1c(O)ccc2ccccc12,0.5649097601251947,0.28553197573831923,0.975929815938256,-6.901551019581451,7.877480835519707,0.6903978401999369,-0.35998508951940345,-0.25916021394506383,-0.10082487557433961,6.901551019581451
ON=Cc1ccccc1O,0.9813453093108241,-0.3902301976575906,0.8912165105750594,-8.229759199862851,9.12097571043791,1.28144670823265,-0.38243698443234253,-0.2670237016098901,-0.11541328282245245,8.229759199862851
[O-][n+]1ccccc1O,1.4382047470243833,-0.5303663171120281,0.9342150946395148,-8.946088201954268,9.880303296593782,1.4645814117515428,-0.3869338583329334,-0.27556975307012727,-0.11136410526280616,8.946088201954268
COc1ccc(-c2ccccc2-c2ccccc2P(C2CCCCC2)C2CCCCC2)cc1,0.7881683031578267,-0.3811967155682332,0.6993087155923452,-6.655457583605003,7.3547662991973475,1.0805054311605784,-0.3477799616056697,-0.2363920249634961,-0.11138793664217361,6.655457583605003
CC(C)Oc1cccc(OC(C)C)c1-c1ccccc1P(C1CCCCC1)C1CCCCC1,0.7001540174995036,-0.7678262466674237,0.5526665128151348,-6.395607171222942,6.948273684038077,1.3204927594825586,-0.3317638428511315,-0.22755479503057302,-0.10420904782055845,6.395607171222942
N[C@@H]1CCCC[C@H]1N,0.9473009341362577,-8.045167052731088,6.861893022812574e-05,-7.951458086061541,7.951526704991768,8.045235671661317,-0.3547483758699951,0.019028580903576908,-0.373776956773572,7.951458086061541
[OH-],0.819405262993814,2.0509993217346176,2.8361536215379513,-15.262626085302916,18.098779706840872,0.7851542998033337,-0.49850640192725065,-0.49850640192724677,-3.885780586188048e-15,15.262626085302916
N[C@H]1CCCC[C@@H]1N,0.05652321481796853,-8.003257061598026,0.00012844927337951647,-7.87551929006503,7.875647739338412,8.003385510871404,-0.3580651720184456,0.01503253240626951,-0.3730977044247151,7.87551929006503
O=P(c1ccccc1)(c1ccccc1)c1ccccc1C=NO,1.679161522684511,0.6730068909137294,1.2691241596014702,-7.882677762296186,9.151801921897656,0.5961172686877407,-0.3968270235953597,-0.28701252428025764,-0.10981449931510207,7.882677762296186
c1cnc2c(c1)ccc1cccnc12,1.4011016803835916,0.5230778720616556,1.1675929021697744,-7.6172359251755815,8.784828827345356,0.644515030108119,-0.36081444458080003,-0.2847724434777586,-0.07604200110304143,7.6172359251755815
CC[N+](CC)(CC)CC,0.05735319083186277,-5.361419172500029,0.5754700057072675,-0.26978674262694113,0.8452567483342086,5.936889178207298,-0.4128022427061348,-0.08509917768156545,-0.32770306502456936,0.26978674262694113
CCCC[N+](CCCC)(CCCC)CCCC,0.05588751302580013,-4.997512617955696,0.5273242709494179,-0.27935854096858836,0.8066828119180062,5.524836888905114,-0.4061695824397851,-0.09143703108349582,-0.3147325513562893,0.27935854096858836
C1CN2CCC1CC2,0.47845215124398877,-8.280162474630984,0.001825987111089036,-7.79556717834603,7.797393165457119,8.281988461742074,-0.3464183954459355,0.017106338765994867,-0.3635247342119304,7.79556717834603
O=C(O)C1CCCCN1,0.9244018295791396,-2.2115416227823306,0.4388637281219929,-8.281004923453803,8.719868651575796,2.6504053509043235,-0.3596082572835776,-0.24840245049190973,-0.11120580679166786,8.281004923453803
Cl,0.3548414335297069,-4.450227005205363,0.4204120534342062,-11.855755536600146,12.276167590034355,4.870639058639569,-0.4376668485055092,-0.14355483873767472,-0.29411200976783447,11.855755536600146
N,0.7386407274468185,-10.582922896172594,0.006434524290631769,-11.652787250406764,11.659221774697397,10.589357420463225,-0.3901202738808052,0.06120212941537715,-0.4513224032961824,11.652787250406764
CO[C@H]1[C@H](O)[C@@H](O)[C@H](O)[C@H](O)[C@H]1O,0.9272512724670264,-5.850581082397059,0.06301113573091116,-8.544337031408562,8.607348167139476,5.913592218127969,-0.40340914240399717,-0.05310817374320509,-0.3503009686607921,8.544337031408562
COc1ccc2ccccc2c1-c1c(P(c2ccccc2)c2ccccc2)ccc2ccccc12,0.5361590344108614,0.6243365167355597,1.071117685041938,-6.4272416249377,7.498359309979637,0.44678116830637826,-0.3485321985504636,-0.26592879056796764,-0.08260340798249594,6.4272416249377
CC(=O)C1CCCc2cccnc21,1.78239284902445,-0.49484905015652636,0.8244696645369416,-7.964515350302639,8.788985014839579,1.319318714693468,-0.37305211899972557,-0.2560540879843111,-0.11699803101541445,7.964515350302639
ON=C1CCCc2cccnc21,2.496923472193255,0.17367591061929666,1.0825216958013448,-8.123969881542951,9.206491577344295,0.9088457851820482,-0.37311870319425433,-0.28651405977243133,-0.086604643421823,8.123969881542951
CC(C)c1cccc(C(C)C)c1-n1cc[n+](-c2c(C(C)C)cccc2C(C)C)c1,0.48781385992866355,-0.7092173020944514,0.21584626471884563,-3.3599871120478664,3.575833376766712,0.9250635668132972,-0.3786612145131969,-0.22281187694153617,-0.15584933757166072,3.3599871120478664
[NH4+],2.338746661136544e-06,-8.182455867385878,1.3163441694925346,0.6963903294266744,0.61995384006586,9.498800036878414,-0.5310415247832941,-0.014672050007767851,-0.5163694747755263,-0.6963903294266744
CC(C)(C)P(C(C)(C)C)C(C)(C)C,0.6055778068717292,-3.6369708288010028,0.10924239890333233,-6.632831808737839,6.742074207641171,3.7462132277043345,-0.32297779161530626,-0.12834150610378184,-0.19463628551152443,6.632831808737839
CN(C)CCN,0.7640318151088376,-7.573980964441816,0.00030470300366800836,-7.767362523876905,7.767667226880572,7.5742856674454835,-0.3492264432790524,-0.00368419897529966,-0.34554224430375274,7.767362523876905
Oc1cccc2ccncc12,1.5476494151854256,-0.03236996977096496,0.9837711161970039,-7.966754874098564,8.950525990295569,1.0161410859679687,-0.3671627464955563,-0.27629243851560287,-0.09087030797995344,7.966754874098564
CN(C)c1ccccc1-c1ccccc1P(C(C)(C)C)C(C)(C)C,0.6055496515492546,-0.5663268928198626,0.5843830373784014,-6.183994074067984,6.768377111446386,1.150709930198264,-0.326629247621666,-0.23748224151237893,-0.08914700610928708,6.183994074067984
CC(C)(C)P(=O)(c1ccccc1-c1ccccc1)C(C)(C)C,1.5794994996642122,-0.4301936776989024,0.7796995937354391,-7.434047094105265,8.213746687840702,1.2098932714343416,-0.3777069019153914,-0.2510735138040618,-0.12663338811132963,7.434047094105265
CCCC[O-],1.4241718092864266,1.8328050798781828,2.059243389924947,-9.135590360643606,11.194833750568552,0.22643831004676418,-0.39823702281024126,-0.39610362155743195,-0.0021334012528093083,9.135590360643606
CCCC[P+](CCCC)(CCCC)CCCC,0.011805388319560203,-4.275297492978757,0.49401197153593995,-0.11151349682486078,0.6055254683608008,4.769309464514697,-0.40951479396726564,-0.09965185363512458,-0.30986294033214107,0.11151349682486078
O=C(O)CCP(c1ccccc1)c1ccccc1,0.917337269911753,-0.2038453069434949,0.8448097675997934,-7.348004668275287,8.192814435875082,1.0486550745432883,-0.36092297836249937,-0.24314832934553898,-0.11777464901696039,7.348004668275287
CN(C)[C@@H]1CCCC[C@H]1N,0.5069653164066316,-7.0170952436665335,0.0014548687746811487,-7.42711406368557,7.428568932460249,7.018550112441217,-0.34468342997218165,-0.0182316885888734,-0.32645174138330824,7.42711406368557
CN(C)c1ccccc1-c1ccccc1P(C1CCCCC1)C1CCCCC1,0.8420232294445448,-0.6992028110568329,0.5687200442044068,-6.370771121435032,6.939491165639438,1.2679228552612394,-0.3362159340986731,-0.23434643607313774,-0.10186949802553538,6.370771121435032
CN[C@H]1CCCC[C@@H]1NC,0.779398739260698,-7.808915384769479,0.0019248604190890493,-7.326149296928561,7.328074157347649,7.810840245188571,-0.34367889410396624,0.011034018894479258,-0.3547129129984455,7.326149296928561
COC(=O)[C@@H]1CCCN1C,1.1130237861682057,-2.2449999640805016,0.4113265428993332,-8.071440142481016,8.48276668538035,2.6563265069798345,-0.3529295682865321,-0.24195517614574694,-0.11097439214078517,8.071440142481016
C1CN2CCN1CC2,1.8311144270798532e-05,-7.44344255233953,2.6085327557501568e-05,-7.387809607375305,7.387835692702863,7.443468637667088,-0.3390837612152065,-0.013678712711860774,-0.32540504850334573,7.387809607375305
[Zn],0.0,-10.95674644233048,0.007145005654674696,-12.104876848937991,12.112021854592667,10.963891447985153,-0.2637607011481395,-0.036451470521527175,-0.22730923062661232,12.104876848937991
c1ccc2c(c1)ccc1ccccc12,2.8546888529384238e-05,0.025039989803013363,0.961427951714533,-7.615973249575573,8.577401201290105,0.9363879619115196,-0.3710720512846946,-0.2653262941515917,-0.10574575713310291,7.615973249575573
CC(C)c1cccc(C(C)C)c1N1C=[N+](c2c(C(C)C)cccc2C(C)C)CC1,0.8864635188999711,-0.8564274638296356,0.17626892590445012,-3.268112828284176,3.4443817541886257,1.0326963897340855,-0.3635742084964439,-0.21673534971105052,-0.14683885878539338,3.268112828284176
c1ccc(-c2ccccn2)nc1,1.2790996760009696,0.11894188067118794,1.0077523038832235,-7.6977260658248685,8.705478369708095,0.8888104232120355,-0.3606617272909852,-0.27495957221352907,-0.08570215507745615,7.6977260658248685
CC(=O)O,0.7654858269101461,-2.5940797418249706,0.6451050584308567,-10.956699556797565,11.601804615228419,3.2391848002558272,-0.4289648546854224,-0.24382253162279321,-0.18514232306262918,10.956699556797565
Cc1ccccc1-c1ccccc1P(C(C)(C)C)C(C)(C)C,0.6479420927142205,-0.6628304395085758,0.5980825219150796,-6.528786883318723,7.126869405233802,1.2609129614236556,-0.32769861968739944,-0.23678610581781415,-0.09091251386958529,6.528786883318723
CN[C@H]1CCCC[C@H]1NC,0.8034589757954838,-7.741035792940913,0.0009041756681726719,-7.4099867221841755,7.410890897852348,7.741939968609086,-0.3448015424267522,0.010197765631509214,-0.3549993080582614,7.4099867221841755
[H][H],3.3306690738754696e-16,-16.843709525571086,0.033779805709816146,-13.95858157844518,13.992361384154998,16.877489331280902,-0.4752942519192447,0.22938677034196842,-0.7046810222612131,13.95858157844518
[Pt+4],0.0,-1.3209416433142525,0.8448001869936304,-10.110678931372801,10.95547911836643,2.1657418303078826,-0.4038581387582184,-0.34632993881092294,-0.057528199947295466,10.110678931372801
O=P([O-])(O)O,0.8884994956359884,4.853617053347364,4.945947754550679,-12.22710067900422,17.173048433554897,0.0923307012033154,-0.49926939291188843,-0.49624640873371073,-0.003022984178177701,12.22710067900422
CCCC[NH+](CCCC)CCCC,0.35792227396728277,-6.186122886080057,1.0036149406081458,0.544260432273469,0.45935450833467695,7.189737826688204,-0.41395034703580014,-0.05346905380293397,-0.36048129323286615,-0.544260432273469
CN(C)[C@H]1CCCC[C@@H]1N,0.8909343573185421,-7.403999347188604,1.3361754695066579e-05,-7.4438383396380665,7.443851701392763,7.4040127089433,-0.3480575412064518,-0.006736716219120208,-0.34132082498733163,7.4438383396380665
CCC[N+](CCC)(CCC)CCC,0.09408840747882377,-5.031247760783615,0.513427880629907,-0.3359847675994363,0.8494126482293433,5.544675641413523,-0.4068858736866916,-0.0919086065569994,-0.3149772671296922,0.3359847675994363
O=C([O-])C(=O)[O-],6.628024496039587e-06,4.926867438845932,4.958132073058766,-13.330787217096464,18.28891929015523,0.03126463421283466,-0.5358299080197293,-0.4926781023253359,-0.04315180569439342,13.330787217096464
c1ccc(-c2c3c(nc4cc5nc6c(c(-c7ccccc7)c5cc24)C(c2ccccc2)c2ccccc2-6)-c2ccccc2C3c2ccccc2)cc1,1.6773764361033348,1.554329119171939,1.6498995372336647,-6.63363467297347,8.283534210207133,0.09557041806172552,-0.35756979595810406,-0.29700097160556327,-0.060568824352540795,6.63363467297347
c1ccc(-c2ccc(-c3ccc4c(c3)Oc3cc(-c5ccc(-c6ccccc6)cc5)ccc3N4c3cccc4ccccc34)cc2)cc1,1.02402897365053,0.9906634365069946,1.2274745364836168,-6.075823108461391,7.3032976449450056,0.23681109997662225,-0.3366370424119058,-0.2771953606927479,-0.05944168171915787,6.075823108461391
O=P([O-])([O-])O,0.8250753467052935,5.676790006354452,5.953094056081071,-13.005496166364633,18.9585902224457,0.2763040497266189,-0.5222767673514291,-0.5213569148576113,-0.0009198524938178743,13.005496166364633
CC(C)(C)C(=O)CC(=O)C(C)(C)C,1.2500436035572176,-0.45724818486545615,0.8852851009942401,-8.35916781381665,9.244452914810891,1.3425332858596963,-0.3937514815627728,-0.2715009821684319,-0.1222504993943409,8.35916781381665
CC(C)(C)c1cc(C(C)(C)C)nc(C(C)(C)C)n1,0.7202830981883407,-0.970059620970777,0.6160542849488118,-7.388276797505851,8.00433108245466,1.5861139059195883,-0.3477927175208565,-0.2488164121095692,-0.0989763054112873,7.388276797505851
NCCN,1.0105435140666676,-8.504249440348929,4.167296589624286e-05,-8.42911417648366,8.429155849449558,8.504291113314826,-0.3562929857436229,0.023021628904257765,-0.37931461464788063,8.42911417648366
NC1CCCCC1N,0.9472994322668754,-8.045174989461763,6.862865375020285e-05,-7.951459356626838,7.951527985280588,8.045243618115512,-0.3547484440696884,0.019028809194793335,-0.37377725326448175,7.951459356626838
CN(C)[C@@H]1CCCC[C@H]1N(C)C,0.3232173835096114,-6.611418390215065,0.0012308311845547345,-6.97720855741394,6.978439388598495,6.612649221399621,-0.33950452380959534,-0.028314720344810793,-0.31118980346478453,6.97720855741394
C[Si](C)(C)Cl,1.072068648952377,-3.4160974435796154,0.2944177322730197,-8.774565356289354,9.068983088562375,3.7105151758526347,-0.40391889684985016,-0.1558490380611601,-0.24806985878869006,8.774565356289354
C[Si](C)(C)N[Si](C)(C)C,0.33717127995615576,-3.8337826129103623,0.15257861160305913,-7.56367000697945,7.716248618582509,3.986361224513421,-0.36739258822902127,-0.12390904190629616,-0.24348354632272512,7.56367000697945
O=C(O)c1ccccn1,0.9824934958161833,0.2666223495775686,1.2189975911368889,-8.919250844596284,10.138248435733175,0.9523752415593202,-0.3857841732300936,-0.29678819485159597,-0.08899597837849765,8.919250844596284
[SiH3]C(Cl)(Cl)Cl,0.5114841093117745,-0.6483232446864742,0.9356529261251855,-9.260517172142272,10.196170098267459,1.5839761708116598,-0.4207358398069093,-0.24634633697007352,-0.1743895028368358,9.260517172142272
O=S(=O)([O-])[O-],0.0001728989992718018,5.901668416266434,6.184820167361362,-13.544231238219911,19.729051405581277,0.283151751094927,-0.5365514510444903,-0.5365514270614113,-2.3983078967226845e-08,13.544231238219911
CN1CCCC1=O,1.7093917831983472,-3.031198056374837,0.34272620712529295,-8.703418527248509,9.046144734373803,3.37392426350013,-0.3821419256737864,-0.20861739837400461,-0.1735245272997818,8.703418527248509
O=S([O-])O,0.7964926839049203,3.2146096086372413,3.229228332984913,-10.571392430909146,13.800620763894056,0.014618724347671358,-0.46854471967459643,-0.4327446901711498,-0.03580002950344663,10.571392430909146
CC(C)c1cc(C(C)C)c(-c2ccc(P(C3CCCCC3)C3CCCCC3)cc2)c(C(C)C)c1,0.7129578033158777,-0.6078774393414745,0.6247529197478744,-6.617078664920886,7.24183158466876,1.2326303590893486,-0.34459796039751545,-0.2323884073886823,-0.11220955300883315,6.617078664920886
COc1cccc(OC)c1-c1ccccc1P(C1CCCCC1)C1CCCCC1,0.8958135105114837,-0.7666308516837592,0.5580622512100536,-6.438091894566066,6.99615414577612,1.324693102893813,-0.3331743997106057,-0.22733752304952348,-0.10583687666108221,6.438091894566066
O=C(CC(=O)c1ccccn1)c1ccccn1,1.9943359820560556,1.1469175928713158,1.5031363018337989,-7.792592657873531,9.295728959707331,0.35621870896248353,-0.38017889977674185,-0.30026200488579935,-0.0799168948909425,7.792592657873531
O/N=C/c1ccccc1O,0.4449336053512036,-0.1968585384360937,0.9820607235167941,-8.429090843942548,9.411151567459342,1.1789192619528877,-0.3892619043731465,-0.276144482031883,-0.11311742234126348,8.429090843942548
Oc1ccccc1,0.6004404361795139,-1.9222332704170677,0.5457845706326704,-8.747795157387312,9.293579728019983,2.4680178410497384,-0.38300424217171825,-0.22686082622704418,-0.15614341594467407,8.747795157387312
CC(C)(C)P(Br)(Br)(C(C)(C)C)C(C)(C)C,2.385187100852677,-3.1920064911658295,0.028260469706688197,-4.5117381024105665,4.539998572117255,3.220266960872518,-0.25729636115025784,-0.14071986956806673,-0.1165764915821911,4.5117381024105665
[Pd+],0.0,-1.048942696544568,0.8419364730818029,-9.463668103946633,10.305604577028436,1.8908791696263711,-0.41219230295388476,-0.32952620580863856,-0.0826660971452462,9.463668103946633
CNCC(=O)O,1.1523261317036715,-2.1572181265961867,0.5136131561719063,-8.896581140600015,9.410194296771923,2.670831282768093,-0.3715493133257744,-0.25403143614044377,-0.11751787718533063,8.896581140600015
CC(C)(C)P(c1ccnn1-c1c(-c2ccccc2)nn(-c2ccccc2)c1-c1ccccc1)C(C)(C)C,1.4636968819722547,0.36557850405488246,0.9487695414753323,-6.404902540559643,7.353672082034974,0.5831910374204498,-0.3339477617128504,-0.2582938608352361,-0.07565390087761431,6.404902540559643
CCN(C)C,0.3826531725324085,-8.660995689418947,0.001637423724841961,-8.191152252897414,8.192789676622255,8.66263311314379,-0.34675190087011964,0.024284472252817043,-0.3710363731229367,8.191152252897414
COc1ccnc2c1ccc1c(OC)ccnc12,1.2814398759622039,0.25578080600687514,1.0074314029446072,-7.254718088585891,8.2621494915305,0.7516505969377322,-0.3528898392120992,-0.27059362403742887,-0.08229621517467034,7.254718088585891
CO,0.7817822973136908,-10.354981356514623,0.00045586995661331555,-10.63163519038934,10.632091060345953,10.355437226471238,-0.4156156854359409,0.053274721319721996,-0.4688904067556629,10.63163519038934
CN(C)C(=N)N(C)C,1.1684108553436836,-3.443198364248799,0.18462190874850062,-7.45527755201115,7.63989946075965,3.6278202729973006,-0.34127899597196565,-0.1850177789733142,-0.15626121699865145,7.45527755201115
CC(C)O,0.7220787882069989,-9.168064233995599,0.0010705710393697648,-9.568653675360167,9.569724246399538,9.169134805034966,-0.40583882800833093,0.037873852005315525,-0.44371268001364644,9.568653675360167
CC(C)c1cc(C(C)C)c(-c2ccccc2P(c2ccccc2)c2ccccc2)c(C(C)C)c1,0.3982173906064856,-0.037998175001375145,0.8183168375923325,-6.659666918485984,7.477983756078319,0.8563150125937077,-0.35031039375668016,-0.24449392589763075,-0.10581646785904941,6.659666918485984
CCCCCCCCCCCCc1ccccc1,0.21740191092068364,-1.8920710501918871,0.4294601673199934,-7.603917598508577,8.03337776582857,2.3215312175118803,-0.3877265214957733,-0.21921904599109282,-0.16850747550468048,7.603917598508577
CN1CCOCC1,0.666454926317378,-7.594971810421578,0.0007822293154265143,-7.9064283841178415,7.907210613433269,7.595754039737005,-0.3524666160408948,-0.006123821320112947,-0.34634279472078183,7.9064283841178415
O=C(O)C(F)(F)F,1.2229599161175635,-0.1520224677707489,1.495488681836064,-12.412619439977455,13.908108121813518,1.6475111496068129,-0.4965558770160226,-0.3335783788018911,-0.1629774982141315,12.412619439977455
CCOC(=O)C1CCCCC1=O,1.685744209189948,-0.8653466992093461,0.7884760049786808,-8.586962651794455,9.375438656773134,1.6538227041880265,-0.39833425846617615,-0.2646594611343877,-0.13367479733178844,8.586962651794455
C1CCC(P(C2CCCCC2)C2CCCCC2)CC1,0.6564688317917751,-3.519865550103192,0.1385949749389492,-6.922527022409991,7.0611219973489385,3.6584605250421407,-0.3414342639639619,-0.1342291884743944,-0.20720507548956751,6.922527022409991
CC(C)[Mg]Cl,2.069963151164746,0.17435741782290126,1.0168051733281729,-7.594982098124133,8.611787271452306,0.8424477555052717,-0.3601763347690498,-0.287447162923495,-0.07272917184555483,7.594982098124133
CN(C)CCN(C)C,0.6502210935103182,-7.270648570190285,5.650121984895252e-06,-7.245033672124814,7.2450393222468,7.270654220312269,-0.3427972545118178,-0.011191518473744487,-0.3316057360380733,7.245033672124814
CCCCCCCCCCCC,0.009838253734838967,-8.560309528077962,0.0014897730734971279,-8.114514031072991,8.116003804146489,8.56179930115146,-0.4081254297186915,0.05406435001589212,-0.4621897797345836,8.114514031072991
CO[Si](C)(C)C,0.537069589412977,-4.41624256592347,0.15745258027493422,-8.440495644613634,8.597948224888567,4.573695146198405,-0.3875458127811144,-0.12520115654663375,-0.26234465623448067,8.440495644613634
O=C1O[C@H]([C@@H](O)CO)C([O-])=C1O,1.2011497779841274,3.674011447748544,3.7264746465650833,-9.463259284982229,13.189733931547313,0.05246319881653908,-0.43903974612514046,-0.4320878658179305,-0.0069518803072099455,9.463259284982229
OCCNc1ccnc2c1ccc1c(NCCO)ccnc12,2.5801642577892534,0.11283433226058648,0.8881584613325151,-6.759102296511795,7.64726075784431,0.7753241290719285,-0.3419976808393174,-0.26308892450703175,-0.07890875633228567,6.759102296511795
Cc1c(C)c(C)c(P(C(C)(C)C)C(C)(C)C)c(-c2c(C(C)C)cc(C(C)C)cc2C(C)C)c1C,0.8211562674084836,-0.7220831685713467,0.4872124067295136,-5.74126517538493,6.228477582114441,1.2092955753008603,-0.3011799908872008,-0.22634296583836253,-0.0748370250488383,5.74126517538493
CC(C)c1cc(C(C)C)c(-c2ccccc2P(C2CCCCC2)C2CCCCC2)c(C(C)C)c1,0.5258765320375459,-0.721436020080497,0.5379724409544178,-6.165807021971606,6.703779462926024,1.259408461034915,-0.3207073268560524,-0.2301753535939538,-0.09053197326209861,6.165807021971606
O=S(=O)([O-])C(F)(F)F,0.6246806283494447,5.93998084698941,6.425863788108342,-12.695555124699776,19.121418912808107,0.4858829411189311,-0.5250752127805733,-0.5245557762338134,-0.0005194365467598994,12.695555124699776
CN(C)C1CCCCC1,0.3499889705678254,-7.579596439286583,2.5502517435047772e-05,-7.635311317035942,7.635336819553378,7.579621941804018,-0.3428046178671834,-0.002368892050707539,-0.34043572581647585,7.635311317035942
CC(C)[C@H](N)C(=O)O,0.6432182239890728,-2.2166040485169343,0.49941540177239313,-8.872886816401412,9.372302218173806,2.7160194502893273,-0.37984375681810656,-0.25016507889026246,-0.1296786779278441,8.872886816401412
Cn1ccnc1,1.7056341006196354,-2.991120641423999,0.3666621285858668,-8.896096368185704,9.262758496771571,3.357782770009866,-0.3707991243399256,-0.19914121065426857,-0.17165791368565705,8.896096368185704
COc1cc(Cl)c(OC)c(P(C2CCCCC2)C2CCCCC2)c1-c1c(C(C)C)cc(C(C)C)cc1C(C)C,0.7848427336691406,-0.3323297727106942,0.679831463413042,-6.369725075579266,7.049556538992307,1.0121612361237362,-0.3353425990440878,-0.24545857184389672,-0.08988402720019109,6.369725075579266
NCCc1ccccc1[Pd+],0.6821885189367388,1.2064658692223666,1.3873324406599312,-6.346548746826278,7.733881187486206,0.18086657143756454,-0.34690732093593846,-0.3204470407566552,-0.026460280179283258,6.346548746826278
CC=CCP(C(C)(C)C)C(C)(C)C,0.6601561364014441,-2.533532053977104,0.2582681509269748,-6.963151319641822,7.221419470568796,2.791800204904079,-0.3396487833460606,-0.19494565030639352,-0.14470313303966706,6.963151319641822
Cc1c(C)c(C)c(P(=O)(C(C)(C)C)C(C)(C)C)c(-c2c(C(C)C)cc(C(C)C)cc2C(C)C)c1C,1.7824203615939105,-0.5256634237500615,0.6652780182611792,-6.747240999857768,7.412519018118948,1.1909414420112403,-0.3580656441105831,-0.2377694581771656,-0.12029618593341751,6.747240999857768
CC(=O)O[BH-](OC(C)=O)OC(C)=O,1.0544717143624163,3.789204806272414,3.9603652109113794,-8.75897144713758,12.719336658048961,0.1711604046389652,-0.41526175885880257,-0.41044611292136723,-0.004815645937435331,8.75897144713758
CS(=O)(=O)O,1.541960288948686,-4.0532771773025384,0.3759441632240487,-10.718665842891461,11.094610006115511,4.429221340526587,-0.4453296798341315,-0.1533519505767331,-0.2919777292573984,10.718665842891461
Cc1ccc(S(=O)(=O)O)cc1,2.1942325234542106,-0.6054005235645707,0.9307611304748936,-9.111414094422676,10.042175224897568,1.5361616540394645,-0.4202554152591699,-0.26135739576524697,-0.1588980194939229,9.111414094422676
C[N+](C)(C)C,4.1209264084084705e-06,-6.644524177782719,0.9476491232319862,0.29406671483303715,0.653582408398949,7.592173301014705,-0.44543083574158654,-0.051580478809479385,-0.3938503569321071,-0.29406671483303715
N#Cc1ccccc1NC(=O)c1ccccn1,0.7426531043106289,0.9521444627615177,1.4347876986623602,-8.115647082015515,9.550434780677877,0.48264323590084235,-0.3934849664626316,-0.2954043747995122,-0.09808059166311939,8.115647082015515
CCN(CC)CCN,0.9980171354101016,-7.501152197802383,0.0003223467103051488,-7.699137314820401,7.699459661530706,7.5014745445126865,-0.3506828107545405,-0.00716895071753688,-0.3435138600370036,7.699137314820401
CC(C)NC(C)C,0.3840274972280939,-8.283687074510858,0.0006012919690178522,-8.00377961953652,8.004380911505535,8.28428836647988,-0.3429949898858617,0.021778085412068878,-0.36477307529793057,8.00377961953652
CC(C)OB(OC(C)C)OC(C)C,0.8693142016426112,-2.377575631259151,0.4054678824490492,-8.248559558282468,8.654027440731518,2.7830435137082006,-0.39497996436053867,-0.22574503143501196,-0.16923493292552672,8.248559558282468
CC(=O)N[C@@H](C=O)[C@@H](O)[C@H](O)[C@H](O)CO,2.3040298900951557,-0.44053355443375875,0.9149485044528382,-8.554891582499662,9.4698400869525,1.355482058886597,-0.4087374891834184,-0.2977324023033257,-0.1110050868800927,8.554891582499662
OC[C@H]1O[C@@H](NCCN[C@@H]2O[C@H](CO)[C@@H](O)[C@H](O)[C@H]2O)[C@H](O)[C@@H](O)[C@@H]1O,2.49338513823606,-4.733339380065561,0.09355937686939159,-7.795629386764004,7.8891887636333955,4.826898756934954,-0.3854192813215263,-0.07165488264047891,-0.3137643986810474,7.795629386764004
O=C(O)[C@H]1NCC[C@@H]1O,1.1507125859476304,-1.9962822382647145,0.5394063431739439,-8.831969611647102,9.371375954821046,2.535688581438659,-0.3724533002667018,-0.25632067321160185,-0.11613262705509997,8.831969611647102
O=C(NCc1ccco1)C(=O)NCc1ccco1,0.25729878340292195,0.0007958136760244372,0.9591082447470781,-7.670478186650959,8.629586431398035,0.9583124310710537,-0.38414658026476944,-0.2732635781620715,-0.11088300210269797,7.670478186650959
CS(=O)[O-],1.8435803906022579,2.636499425511606,2.6776754745884532,-9.402395812705182,12.080071287293638,0.04117604907684673,-0.4450409491388613,-0.4003186556412639,-0.044722293497597376,9.402395812705182
CC(C)c1cccc(C(C)C)c1N1C=CN(c2c(C(C)C)cccc2C(C)C)C1=C1CC=NC([Pd+])=C1Cl,2.4026357411241204,1.149819015141908,1.2628400994409965,-5.412713416959347,6.675553516400342,0.11302108429908841,-0.31038354153092956,-0.30362443831681574,-0.006759103214113826,5.412713416959347
CCC(C)(C)[O-],1.3428351310523587,1.7176889134233102,1.9573809727011138,-8.85167052321354,10.809051495914654,0.23969205927780318,-0.387841018819023,-0.3867065020055567,-0.0011345168134663242,8.85167052321354
O=C(NN(c1ccccc1)c1ccccc1)c1ccc[nH]1,1.2426002971853771,-0.11897734987072983,0.8368903844161524,-7.044150416135604,7.881040800551756,0.9558677342868822,-0.3557224471960115,-0.2536956762113257,-0.10202677098468577,7.044150416135604
O=S(=O)(O)O,1.386064027892724,-3.5161963688984335,0.5789921011125312,-11.991491719310705,12.57048382042324,4.095188470010964,-0.4733880142586649,-0.18000925961182618,-0.2933787546468387,11.991491719310705
Cc1cc(C)c(-c2c3cc(F)c([O-])cc3[n+](-c3ccccc3)c3cc(N(C)C)c(F)cc23)c(C)c1,4.379070936569533,1.6409222952394567,1.7316375488902571,-6.870990644825573,8.602628193715828,0.09071525365079997,-0.35574605685320315,-0.31111496769126024,-0.044631089161942916,6.870990644825573
F[P-](F)(F)(F)(F)F,0.729897849339929,0.23581215321527793,1.1683677813965447,-8.61295383683642,9.781321618232965,0.9325556281812669,-0.3588347206811658,-0.33734393388970346,-0.021490786791462324,8.61295383683642
c1ccc(P(c2ccccc2)c2ccccc2Oc2ccccc2P(c2ccccc2)c2ccccc2)cc1,0.8625322047470627,0.37396637959156553,0.9420851936751209,-6.3207136044184224,7.262798798093543,0.5681188140835552,-0.3476686997280375,-0.25007431902305166,-0.09759438070498583,6.3207136044184224
N[C@@H]1CCCC[C@@H]1N,0.9844192791085242,-7.754559342917566,0.000721084232856348,-8.056568013527082,8.057289097759938,7.755280427150422,-0.36254209028577156,0.0046727618656925264,-0.3672148521514641,8.056568013527082
Nc1ccccc1-c1ccccc1[Pd+2],0.6129882891649522,1.3588035825557396,1.4902493807780304,-6.372558962382753,7.86280834316078,0.13144579822229083,-0.35301986903800636,-0.32283793915497633,-0.030181929883030034,6.372558962382753
COc1ccc(OC)c(P(C2CCCCC2)C2CCCCC2)c1-c1c(C(C)C)cc(C(C)C)cc1C(C)C,1.4546868103836557,-0.7227050875142886,0.5494090699322315,-6.264377386404053,6.813786456336285,1.2721141574465202,-0.33032736427696835,-0.23226610636478617,-0.09806125791218218,6.264377386404053
CN(C)[C@H]1CCCC[C@H]1N,0.9407711893210023,-7.286648182698528,0.000354794488311888,-7.491454223260675,7.491809017748987,7.28700297718684,-0.3493994255393823,-0.01252214212900933,-0.336877283410373,7.491454223260675
COc1cc(OC)c(NC(=O)C(=O)Nc2c(OC)cc(OC)cc2OC)c(OC)c1,1.1104564849971421,-0.027305343881598,0.803754701062711,-6.511497543324262,7.315252244386974,0.831060044944309,-0.3547570591824529,-0.2558873776817255,-0.09886968150072745,6.511497543324262
CN(C)C,0.4153661689071496,-9.110005805018677,0.004268131084445466,-8.338145724895643,8.342413855980089,9.114273936103123,-0.34849444685539555,0.03440160209480427,-0.3828960489501998,8.338145724895643
N[C@@H]1C[C@H]1N,0.5906000752293428,-6.993154883406929,0.011540849443042366,-8.176614294341144,8.188155143784188,7.004695732849969,-0.3591775327683158,-0.049115005456305934,-0.3100625273120099,8.176614294341144
Cn1cc(B2OC(C)(C)C(C)(C)O2)cn1,1.1583521470975149,-1.286541564790002,0.6031134432743217,-7.969220322150747,8.572333765425068,1.8896550080643233,-0.3847996229836853,-0.23750662517271257,-0.14729299781097274,7.969220322150747
CS(=O)(=O)[O-],2.0245692326914724,4.2907602399194325,4.341843533143522,-11.192806402121988,15.53464993526551,0.05108329322408929,-0.4677577506509496,-0.4628874883593774,-0.004870262291572225,11.192806402121988
C=CC(c1ccccc1)[Pd-2](Cl)=C1N(c2cccc(C(C)C)c2C(C)C)CCN1c1cccc(C(C)C)c1C(C)C,2.9655131029885236,0.5999915898617925,0.8653241486428525,-4.7779632237333445,5.643287372376197,0.26533255878106,-0.2777739327517223,-0.2719224585628397,-0.005851474188882599,4.7779632237333445
N#CC1=C(C#N)C(=O)C(Cl)=C(Cl)C1=O,1.7469837196503624,3.852434017519963,3.916686934930473,-9.807690440555223,13.724377375485696,0.06425291741051029,-0.4524303573924678,-0.4111285337634715,-0.04130182362899626,9.807690440555223
CC(C)(C)[P+](C(C)(C)C)(C(C)(C)C)C(C)(C)C,2.078131566188377e-05,-3.047940556358256,0.08986633341167828,-1.2833222753135844,1.3731886087252627,3.1378068897699336,-0.39879254603228315,-0.14347855121642186,-0.25531399481586126,1.2833222753135844
c1ccc(-c2nc3ccccc3[nH]2)nc1,2.0086687674917125,0.37512130089339113,1.1077837882064525,-7.659637862669225,8.767421650875677,0.7326624873130618,-0.369202492263608,-0.2771614727680727,-0.09204101949553534,7.659637862669225
CNc1ccccc1NC,0.7654039913180605,-2.316226260278589,0.29530759703136533,-7.010189574131834,7.3054971711632,2.6115338573099547,-0.33643239305606687,-0.20016212221997096,-0.1362702708360959,7.010189574131834
[Na],0.0,-2.3554420503643088,0.12035674573464097,-5.020367459928224,5.140724205662866,2.47579879609895,-0.048976522053220506,-0.16709674982163397,0.11812022776841347,5.020367459928224
O=C[C@H](O)[C@@H](O)[C@@H](O)[C@H](O)C(=O)O,1.045362866904158,-0.10502949415706553,1.1051838294581098,-9.15179238727134,10.256976216729448,1.2102133236151753,-0.42291134979166795,-0.2985687975778999,-0.12434255221376805,9.15179238727134
CC(C)[N-]C(C)C,0.7896519460908207,0.42419479573813135,1.1645211265572257,-7.947918580137165,9.112439706694392,0.7403263308190944,-0.3605734686120166,-0.34699215445910087,-0.013581314152915747,7.947918580137165
II,8.855172121276422e-14,0.21530522802762242,1.3987735336714469,-10.52628930032153,11.925062833992977,1.1834683056438247,-0.42494022330777415,-0.32376250945344426,-0.10117771385432989,10.52628930032153
Cc1cc(NC(=O)C(=O)Nc2c(C)cc(O)cc2C)cc(C)c1O,0.5216122416447111,0.3385005586389358,0.9989351342189052,-6.906193782524539,7.905128916743446,0.6604345755799695,-0.36696720513472064,-0.27591956187636857,-0.09104764325835207,6.906193782524539
Cc1cc(O)cc(C)c1NC(=O)C(=O)Oc1c(C)cc(O)cc1C,1.0071605551449707,0.46675562182416375,1.0932136075999093,-7.216331174170795,8.309544781770704,0.6264579857757454,-0.37228660006949865,-0.2920368182134432,-0.08024978185605547,7.216331174170795
COC(=O)[C@]1(C)CCCN1,0.9511373614178833,-2.199982976473067,0.4259773486863129,-8.13444716616773,8.560424514854041,2.6259603251593795,-0.3552746469251164,-0.24138943494300594,-0.11388521198211046,8.13444716616773
C[C@@H]1CCCC[C@H]1C,0.005972315988720204,-9.148971818300565,0.0028762636043492278,-8.511500724613686,8.514376988218034,9.151848081904916,-0.4025979725883395,0.06362009829308674,-0.46621807088142625,8.511500724613686
[K],0.0,-1.8603465902043843,0.16886014781975178,-4.8772470670747445,5.046107214894495,2.029206738024136,-0.03433772291572495,-0.16575223906142184,0.13141451614569688,4.8772470670747445
O=C(O)[C@H]1C[C@H](O)CN1,1.2347406288083609,-2.0889847647311055,0.489356946819821,-8.53948175303145,9.02883869985127,2.5783417115509266,-0.37058904779120316,-0.2561784059258719,-0.11441064186533129,8.53948175303145
c1ccc2ncncc2c1,1.230575336371016,0.5705004198576384,1.2684692670602922,-8.267102530096103,9.535571797156397,0.6979688472026538,-0.3684976772645288,-0.3021374488199961,-0.06636022844453271,8.267102530096103
O=C(NCc1ccccn1)C(=O)NCc1ccccn1,0.9044235903582715,0.5409849964173077,1.1439254631595428,-7.356689650030571,8.500615113190115,0.6029404667422351,-0.3752675805430042,-0.2652804912303874,-0.1099870893126168,7.356689650030571
C/C=C/C[Pd]Cl,1.771109024164063,1.128419339765525,1.4954299300982707,-7.816646115290656,9.312076045388928,0.3670105903327458,-0.36671422923555635,-0.31151999526760865,-0.0551942339679477,7.816646115290656
CC(C)CCN,0.6243015622314912,-8.855038767516595,0.0010058136153547003,-8.48154317014906,8.482548983764413,8.856044581131949,-0.3638021920695562,0.041405502884774736,-0.40520769495433095,8.48154317014906
CC(C)CN1CCN2CCN(CC(C)C)P1N(CC(C)C)CC2,0.11231303452557519,-3.7000745989770003,0.06160882765751995,-5.872138766614267,5.933747594271787,3.7616834266345203,-0.30787122342121276,-0.13008456309938762,-0.17778666032182514,5.872138766614267
CN(C)c1ccc(P(C(C)(C)C)C(C)(C)C)cc1,1.2760206466070347,-1.4772709284144216,0.36988903371833287,-6.263170574821851,6.633059608540184,1.8471599621327544,-0.3241182043652579,-0.21529887330627134,-0.10881933105898656,6.263170574821851
[O-]c1ccccc1,1.7850467256662645,2.427473788933356,2.4804714819545097,-8.94470461227535,11.425176094229858,0.05299769302115369,-0.3987940558775738,-0.3872460624150941,-0.0115479934624797,8.94470461227535
CNC1CCCCC1NC,0.7170890459749116,-7.548724767569571,3.9262769634785066e-05,-7.480018431203046,7.480057693972681,7.548764030339205,-0.3442348011864866,0.00336512345006674,-0.3475999246365533,7.480018431203046
O=S(=O)([O-])CCCC[N+]12CN3CN(CP(C3)C1)C2,7.337048550982019,-1.849719215899357,0.36031250211440413,-6.8603995611356225,7.2207120632500255,2.210031718013761,-0.32693037861321306,-0.19833929059770633,-0.12859108801550673,6.8603995611356225
CC(C)c1cccc(C(C)C)c1-n1ccn(-c2c(C(C)C)cccc2C(C)C)c1=[Pd-]c1ncccc1Cl,2.4430208827509903,0.9793376816028898,1.149260990159272,-5.385354342841687,6.53461533300096,0.1699233085563824,-0.3233009025066379,-0.293880779576448,-0.029420122930189918,5.385354342841687
CC(C)N(C(C)C)P(OC(C)(C)C)N(C(C)C)C(C)C,0.15274168655555,-4.002504302383835,0.06706695779227739,-6.3604946565263525,6.4275616143186305,4.069571260176112,-0.3214255640862883,-0.1185289253121042,-0.20289663877418412,6.3604946565263525
OCC(c1ccccc1)n1cc(-c2ccccc2)nn1,1.2117688444348356,-0.12611166823981357,0.9306553823079412,-7.8155675896547585,8.7462229719627,1.0567670505477547,-0.38223284647168915,-0.2483915007064219,-0.13384134576526724,7.8155675896547585
NCCC(=O)O,1.1934966070855482,-2.5379777529119574,0.4435375315818167,-8.911978189252064,9.355515720833882,2.9815152844937747,-0.37337205193952827,-0.24141698157667346,-0.1319550703628548,8.911978189252064
Cc1cc2nc(P(C(C)(C)C)C(C)(C)C)n(C(=O)N(C(C)C)C(C)C)c2cc1C,1.81783627502701,-0.16134792745988502,0.7728519201297063,-6.6515745698994415,7.424426490029148,0.9341998475895913,-0.3377608804236508,-0.2512960903594643,-0.0864647900641865,6.6515745698994415
O=[N+]([O-])[O-],0.0003176588494902928,5.209619997149391,5.253247776626928,-13.888429708523137,19.14167748515007,0.043627779477536315,-0.5520478225813691,-0.5296928912814488,-0.022354931299920278,13.888429708523137
O=C(O[Pd]OC(=O)C(F)(F)F)C(F)(F)F,2.425626153281481,3.348786953845604,3.350950348364394,-9.714440157168026,13.065390505532418,0.002163394518789705,-0.42856299278758153,-0.40728904174583963,-0.0212739510417419,9.714440157168026
CC(C)c1cccc(C(C)C)c1N=CC=Nc1c(C(C)C)cccc1C(C)C,0.22981194074839068,0.6469720905817349,1.1606952807478743,-7.084565629972168,8.245260910720043,0.5137231901661393,-0.3703355590677746,-0.3022234490883888,-0.06811210997938583,7.084565629972168
CC(C)Oc1ccc2ccccc2c1-c1c(P(C(C)(C)C)C(C)(C)C)ccc2ccccc12,0.4773902290830354,0.48218666256975684,0.9702788469776997,-6.151630734367563,7.121909581345262,0.48809218440794283,-0.322515321992862,-0.26486461437407954,-0.05765070761878244,6.151630734367563
Cc1c(C)[n+](-c2c(C(C)C)cccc2C(C)C)c(CP(C2CCCCC2)C2CCCCC2)n1-c1c(C(C)C)cccc1C(C)C,0.6341924461079181,-0.8129412355786894,0.14221448888953736,-2.856041956302276,2.9982564451918132,0.9551557244682267,-0.34205199327859676,-0.2133713207030804,-0.12868067257551635,2.856041956302276
CC[Mg]Br,2.501308950696613,-0.030246696472556955,0.997027195631591,-8.066505689235987,9.063532884867575,1.027273892104148,-0.3693190546021637,-0.28326626487853485,-0.08605278972362884,8.066505689235987
c1ncc2c3c1CCCN3CCC2,1.9420088967917342,-1.8337052823952846,0.4021927710389665,-7.235653470502617,7.637846241541584,2.2358980534342514,-0.3482132785109207,-0.21502348015835338,-0.13318979835256733,7.235653470502617
CCCC[Mg]Br,2.544317982241987,-0.28486539096990526,0.8608200039623668,-7.700507739145515,8.561327743107881,1.145685394932272,-0.3614044833583354,-0.26938200042882643,-0.09202248292950899,7.700507739145515
CCCC[N+](CCCC)(CCCC)Cc1ccccc1,4.167714395116046,-2.605918677105115,0.005284800458549406,-2.157169563092336,2.1624543635508857,2.6112034775636643,-0.32522219319295925,-0.166421744213035,-0.15880044897992426,2.157169563092336
O=C([O-])C(F)(F)F,0.6196066263812531,5.200823519716636,5.34364251942323,-12.679354068484244,18.022996587907475,0.14281899970659365,-0.5233688504541019,-0.5095276344915586,-0.013841215962543285,12.679354068484244
Cc1ccnc(-c2cc(C)ccn2)c1,0.04669480979432277,0.0041716774343862895,0.938405669631969,-7.494721031499566,8.433126701131535,0.9342339921975829,-0.3592800304316356,-0.2671841151894214,-0.09209591524221417,7.494721031499566
[Mg+2],0.0,-7.247386104794788,0.009175810996272066,-8.316250891346114,8.325426702342384,7.25656191579106,-0.23298733189621304,-0.05358775370384903,-0.17939957819236402,8.316250891346114
NC(N)=S,2.265092581053535,-1.8098798461951056,0.5080768835317864,-8.183063294515,8.691140178046785,2.317956729726892,-0.33828925349832656,-0.23976280948240836,-0.0985264440159182,8.183063294515
CC(C)(C)O,0.7297227848419182,-8.86719849842882,0.001886623819766718,-9.392163621144864,9.394050244964633,8.869085122248585,-0.4032275727720802,0.03281876264300414,-0.43604633541508436,9.392163621144864
[NH2-],0.7470625294234023,0.3843211460365499,1.716685160834012,-12.53188166583254,14.24856682666655,1.332364014797462,-0.4278243802277879,-0.4233681775452184,-0.004456202682569521,12.53188166583254
c1ccc2[nH]nnc2c1,1.6773971979548723,-0.16213472722302757,1.04720737881373,-8.852398639559532,9.899606018373262,1.2093421060367577,-0.3870553267904385,-0.28197521226473093,-0.10508011452570759,8.852398639559532
Cn1c(-c2ccccc2P(C2CCCCC2)C2CCCCC2)nc2ccccc21,1.9421700115097866,-0.1737162917041113,0.7809785847970021,-6.751547256551259,7.532525841348261,0.9546948765011134,-0.35055442863456004,-0.24767367754686165,-0.1028807510876984,6.751547256551259
[Al+3],0.0,-2.8975882266341,0.16720861246760746,-6.4298763309890745,6.5970849434566805,3.0647968391017075,-0.342835066383362,-0.21784433203630604,-0.12499073434705593,6.4298763309890745
[Ca+2],0.0,-6.818571269038363,0.00173968461841496,-6.389820194744235,6.391559879362649,6.8203109536567785,-0.185823176244386,-0.04227289415391224,-0.14355028209047374,6.389820194744235
CN(C)C(=N)NC(=N)N,2.142720673841125,-2.100058897389229,0.38789151784008774,-7.581113205910599,7.969004723750688,2.487950415229317,-0.3524399045807151,-0.21347790675883843,-0.13896199782187668,7.581113205910599
c1ccc(C2=C([PH+](C3CCCCC3)C3CCCCC3)c3ccccc3C2)cc1,2.7180698290151937,-0.9310865913402289,0.16565293337320022,-3.2986469782070085,3.4642999115802087,1.096739524713429,-0.3401192519351378,-0.21782143270865023,-0.12229781922648758,3.2986469782070085
CC(C)c1cccc(C(C)C)c1N1CCN(c2c(C(C)C)cccc2C(C)C)C1=[Pd-]c1ncccc1Cl,1.8853186867654543,0.23282084458173724,0.6498832519713191,-4.449179444542132,5.0990626965134505,0.41706240738958184,-0.308776030618045,-0.26279189387091695,-0.045984136747128035,4.449179444542132
CC(C)(C)P(c1ccccc1-n1nc(-c2ccccc2)cc1-c1ccccc1)C(C)(C)C,1.2766821487953481,0.25149291216158964,0.8989691266239045,-6.396100821142408,7.295069947766311,0.6474762144623148,-0.33379525093868156,-0.2543305714030476,-0.07946467953563396,6.396100821142408
O=C(O)C(=O)NCc1cccc[n+]1[O-],1.1013670755825518,0.7260764765831977,1.3656148608182215,-8.474538921863358,9.84015378268158,0.639538384235024,-0.393145514048499,-0.30125016533179777,-0.09189534871670124,8.474538921863358
[In+3],0.0,-2.024384890981757,0.03152365915869709,-3.168789974551693,3.2003136337103903,2.0559085501404533,-0.4792445873680353,-0.16563445747867164,-0.31361012988936365,3.168789974551693
c1ccc(-c2c(-c3ccccc3P(C3CCCCC3)C3CCCCC3)cn(-c3ccccc3)c2-c2ccccc2)cc1,0.515530073276123,0.06117669598753661,0.804982384570751,-6.2539115829173575,7.058893967488108,0.7438056885832144,-0.3374051266135801,-0.2416190107049083,-0.09578611590867178,6.2539115829173575
[Rb+],0.0,-0.7108158293737752,0.4046353894038694,-5.016663959068033,5.421299348471902,1.1154512187776446,-0.05118952958258184,-0.15999894867534498,0.10880941909276313,5.016663959068033
[Ni],0.0,-3.4390883820003433,0.368245952684565,-9.648375323687379,10.016621276371946,3.8073343346849087,-0.36476251353854194,-0.21085799922202422,-0.15390451431651772,9.648375323687379
O=C(/C=C/c1ccccc1)/C=C/c1ccccc1,1.2340033833973565,1.1650722129601165,1.503850173815401,-7.705418800500329,9.209268974315732,0.3387779608552848,-0.38309522668945,-0.2984866327061528,-0.08460859398329723,7.705418800500329
CCC(CC)c1cccc(C(CC)CC)c1-n1ccn(-c2c(C(CC)CC)cccc2C(CC)CC)c1=[Pd-3](Cl)(Cl)c1ncccc1Cl,3.991018209882142,1.5729448778618371,1.5889023614546465,-5.419593240427863,7.008495601882509,0.01595748359280933,-0.31987772410176235,-0.30790056829275253,-0.01197715580900982,5.419593240427863
Cc1cc(C)c(N2C=[N+](c3c(C)cc(C)cc3C)CC2)c(C)c1,0.863205211813613,-0.8675078238675016,0.18258765316019557,-3.3493582223815146,3.53194587554171,1.050095477027697,-0.3551607125267133,-0.21916063844149794,-0.13600007408521533,3.3493582223815146
CC(C)Oc1cccc(OC(C)C)c1[PH+](C1CCCCC1)C1CCCCC1,2.0593684320558037,-1.6851602437801612,0.038922089643975734,-2.8770330425799395,2.9159551322239152,1.724082333424137,-0.33335312524857946,-0.19814563785389316,-0.1352074873946863,2.8770330425799395
c1cc(N2CCCC2)c2ccc3c(N4CCCC4)ccnc3c2n1,1.606619539248322,0.33390244803845537,0.950120565669118,-6.527250346397498,7.4773709120666165,0.6162181176306626,-0.3456755564459933,-0.2708030173242657,-0.07487253912172759,6.527250346397498
CO[C@H]1O[C@H](CO)[C@@H](O)[C@H](O)[C@H]1O,1.1011999994785122,-5.699760130520369,0.0750755685660927,-8.63384014327274,8.708915711838833,5.774835699086464,-0.4041625378480534,-0.06374557324832682,-0.3404169645997266,8.63384014327274
ON=C(c1ccccc1)C(O)c1ccccc1,0.9604884496217028,-0.2842843409423894,0.8896892490543105,-7.931017230814106,8.820706479868416,1.1739735899967,-0.3884325316693492,-0.25463903241055924,-0.13379349925878997,7.931017230814106
CC1(C)c2ccc(P(c3ccccc3)c3ccccc3)cc2Oc2c(P(c3ccccc3)c3ccccc3)cccc21,1.3559918647775075,0.4424114169795388,0.9690168853507232,-6.291038397118987,7.260055282469708,0.5266054683711844,-0.3523611987211185,-0.24477462861780228,-0.10758657010331621,6.291038397118987
CN1CCC[NH+](c2ccccn2)C1,3.744658328209824,-3.038364768838366,0.00025333957376548824,-3.1503593663711458,3.1506127059449125,3.038618108412131,-0.3120208912961939,-0.17730239622571686,-0.13471849507047706,3.1503593663711458
C=Cc1ccccc1,0.007738297881468558,-0.8526104930178828,0.7752979682811333,-8.447556471729936,9.222854440011067,1.627908461299016,-0.3827282250048334,-0.2509063532220005,-0.1318218717828329,8.447556471729936
CCC(C)(C)O,0.7333388059652725,-8.537800926877452,0.0017421197492487686,-9.032653106624343,9.03439522637359,8.5395430466267,-0.40162622756148847,0.024512972750184017,-0.42613920031167246,9.032653106624343
Cc1cccc(C(=O)[O-])c1O,2.7027999200807904,3.659204249466958,3.7328331248039537,-9.175104435673306,12.907937560477261,0.07362887533699558,-0.4217497781998976,-0.4192960463627551,-0.0024537318371425365,9.175104435673306
OCn1nnc2ccccc21,1.4067682658568978,0.08662883526267695,1.1279982164217897,-8.760638516929333,9.888636733351124,1.0413693811591127,-0.39384669238117054,-0.28851928081412526,-0.10532741156704528,8.760638516929333
Cc1cc(C)nc(C)c1,0.7842661285455348,-1.5136475661694355,0.5689160430530199,-8.143259552428082,8.712175595481101,2.0825636092224555,-0.3580554308177168,-0.23446813370437394,-0.12358729711334285,8.143259552428082
CC(C)c1cccc(C(C)C)c1N1C=CN(c2c(C(C)C)cccc2C(C)C)C1C1c2ccccc2C=CN1[Pd+2],1.3545922026104862,1.6789477386310354,1.6866874455383083,-5.524826620062987,7.211514065601294,0.007739706907272711,-0.31407733074206123,-0.31366334361584275,-0.00041398712621848466,5.524826620062987
CCCCCCCCCCCCCCCCn1ccc(=O)[nH]c1=O,2.176178255037441,-0.6494910911034628,0.7518172457502238,-7.762420117040531,8.514237362790755,1.4013083368536863,-0.406925900020499,-0.26986650295129533,-0.13705939706920367,7.762420117040531
COc1ccccc1-c1c(P(C(C)(C)C)C(C)(C)C)nnn1-c1ccccc1,1.8082441841011025,0.27270239270517305,0.9363979872380822,-6.626257835048472,7.562655822286555,0.6636955945329092,-0.3368460413936505,-0.26638201533916595,-0.07046402605448454,6.626257835048472
CC(C)(C)P(c1ccnn1-c1cccc2ccccc12)C(C)(C)C,0.8912242195069732,0.333683153260659,0.9582595282514275,-6.593882419518231,7.552141947769658,0.6245763749907685,-0.33868930803873176,-0.27056809494725154,-0.06812121309148023,6.593882419518231
CC(=O)OC(C)=O,2.145460528306336,-0.41982855933968555,1.0668686057275665,-9.724938191964013,10.791806797691576,1.486697165067252,-0.4193458673016559,-0.2866824987557381,-0.13266336854591781,9.724938191964013
CC(C)(C)OP(=O)(OC(C)(C)C)OC(C)(C)C,0.7054408867235278,-5.207012590938095,0.08606756128905042,-8.251097645771926,8.337165207060977,5.293080152227145,-0.3996888184813869,-0.0714621899392737,-0.32822662854211315,8.251097645771926
CCC,0.00299921527989234,-11.112621785221037,0.011505280463473854,-9.72763653782554,9.739141818289013,11.124127065684512,-0.4235540753727287,0.11485388890490647,-0.5384079642776352,9.72763653782554
c1ccc(P([Pd+2]P(c2ccccc2)c2ccccc2)c2ccccc2)cc1,0.764535747924461,1.0791734312229737,1.2461911483827022,-5.730468147740176,6.976659296122879,0.1670177171597284,-0.3192868613644234,-0.2844678691065302,-0.0348189922578932,5.730468147740176
O=C(NCc1cccs1)C(=O)NCc1cccs1,0.636477827042297,0.4845445330590046,1.1426846166928064,-7.555018631957463,8.697703248650269,0.6581400836338017,-0.3842681434103739,-0.2732579351933897,-0.11101020821698421,7.555018631957463
c1ccc2c(c1)N(c1ccc3ccccc3c1)c1ccccc1N2c1ccc2ccccc2c1,1.1998885718589002e-05,0.9383263167767577,1.1786869560659177,-5.90549623715442,7.08418319322034,0.24036063928915996,-0.3188298129905525,-0.27130389672547495,-0.04752591626507757,5.90549623715442
N[C@@H]1CCC[C@@H](N)C1,0.6729182950643767,-8.11040755778268,0.0004889406201842939,-7.860466618762832,7.860955559383017,8.110896498402868,-0.36071294384963287,0.023610597666026786,-0.3843235415156597,7.860466618762832
COC(=O)c1c(O)[n+]([O-])c2ccccc2[n+]1[O-],1.5228192838178196,1.5912791370266852,1.8326942371997927,-8.400144538747758,10.232838775947549,0.2414151001731074,-0.3913507220373823,-0.32893500727717984,-0.06241571476020247,8.400144538747758
[O-][n+]1cccc2ccc3cccnc3c21,2.1684629349916307,0.8056546477110205,1.3015439572843517,-7.6140469320176685,8.915590889302022,0.4958893095733314,-0.3601349999901612,-0.29339869401247237,-0.06673630597768881,7.6140469320176685
C(=Nc1ccccn1)c1ccccn1,0.7977755923441224,0.8333903012048038,1.3185236000503395,-7.639853245124286,8.958376845174625,0.4851332988455354,-0.3704595567893367,-0.2979165674747307,-0.07254298931460595,7.639853245124286
c1ccc(-n2nnc3ccccc32)nc1,1.4422028526317778,0.6784976723562304,1.2941988388644046,-8.068932886607541,9.363131725471947,0.6157011665081744,-0.38687774743224085,-0.2916542491334286,-0.09522349829881227,8.068932886607541
O=C(O)CNC(=O)c1ccccc1,1.1721494094279195,-0.08659916739331219,1.0431247443599316,-8.601342664239846,9.64446740859978,1.1297239117532438,-0.3940589336876621,-0.2632230849742448,-0.1308358487134173,8.601342664239846
[O-][n+]1cccc2cccc(O)c21,1.82234481548011,0.33835184525472695,1.1075993781981865,-7.784238705110495,8.89183808330868,0.76924753294346,-0.3677890547823059,-0.2871113407706717,-0.0806777140116342,7.784238705110495
COc1ccc(S(=O)(=O)O)cc1-c1ccccc1P(C1CCCCC1)C1CCCCC1,2.6745589152365192,0.017967330197228293,0.8868175980589242,-7.040454913196061,7.927272511254987,0.868850267861696,-0.35342058278632227,-0.2574442449357497,-0.09597633785057258,7.040454913196061
O=S(=O)(O)c1ccc(O)c(-c2ccccc2P(C2CCCCC2)C2CCCCC2)c1,1.8944364199415487,-0.07622035687892925,0.8353667567478837,-6.908268013172346,7.743634769920228,0.911587113626813,-0.3456834177136695,-0.254505590473475,-0.09117782724019452,6.908268013172346
Cc1cccc(C)c1NC(=O)C(=O)O,0.9353161934982539,0.37896088883659296,1.1673258146174545,-8.127588734834132,9.294914549451585,0.7883649257808616,-0.38555317878449663,-0.29860875181681135,-0.08694442696768528,8.127588734834132
Cc1ccc2cccc(O)c2n1,1.1336797657900664,0.07100795703171059,1.0138908517891734,-7.895525337614449,8.90941618940362,0.9428828947574628,-0.37199136062592714,-0.27845805801188583,-0.0935333026140413,7.895525337614449
c1ccc(CNCCNCc2ccccc2)cc1,0.755574610166819,-0.6440142466151828,0.6888985762100955,-7.232605803437911,7.921504379648005,1.332912822825278,-0.35070556054910484,-0.2288217785971387,-0.12188378195196614,7.232605803437911
CC(C)N1CCN2CCN(C(C)C)P1N(C(C)C)CC2,0.47028266143497505,-3.673599307743104,0.06083301484013511,-5.82345396869718,5.884286983537315,3.7344323225832396,-0.3045518295720364,-0.12945931242370187,-0.17509251714833454,5.82345396869718
CC(C)CCc1cccc(CCC(C)C)c1N1C=C[NH+](c2c(CCC(C)C)cccc2CCC(C)C)/C1=C1/NC=C(Cl)C(Cl)=C1Cl,3.469846718626179,0.06782313597811562,0.46987022948996476,-3.550208719258812,4.020078948748776,0.40204709351184914,-0.3194575637574613,-0.24043150847813355,-0.07902605527932777,3.550208719258812
CC(=O)N(C)C,1.7730801787228605,-3.083684991323188,0.34537670246658236,-8.818246857777861,9.163623560244444,3.4290616937897695,-0.3822514407045213,-0.20736967518666805,-0.17488176551785323,8.818246857777861
O=C([O-])c1ccncc1,2.2745410902021725,3.5763083602256778,3.605844149663385,-9.541685820592257,13.147529970255642,0.029535789437707072,-0.43962385410039484,-0.4220452302911969,-0.017578623809197946,9.541685820592257
c1ccc(P(C2CCCCC2)C2CCCCC2)c(-c2ccc3ccc4cccc5ccc2c3c45)c1,0.6815146358119574,0.7053072889077674,1.0971450178106126,-6.305951754854139,7.4030967726647505,0.3918377289028451,-0.3425769080861336,-0.277564474675688,-0.0650124334104456,6.305951754854139
Cc1ccc(S(=O)(=O)c2ccc(C)cc2P(C2CCCCC2)C2CCCCC2)cc1,2.547512135306926,0.06377797015267905,0.847478831406765,-6.586002113572393,7.43348094497916,0.783700861254086,-0.33545430444104407,-0.25194760882573114,-0.08350669561531293,6.586002113572393
O=C(Nc1ccccc1)c1cccc[n+]1[O-],1.733199427355262,0.8307989324415708,1.3456641749505358,-7.881327903635194,9.22699207858573,0.514865242508965,-0.3754547915391514,-0.301081699264347,-0.07437309227480438,7.881327903635194
c1ccc(CN(Cc2ccccc2)p2oc3ccc4ccccc4c3c3c(ccc4ccccc43)o2)cc1,0.6870528159644408,0.9585020150184134,1.2728938711919242,-6.6634883507548945,7.9363822219468165,0.3143918561735109,-0.3593535325937376,-0.2813627568831016,-0.077990775710636,6.6634883507548945
CNC,0.49271430061072613,-9.732465108457102,0.006300628187700912,-8.766826831464407,8.773127459652105,9.738765736644805,-0.35410595628199387,0.04886664350475126,-0.40297259978674516,8.766826831464407
Br,0.8344763135807352,-3.2389399616347143,0.6111066494179251,-11.818888163321141,12.429994812739066,3.85004661105264,-0.42588262708915525,-0.21126028813839623,-0.21462233895075902,11.818888163321141
C[Ni]C,0.8664328122179741,0.6041845474265681,1.204436377400048,-7.614655232248495,8.819091609648542,0.6002518299734798,-0.33740607252807703,-0.31549817888955783,-0.021907893638519194,7.614655232248495
OCCO,1.2048347884986923,-8.39320365617906,0.013183984029232418,-9.777583270714764,9.790767254743997,8.40638764020829,-0.40958516744051215,0.0075916647736935915,-0.41717683221420576,9.777583270714764
O=C(O)c1ccc(-n2cccn2)nc1,0.6072670669913638,0.849569505388736,1.4347187810039823,-8.554328740881282,9.989047521885263,0.5851492756152462,-0.39695754107158016,-0.29996501085492067,-0.09699253021665949,8.554328740881282
O=C(NNc1ccccc1)c1ccccc1,1.39002876359765,-0.07129400213358306,0.9229129043943312,-7.594533037317518,8.51744594171185,0.9942069065279143,-0.36354146272257315,-0.2633360786232969,-0.10020538409927626,7.594533037317518
COc1cccc(OC)c1-c1cccc2c1P(C(C)(C)C)CO2,1.1930012171822981,-0.5132062942034645,0.6975430167150745,-6.979353827410218,7.6768968441252925,1.2107493109185392,-0.3604708572977478,-0.23716142800276815,-0.12330942929497965,6.979353827410218
O=C([O-])c1cccs1,2.516521323743224,3.8036581025796394,3.8531244609781172,-9.862529182282415,13.715653643260532,0.04946635839847797,-0.44160189441263265,-0.4365702875563504,-0.005031606856282234,9.862529182282415
Cc1ccc(P(c2ccc(C)cc2)c2ccc(C)cc2)cc1,0.8070417019118865,-0.2953315390914577,0.7388081758370494,-6.74691863259401,7.4857268084310595,1.0341397149285072,-0.3492532923925464,-0.23373328350964115,-0.11552000888290523,6.74691863259401
COS(=O)(=O)C(F)(F)F,1.1312581748070278,-1.6454503386920512,0.8990856355515269,-11.291924441235022,12.191010076786547,2.544535974243579,-0.48088561287435083,-0.23696364948281143,-0.2439219633915394,11.291924441235022
CCN1CCNCCNCCNCC1N=C(N)N,1.6229415983933924,-3.676406716107174,0.08964782642623385,-6.359196305748364,6.4488441321745995,3.7660545425334084,-0.32512213037635396,-0.17529398257303191,-0.14982814780332204,6.359196305748364
CCCc1ccc2ccc(C(=O)[O-])nc2c1O,3.948887391760276,3.518334596121008,3.6349125711814385,-8.417470080063305,12.052382651244745,0.11657797506043013,-0.41049698976941257,-0.40683619917538727,-0.0036607905940252983,8.417470080063305
[S-]c1ccccc1,1.1734511208626157,2.1523844530270297,2.223029847201966,-8.324900263780302,10.54793011098227,0.07064539417493547,-0.37772060213404646,-0.3767599227884268,-0.0009606793456196638,8.324900263780302
CC(C)(C)P(c1cccc(-c2ccccc2)c1)C(C)(C)C,0.5946813481945648,-0.41750842254822906,0.6894485755931969,-6.6697324079715195,7.359180983564715,1.106956998141426,-0.3330609224989437,-0.24376374160449088,-0.08929718089445282,6.6697324079715195
O=C1CCC(=O)N1O,1.4135156044123582,-0.37024572531147104,1.1083617193099213,-9.924367385436732,11.032729104746652,1.4786074446213926,-0.42722782364990375,-0.2866276948556687,-0.14060012879423506,9.924367385436732
c1cnc2c(c1)ccc1ncccc12,0.7557623165712284,0.6001103112042374,1.2161608947831593,-7.726825292485611,8.94298618726877,0.616050583578922,-0.3684283970454754,-0.28842344620620425,-0.08000495083927117,7.726825292485611
CC(=O)NC(NC(C)=O)c1ccccc1,2.669267382347685,-0.7422493684924989,0.7712941847085395,-8.149254129609933,8.920548314318472,1.5135435532010386,-0.3935634394908201,-0.23704126290948124,-0.15652217658133888,8.149254129609933
Clc1cccnc1,0.7891028223632834,-0.6036917632273626,0.9070287103426978,-8.914142505117143,9.821171215459843,1.5107204735700606,-0.388968978723073,-0.27402372525578744,-0.11494525346728557,8.914142505117143
[C]=O,0.02710171831618835,0.003554271090713712,1.8836251956088186,-15.058335395098467,16.941960590707286,1.8800709245181049,-0.5441795428104207,-0.4020193472655879,-0.14216019554483278,15.058335395098467
c1ccc(P(CCCCP(c2ccccc2)c2ccccc2)c2ccccc2)cc1,1.0420955774020788,0.22583921508834948,0.9125051429456239,-6.590469254293584,7.502974397239208,0.6866659278572745,-0.36009880914784287,-0.24187713024748878,-0.1182216789003541,6.590469254293584
c1ccc2c(c1)cnc1ccccc12,0.9307451756163984,0.4565624006299407,1.164952832623119,-7.836960950050305,9.001913782673423,0.7083904319931781,-0.36405812753065636,-0.28424414247269947,-0.0798139850579569,7.836960950050305
CCN(CC)C(C)C,0.30545384014186894,-7.807895044841072,2.691824149188481e-05,-7.750012990585464,7.750039908826956,7.807921963082565,-0.3381080647061334,0.003854673504728814,-0.3419627382108622,7.750012990585464
CCB(CC)CC,0.19473604061415598,-1.810314383876391,0.49555636627596983,-8.068405010647647,8.56396137692362,2.305870750152361,-0.3788827444997053,-0.2465715179155584,-0.13231122658414693,8.068405010647647
CN(C)c1ccccc1,0.8520993602669714,-2.230720581579469,0.3353144713370704,-7.282350280535871,7.61766475187294,2.5660350529165394,-0.34115864913072363,-0.20997335591439945,-0.1311852932163242,7.282350280535871
CC(O)CN(CC(C)O)CC(C)O,0.7320931909120083,-6.363330755778865,0.015270695846716054,-7.672808878440565,7.688079574287282,6.378601451625582,-0.3532877447858862,-0.037926221219416315,-0.3153615235664699,7.672808878440565
CN(C)C(=NC(C)(C)C)N(C)C,1.0454103479127552,-2.942634278460233,0.2054249183227102,-6.981014982563281,7.186439900885991,3.1480591967829437,-0.3305115438305735,-0.1940754675595986,-0.13643607627097493,6.981014982563281
C[n+]1ccc(-c2ccccc2)cc1,1.7946627441920169,-0.5286413172077431,0.4083721237384444,-4.636478757159091,5.044850880897536,0.9370134409461874,-0.37301909550210993,-0.2507728165847005,-0.12224627891740941,4.636478757159091
O=C(O)Cn1cnnn1,2.122438336032399,-0.06478594233404866,1.1960796046408186,-9.76128605937865,10.957365664019468,1.2608655469748673,-0.40623727540031507,-0.28956877720140756,-0.11666849819890751,9.76128605937865
CN(C)c1ccccc1P(C12CC3CC(CC(C3)C1)C2)C12CC3CC(CC(C3)C1)C2,0.4231749846768585,-0.9866601191359177,0.46350112461894416,-6.120058140467249,6.583559265086193,1.4501612437548617,-0.3213629203884564,-0.23392506797401177,-0.0874378524144446,6.120058140467249
Cl[Au],1.7265434880515949,-0.17088667813980685,1.219051330628279,-10.253865710472938,11.472917041101221,1.389938008768086,-0.40685501688311876,-0.3127984519976633,-0.09405656488545544,10.253865710472938
F[Sb-](F)(F)(F)(F)F,2.264709884495201,2.8238947568515247,2.8549914620461356,-9.787915563256297,12.642907025302433,0.031096705194610944,-0.41225191472109035,-0.4099905514968777,-0.0022613632242126647,9.787915563256297
[Ag+],0.0,-0.1689959073055718,0.8145831595651893,-7.007735101193811,7.822318260759002,0.9835790668707612,-0.3524658146721053,-0.2970800635524294,-0.05538575111967592,7.007735101193811
[Li]c1ccccc1,2.349706948260744,-1.9148478450919266,0.3072090487493975,-6.4485555586185725,6.755764607367969,2.222056893841324,-0.3009328354970578,-0.2018200412292995,-0.09911279426775829,6.4485555586185725
CN(C)c1ccccc1-c1ccccc1PC1CCCCC1C1CCCCC1,0.2529239715084272,-0.5627377399047697,0.6322758205914346,-6.568801026827661,7.2010768474190945,1.1950135604962044,-0.3387991241633359,-0.23688544833687744,-0.10191367582645847,6.568801026827661
Cc1cc(C(C)(C)C)c(O)c(C(C)(C)C)c1,0.6423172043487926,-1.786418943130129,0.44327767330377915,-7.536211123829265,7.979488797133044,2.2296966164339076,-0.3632421740466188,-0.21441281833347006,-0.14882935571314873,7.536211123829265
O=S(=O)([O-])O,0.7288201143493765,5.155589841094743,5.271965643247693,-12.799148462019104,18.071114105266794,0.11637580215294871,-0.5152065287505315,-0.5111023944730665,-0.0041041342774650325,12.799148462019104
[O-][I+2]([O-])[O-],1.0048668962766236,5.6782506190763105,5.9803307623673065,-12.866770097192564,18.847100859559873,0.3020801432909974,-0.5272721147058348,-0.5197430429455139,-0.007529071760320916,12.866770097192564
CC#N,1.5234440810760044,-3.8121293227445037,0.4630074563292527,-11.291833915549166,11.75484137187842,4.275136779073756,-0.4294128551211599,-0.212196548851783,-0.2172163062693769,11.291833915549166
CCCCC(N)CN,0.8946878458178397,-7.823765152658888,5.796019599930006e-05,-7.909176363817165,7.909234324013163,7.823823112854889,-0.35485856966310286,0.012026094943889322,-0.3668846646069922,7.909176363817165
C1=CC2NCCCN2CCC1,0.6232228232550038,-3.0768540614322033,0.22976961214130642,-7.482504784250173,7.712274396391479,3.3066236735735104,-0.35126294749619624,-0.19823175684019728,-0.15303119065599896,7.482504784250173
CCCc1cccc(CCC)c1-n1cc[n+](-c2c(CCC)cccc2CCC)c1,0.4793342962070421,-0.7397190021466233,0.208268122689729,-3.350140074692245,3.558408197381974,0.9479871248363524,-0.3774458603788568,-0.22202137740515715,-0.15542448297369965,3.350140074692245
CC(C)(C)P(c1ccccc1-c1ccccc1)C(C)(C)C,0.587368368737921,-0.6436152240424002,0.6066481274080033,-6.553814877826559,7.160463005234561,1.2502633514504031,-0.32760784127229353,-0.2371894885247117,-0.09041835274758184,6.553814877826559
O=C([O-])CN(CCN(CC(=O)O)CC(=O)O)CC(=O)[O-],0.503759264283181,5.1289238046632,6.238115062662783,-9.301739873994286,15.539854936657067,1.1091912579995824,-0.4461932706049208,-0.44418082737109377,-0.0020124432338270437,9.301739873994286
CC(C)c1cccc(C(C)C)c1-c1c[nH+]c(-c2c(C(C)C)cccc2C(C)C)[nH]1,0.7346790374730832,-0.6385799755675716,0.23087138976139404,-3.3541880529402395,3.585059442701634,0.8694513653289656,-0.3689066968023667,-0.22521982883433808,-0.14368686796802863,3.3541880529402395
[O-][n+]1ccccc1CCc1cccc[n+]1[O-],5.02271869099696e-05,0.2826949214828076,1.072669861190989,-7.690119358229232,8.76278921942022,0.7899749397081813,-0.3781218343849786,-0.2668150676892302,-0.1113067666957484,7.690119358229232
CCN1CCOCC1,0.6298539899751626,-7.4316440226300475,0.003440393198991081,-8.085150717900802,8.088591111099792,7.4350844158290395,-0.35641005840822226,-0.008364033999155564,-0.3480460244090667,8.085150717900802
O=CO,0.6484967640079354,-2.3711620212086206,0.7878160848445097,-11.832664091284673,12.620480176129185,3.1589781060531297,-0.4470016852267634,-0.26715799655502825,-0.17984368867173517,11.832664091284673
CCCCP(CCCC)CCCC,0.693503320657359,-3.450590993985897,0.19207545403845877,-7.564736349613598,7.7568118036520595,3.642666448024357,-0.35900960182023395,-0.14284188915305285,-0.2161677126671811,7.564736349613598
CN(C)CCO,0.525002219123238,-7.489706183855762,0.0037456886771941823,-8.174830867795011,8.178576556472205,7.493451872532955,-0.35266661855939,-0.009500019250424095,-0.3431665993089659,8.174830867795011
CC1(N)CCCCC1(C)N,0.904691195355561,-7.635236338890929,5.6491558565091646e-05,-7.718536208810326,7.718592700368888,7.635292830449496,-0.3484271687167158,0.006405612153050103,-0.3548327808697659,7.718536208810326
Cn1c(-c2ccccc2P(C2CCCCC2)C2CCCCC2)cc2ccccc21,1.4408496050993274,-0.359260134942498,0.6785890271958028,-6.430455360064551,7.109044387260355,1.0378491621383008,-0.3443745026221887,-0.2417761712153361,-0.10259833140685262,6.430455360064551
OB(O)c1ccccc1,0.9070489025133001,-1.105597398649015,0.7291045114956757,-8.648356443626458,9.377460955122132,1.8347019101446904,-0.395794922185888,-0.24732900853212023,-0.1484659136537678,8.648356443626458
ON=C1CCCc2ccccc21,0.3744896113777339,-0.464008796417974,0.8475191977763321,-8.071279258201963,8.918798455978298,1.3115279941943063,-0.3814321013660273,-0.2605993443243637,-0.12083275704166357,8.071279258201963
CC(C)c1cc(C(C)C)c(-c2ccccc2P(C2CCCCC2)C2CCCCC2)c(C(C)C)c1-c1ccccc1,0.5290260700146069,-0.3358756096320281,0.6945295751628339,-6.497830490831914,7.1923600659947455,1.0304051847948619,-0.34133964870103617,-0.23505142490446265,-0.10628822379657352,6.497830490831914
O=C(O)[C@@H]1CC(O)CN1,1.4092464231757011,-2.1420235832570427,0.4790008643230573,-8.539942659215436,9.018943523538494,2.6210244475801,-0.3656874054152742,-0.2533579797696201,-0.11232942564565412,8.539942659215436
C[C@@H]1C[C@](O)(C(=O)O)CN1,0.746192402048905,-1.8303765957973104,0.541162293837225,-8.526493392901989,9.067655686739213,2.371538889634536,-0.3723714218314533,-0.2610205996342469,-0.11135082219720638,8.526493392901989
C1CN=C2NCCCN2C1,1.435102655137105,-4.0909568762031165,0.10961289317174623,-7.243627615843142,7.3532405090148885,4.200569769374863,-0.3327341331054819,-0.1546225962639535,-0.1781115368415284,7.243627615843142
Nc1nc(O)cc(O)n1,1.142478243394266,-1.4284831210170856,0.6756564618580961,-8.900470361040334,9.576126822898429,2.104139582875182,-0.38852480550502466,-0.24548107461752636,-0.1430437308874983,8.900470361040334
Oc1ccc2ncccc2c1,0.5344027087857158,0.13866927114050043,1.0572431225784662,-8.032192891933278,9.089436014511744,0.9185738514379659,-0.3652249027232722,-0.28261822731440783,-0.08260667540886435,8.032192891933278
O/N=C/c1ccccn1,0.892856720797188,0.05056133515716965,1.0814617347596853,-8.49879946704071,9.580261201800395,1.0309003996025157,-0.37443589207246974,-0.2865677211799429,-0.08786817089252685,8.49879946704071
ON=Cc1ccccn1,0.81239199432,-0.05940616010123545,1.00265623368784,-8.197758759702683,9.200414993390524,1.0620623937890754,-0.36636086105363996,-0.2830929541032193,-0.08326790695042069,8.197758759702683
C(=N[C@H]1CCCC[C@@H]1N=Cc1ccccn1)c1ccccn1,0.2408400657056168,1.0301008745574967,1.354292502209908,-7.037503938185489,8.3917964403954,0.3241916276524117,-0.3630862717160644,-0.2862934930139414,-0.07679277870212298,7.037503938185489
c1ccc(P(c2ccccc2)c2cccc3c2N(p2oc4ccc5ccccc5c4c4c(ccc5ccccc54)o2)[C@H](c2cccc4ccccc24)CC3)cc1,0.6730721050668443,1.1549673377320424,1.3244737609849897,-6.0382136895547855,7.362687450539774,0.16950642325294715,-0.34097049405764823,-0.2777463891608959,-0.06322410489675234,6.0382136895547855
O=C(O)[C@@H]1CCC[NH2+]1,4.3886191966638295,-4.799251904572407,0.10802352663332986,-2.319024055717035,2.4270475823503643,4.907275431205735,-0.3044873146010602,-0.11350710360118003,-0.19098021099988016,2.319024055717035
Cc1ccccc1C,0.3564936106191161,-1.9821934359825386,0.49577229217899826,-8.398803551290115,8.894575843469115,2.4779657281615375,-0.3818126654032175,-0.21505192512146606,-0.16676074028175145,8.398803551290115
[La+3],0.0,-0.6663051674747136,0.5395658989311394,-6.051076239565196,6.590642138496335,1.2058710664058532,-0.3481130789349543,-0.23957633935861564,-0.10853673957633866,6.051076239565196
Cc1cccc(C)n1,0.5432775453309922,-1.4654410705088359,0.5990352875172971,-8.309852335942598,8.908887623459893,2.0644763580261327,-0.36171411599714354,-0.24117988531872497,-0.12053423067841856,8.309852335942598
c1c[nH]cn1,1.5376654018632783,-3.00538601684296,0.4000332187645996,-9.274190339862502,9.674223558627101,3.405419235607559,-0.3765907031739597,-0.20513367286698733,-0.17145703030697237,9.274190339862502
CN(C)c1ccc(P(C23CC4CC(CC(C4)C2)C3)C23CC4CC(CC(C4)C2)C3)cc1,0.7615355870155787,-1.1733870681854492,0.42751250453496237,-6.192587033590074,6.620099538125038,1.6008995727204112,-0.3274129210315021,-0.22301644507950932,-0.10439647595199278,6.192587033590074
Clc1ccccc1Cl,0.9962294207270752,-0.7307835255728081,0.8460046283434535,-8.734706931699785,9.580711560043238,1.5767881539162616,-0.4017512041717042,-0.2556674079824591,-0.14608379618924505,8.734706931699785
C1COCCOCCOCCOCCO1,1.7302097388025022,-6.328001271094701,0.018132345800700694,-7.757411130914358,7.775543476715058,6.3461336168954015,-0.38104193249578605,-0.02396681215955243,-0.3570751203362336,7.757411130914358
Cc1ccccc1[Zn+],0.2690783142118704,-1.04402548677372,0.3929172084726377,-5.621287806287626,6.014205014760263,1.4369426952463578,-0.38084215243142217,-0.265417044669343,-0.11542510776207915,5.621287806287626
c1ccc(P(c2ccccc2N2CCOCC2)c2ccccc2N2CCOCC2)c(N2CCOCC2)c1,1.766155313644198,0.13662404268657014,0.8266538635889811,-6.191026512268063,7.0176803758570445,0.690029820902411,-0.3400237689861342,-0.24906259624361612,-0.09096117274251805,6.191026512268063
CNCCN,0.8332695230465331,-8.072295397563314,6.573913100675291e-06,-8.043182959768185,8.043189533681286,8.072301971476417,-0.35402626457683745,0.010143749425635349,-0.3641700140024728,8.043182959768185
CNC(C)NC,0.4377634180751142,-8.596465225638806,0.004860295046206982,-7.798055761082196,7.802916056128403,8.60132552068501,-0.3481887023707915,0.03180175719930132,-0.37999045957009286,7.798055761082196
CC(C)(C)c1cc(C(=O)O)c(O)c(C(C)(C)C)c1,0.9719725454577339,-0.07823593418417474,0.953458325733199,-7.859289889875011,8.81274821560821,1.0316942599173737,-0.37864499045927147,-0.27422537673727126,-0.1044196137220002,7.859289889875011
COCCOC,0.8108076145222942,-7.2349951688409355,0.021111705810199406,-8.885015592600087,8.906127298410288,7.256106874651135,-0.40221064878635204,-0.02015334724146572,-0.3820573015448863,8.885015592600087
Cl[Ni]Cl,1.4691388614856753,2.496194813476648,2.5359959412574913,-8.918602854591445,11.454598795848934,0.03980112778084272,-0.3924603317480604,-0.38345441394770347,-0.009005917800356922,8.918602854591445
N#Cc1c(N(c2ccccc2)c2ccccc2)c(F)c(N(c2ccccc2)c2ccccc2)c(F)c1N(c1ccccc1)c1ccccc1,1.0424618772115481,1.0093602312139645,1.2760258942606435,-6.428057867817435,7.704083762078077,0.2666656630466791,-0.360118176568454,-0.2884985119354427,-0.07161966463301134,6.428057867817435
CC1(C)c2cccc(P(c3ccccc3)c3ccccc3)c2OC2C(P(c3ccccc3)c3ccccc3)=CC=CC21,1.1010288726027249,0.4965605531005508,0.9878535334487607,-6.241465879800492,7.229319413249251,0.4912929803482099,-0.34657179689751566,-0.2628608196529374,-0.08371097724457827,6.241465879800492
CCCCCCCCCCCCCCCC[P+](CCCC)(CCCC)CCCC,0.0832415846518977,-3.843919392985022,0.33467032161953936,-0.45235761813483766,0.7870279397543769,4.178589714604561,-0.40354222640334464,-0.11481994095407476,-0.28872228544926987,0.45235761813483766
O=C([O-])c1ccc2cccc(O)c2n1,3.5602426043383275,3.6020889170233374,3.695100234133262,-8.833321990942682,12.528422225075944,0.09301131710992425,-0.41867420688797446,-0.4141239706935709,-0.00455023619440359,8.833321990942682
CC1(C)CCCC(C)(C)N1,0.3926778720216823,-7.822899141854346,0.0006037939476434222,-7.550395166707549,7.550998960655193,7.823502935801988,-0.33512372793053813,0.011233546292466364,-0.3463572742230045,7.550395166707549
c1ccc(-n2ncc3c(N4CCNCC4)ncnc32)cc1,1.027691343755791,0.22974077545411387,0.9809642632816028,-7.127885973610635,8.108850236892238,0.7512234878274889,-0.36598285768448124,-0.2728944144148204,-0.09308844326966087,7.127885973610635
S=C=S,2.1573207199158692e-11,1.3032456483774402,1.7532479048773546,-9.262695198798607,11.01594310367596,0.45000225649991415,-0.4140148725668715,-0.33955141335996103,-0.07446345920691044,9.262695198798607
[Li]CCCCCC,1.8205853240860093,-2.308498798169558,0.24283796652741005,-6.42833965264332,6.67117761917073,2.5513367646969676,-0.28686111476034704,-0.1891661443930765,-0.09769497036727054,6.42833965264332
CI,1.4450563111952295,-2.386705012411206,0.6013111154830008,-10.15363176399113,10.754942879474132,2.988016127894207,-0.40913652877028617,-0.2266002331127857,-0.18253629565750046,10.15363176399113
N[C@@H](C=O)[C@@H](O)[C@H](O)[C@H](O)CO,2.3339668816610413,-0.8992703164432605,0.7800456758018272,-8.597562984351086,9.377608660152914,1.6793159922450875,-0.40001939284186067,-0.3001470899754263,-0.09987230286643439,8.597562984351086
O[C@@H]1CCCC[C@H]1O,1.1930595392001986,-7.859011009531303,0.007149175646148225,-8.836177674318549,8.843326849964697,7.866160185177454,-0.3994348067176283,0.005221828058730554,-0.4046566347763589,8.836177674318549
NCCNCCNCCN,0.861517603331418,-6.8327783234835024,0.0006033162064768172,-7.092024293026425,7.092627609232901,6.83338163968998,-0.3518816209858626,-0.01312160106676264,-0.3387600199191,7.092024293026425
CN1CCN(C)C1=O,1.78590332081486,-3.7500646562060176,0.1969231164766738,-8.064235553391148,8.26115866986782,3.9469877726826907,-0.3664949834266508,-0.17912456474244967,-0.18737041868420115,8.064235553391148
CCOc1nn(-c2ccc(C(C)C)cn2)c(C)c1Cc1ccccc1,0.9850173320115634,-0.1390071397918886,0.8313960283146985,-7.0574493684297295,7.888845396744428,0.9704031681065871,-0.36413197503507344,-0.2545941989491851,-0.10953777608588833,7.0574493684297295
CC(C)=CCP(C(C)(C)C)C(C)(C)C,0.5136846500229514,-2.387031140345021,0.2712213045510287,-6.868325511594554,7.13954681614558,2.658252444896049,-0.337699015506595,-0.19409303834150723,-0.14360597716508774,6.868325511594554
CC(=O)c1ccccc1,1.3902354178383889,-0.052318605185949885,1.0831385853677649,-8.820830557134384,9.903969142502145,1.1354571905537147,-0.3928681379907308,-0.28288176685230987,-0.10998637113842091,8.820830557134384
COc1cccc(OC)c1NC(=O)C(=O)O,1.4790999300971202,0.3179564291409376,1.1170490573519172,-7.929394556727367,9.046443614079283,0.7990926282109795,-0.38204735748257046,-0.2920232825886217,-0.09002407489394876,7.929394556727367
[Cu]Br,0.9934000099819003,26.78912339386681,-10.602569171376244,-10.444608544787688,-0.15796062658855367,-37.39169256524304,-0.38152641728458475,-0.2001389553863034,-0.18138746189828134,10.444608544787688
CC(C)(C)CP(CC(C)(C)C)CC(C)(C)C,0.6681918459298696,-3.674675828829434,0.12021082665729711,-6.857182214161977,6.9773930408192735,3.7948866554867324,-0.33576775155960664,-0.1305256823654265,-0.20524206919418014,6.857182214161977
CCC(=O)[O-],1.9283736819321637,3.218080600829312,3.2264200501748324,-10.343728447896737,13.570148498071573,0.008339449345520382,-0.4590487615626152,-0.4327400136120447,-0.026308747950570477,10.343728447896737
O=S([O-])[O-],2.0107913040914585,4.548617393221651,4.599729252222153,-11.910812207179593,16.51054145940175,0.05111185900050262,-0.4812303187536072,-0.48059373958013096,-0.0006365791734762594,11.910812207179593
C1CCNCC1,0.5208053113939911,-9.080066471312549,0.006702948541818355,-8.119695219979931,8.12639816852175,9.086769419854367,-0.349450481387557,0.04241833168021926,-0.39186881306777627,8.119695219979931
N[C@H]1CC[C@H](N)CC1,0.958119363148433,-8.126768113200239,0.0005744563867323229,-7.85575135527206,7.856325811658792,8.12734256958697,-0.3597317547336942,0.027977567988740907,-0.3877093227224351,7.85575135527206
Oc1ccccc1C=Nc1ccccc1N=Cc1ccccc1O,0.4744313033860181,0.7687698626361827,1.2307161373334743,-7.170117855974871,8.400833993308343,0.4619462746972916,-0.3617157374449364,-0.2846863676307023,-0.07702936981423408,7.170117855974871
CC(C)[O-],1.3437512314550522,1.7893708004836135,2.069095384508804,-9.530106124134589,11.599201508643391,0.27972458402519024,-0.39930338671449217,-0.39790707465970604,-0.0013963120547861307,9.530106124134589
Cc1n[nH]c(C)c1C(c1c(C)n[nH]c1C)c1c(C)n[nH]c1C,1.4868022833973087,-1.3737573831091847,0.49617956766164145,-7.211421555868567,7.707601123530209,1.8699369507708261,-0.3668086203984066,-0.20325397206924772,-0.1635546483291589,7.211421555868567
CCN(CC)C(=O)c1ccccc1O,1.8395262138326105,-0.5946721473066541,0.8005890422657135,-8.024615466449822,8.825204508715533,1.3952611895723672,-0.3827015287118,-0.2548252705708882,-0.1278762581409118,8.024615466449822
Cc1ccc2ccccc2c1NC(=O)C(=O)NCc1ccccc1,0.42834745672177404,0.700429183102039,1.1967709198366436,-7.169529406000532,8.366300325837177,0.49634173673460463,-0.3670065078164667,-0.2786267003493741,-0.08837980746709262,7.169529406000532
CC(C)CCc1cccc(CCC(C)C)c1-n1c(Cl)c(Cl)n(-c2c(CCC(C)C)cccc2CCC(C)C)c1=[Pd-]c1ncccc1Cl,1.396967503667885,1.073251330036542,1.2122092682925498,-5.417273170906711,6.629482439199261,0.1389579382560078,-0.32280069016780283,-0.29630923530211944,-0.026491454865683384,5.417273170906711
CC(=O)C1CCCCC1=O,1.5051365864435617,-0.6283106834189702,0.8595224467604717,-8.589807986788566,9.449330433549038,1.487833130179442,-0.39799476505463516,-0.2691560680757366,-0.12883869697889855,8.589807986788566
C(=NC1CCCCC1N=Cc1ccccn1)c1ccccn1,1.5825638975121616,0.8590379320234609,1.286314793602233,-7.251655572834105,8.537970366436339,0.42727686157877226,-0.3680740099453011,-0.28578325056380804,-0.08229075938149305,7.251655572834105
CC(C)c1cc(C(C)C)c(-c2ccccc2P(C(C)(C)C)C(C)(C)C)c(C(C)C)c1,0.44306686450095967,-0.6295513053404269,0.591845518883558,-6.397823234299668,6.989668753183227,1.2213968242239845,-0.3283674744917275,-0.23535453040564924,-0.09301294408607824,6.397823234299668
NCCc1ccccc1[Pd]Cl,1.814750995519546,0.9609244360895772,1.3370357471481307,-7.223763684291365,8.560799431439497,0.37611131105855355,-0.35746459062153074,-0.30369749216696157,-0.05376709845456917,7.223763684291365
N[C@H]1CC[C@@H](N)CC1,0.848896494212286,-8.286570486836748,0.0012518424736859732,-7.884145938370766,7.885397780844452,8.287822329310435,-0.36311427600391954,0.03427129929410551,-0.39738557529802504,7.884145938370766
[Sc+3],0.0,-5.1005489314312165,9.322573773790666e-06,-5.128168920828605,5.12817824340238,5.100558254004989,-0.35734882536994345,-0.1720520051024691,-0.18529682026747435,5.128168920828605
NC1CCCC(N)C1,0.9218465764732766,-7.896581736083116,8.014451470277974e-05,-7.796274355069514,7.796354499584216,7.8966618805978195,-0.36149130958652387,0.01839269246080009,-0.379884002047324,7.796274355069514
CC(N)C(C)N,0.8971409392903358,-8.204385246542879,3.123410398055565e-05,-8.140477991372842,8.140509225476823,8.20441648064686,-0.3605774493398737,0.014616786173101136,-0.3751942355129748,8.140477991372842
CN(C)C=O,1.8144344499016156,-3.0774572228554167,0.38208097586919887,-9.20460485598391,9.586685831853107,3.4595381987246165,-0.39301366164517804,-0.21765225956000478,-0.17536140208517326,9.20460485598391
Cc1cc(C)c(N2CCN(c3c(C)cc(C)cc3C)C2=[Ru-2]=Cc2ccccc2)c(C)c1,2.692382505645095,-0.31821010967597285,0.4135326825105459,-4.1727028454277555,4.5862355279383005,0.7317427921865187,-0.24336949334646452,-0.23849501759597125,-0.004874475750493268,4.1727028454277555
Br[C@@H]1CCCC[C@H]1Br,2.1272246595065125,-0.9963052054070642,0.7902017901077854,-8.909713381527894,9.699915171635679,1.7865069955148494,-0.41111532292676833,-0.23553748035177813,-0.1755778425749902,8.909713381527894
C1CCC(P(CCP(C2CCCCC2)C2CCCCC2)C2CCCCC2)CC1,0.7427014274230725,-2.4178597894568785,0.24344502464953421,-6.611283138031782,6.854728162681316,2.661304814106413,-0.35020624063894484,-0.1573838411534355,-0.19282239948550933,6.611283138031782
CC(C)n1ccn(C(C)C)c1=[Pd-]c1ncccc1Cl,2.123711090854028,0.22160554720962544,0.6836038118465506,-4.760737723124976,5.444341534971526,0.46199826463692517,-0.31170496769254474,-0.2695913100475902,-0.04211365764495456,4.760737723124976
O=C(OO)[C@@H]1CCCN1,0.8083674798401691,-1.1990443163415532,0.7489490055818133,-9.026316570769332,9.775265576351146,1.9479933219233667,-0.3780035487292466,-0.278105050130333,-0.09989849859891359,9.026316570769332
O=C(O)[C@H]1CCCN1,1.1647607794781485,-2.327846882430073,0.46191180269036025,-8.7161944150627,9.17810621775306,2.7897586851204332,-0.36919566073680754,-0.24582065349314963,-0.12337500724365791,8.7161944150627
CC(C)N(CCO)C(C)C,0.8980958283369151,-6.758221591494435,0.004932116195882807,-7.508502285068699,7.51343440126458,6.763153707690319,-0.3347323787502069,-0.026911389497315374,-0.30782098925289153,7.508502285068699
c1ccc(P(c2ccccc2)c2ccccc2-c2ccccc2P(c2ccccc2)c2ccccc2)cc1,0.35883731714244216,0.34286666061491466,0.9329366919858115,-6.3567021588863515,7.289638850872163,0.5900700313708968,-0.3511576282127566,-0.2461682860178204,-0.10498934219493619,6.3567021588863515
CN1CCCN2CCCN=C12,1.4361677617870479,-4.134712396353269,0.09401032675241698,-7.032796066035019,7.126806392787436,4.228722723105686,-0.32854670800492397,-0.15068645686083998,-0.177860251144084,7.032796066035019
c1ccc2c(c1)OCCOCCOCCOCCOc1ccccc1O2,0.9552306234082396,-0.9916570311923243,0.5739744272315558,-7.079403723618924,7.65337815085048,1.5656314584238797,-0.36590102458860735,-0.223956130694552,-0.14194489389405535,7.079403723618924
CC(CO)(CO)CO,0.6507324347100499,-7.545368496756383,0.00864374183015188,-8.602058381859916,8.610702123690068,7.554012238586536,-0.39669806202876673,0.002238718784499076,-0.3989367808132658,8.602058381859916
C1CCC(N(C2CCCCC2)C2CCCCC2)CC1,0.19276595432427088,-6.4110878531686595,0.0014631883452445964,-6.804399403269583,6.805862591614827,6.412551041513905,-0.32381654453069336,-0.032066470863288905,-0.29175007366740446,6.804399403269583
CCNCC,0.4206645294098926,-8.877215622610924,0.0018830564231067063,-8.367526908294874,8.369409964717981,8.879098679034032,-0.350257502589299,0.0346318160860534,-0.3848893186753524,8.367526908294874
O=C(NNC(=O)C1CCC[N+]1([O-])Cc1ccccc1)c1ccccc1,1.4917307850759127,0.39371458602646303,1.085529142067273,-7.414777291383015,8.500306433450287,0.6918145560408099,-0.3461108595436849,-0.2686962241574125,-0.07741463538627241,7.414777291383015
[BH3-]C#N,0.9952796050732837,3.147813801430911,3.156319844975988,-10.132877437304508,13.289197282280496,0.008506043545077245,-0.42236055776308096,-0.4211813398864097,-0.0011792178766712458,10.132877437304508
O=C(O)c1ccc2ccccc2n1,1.2076672882419361,0.9739744199733966,1.4725962199123301,-8.34398937840198,9.816585598314314,0.4986217999389334,-0.37852353164439473,-0.30693600804913856,-0.07158752359525616,8.34398937840198
N[C@@H](Cc1c[nH]cn1)C(=O)O,1.7302325896068338,-1.3439739714352479,0.5995634979081963,-8.060142503093482,8.659706001001679,1.9435374693434437,-0.37275034038121385,-0.24939199754031108,-0.12335834284090277,8.060142503093482
COc1ccc(B(O)O)cc1,1.633428495512675,-0.9150482538336799,0.7606478670530139,-8.47359309679437,9.234240963847386,1.6756961208866938,-0.39142977107007265,-0.24753078752055493,-0.14389898354951772,8.47359309679437
OO,0.6889304417068595,-4.902386093107046,0.3888735691298829,-12.195658378643035,12.584531947772922,5.291259662236929,-0.4467591780627201,-0.1814172741773764,-0.2653419038853437,12.195658378643035
c1ccc2[nH]cnc2c1,1.411615401889636,-1.0681667846429153,0.715926120668296,-8.452541505431302,9.168467626099599,1.784092905311211,-0.37832261466937644,-0.2453882370484105,-0.13293437762096594,8.452541505431302
c1ccc(-c2nn(-c3ccccc3)c(-c3ccccc3)c2-n2nccc2P(C2CCCCC2)C2CCCCC2)cc1,1.3519213940205388,0.4127779635469091,0.9783318337186708,-6.475913160505375,7.454244994224045,0.5655538701717617,-0.3427125649485564,-0.26053764977236643,-0.08217491517618997,6.475913160505375
CN(C)c1ccncc1,1.8233286708399394,-1.7755667734094147,0.4625305506667807,-7.695457299213983,8.157987849880763,2.238097324076196,-0.3544465132213396,-0.22482412466068738,-0.1296223885606522,7.695457299213983
Cc1cc(C(C)(C)C)c([O-])c(C(C)(C)C)c1,1.6395663011906583,2.062364845339924,2.0924266849355515,-7.310554297580335,9.402980982515885,0.030061839595627377,-0.37161363164205263,-0.3539001118332395,-0.01771351980881314,7.310554297580335
O=O,1.5783896553119482e-15,1.084987711246395,1.973053540830855,-12.102056276806064,14.075109817636914,0.8880658295844599,-0.4222207056598552,-0.4222207056598545,-7.216449660063518e-16,12.102056276806064
CCC(CC)c1cccc(C(CC)CC)c1-n1ccn(-c2c(C(CC)CC)cccc2C(CC)CC)c1=[Pd-]c1ncccc1Cl,2.2926842731818926,0.6160985429578583,0.8809534857456024,-4.839863986715814,5.720817472461416,0.26485494278774413,-0.3034233730756093,-0.2773403499367412,-0.026083023138868067,4.839863986715814
CCCC(CCC)c1cccc(C(CCC)CCC)c1-n1ccn(-c2c(C(CCC)CCC)cccc2C(CCC)CCC)c1=[Pd-3](Cl)(Cl)c1ncccc1Cl,3.6222906447862915,1.5967258929857113,1.6106745248597338,-5.445528122326094,7.056202647185826,0.0139486318740226,-0.32501465622143805,-0.307717366238759,-0.017297289982679043,5.445528122326094
ClCc1cccnc1,0.9958419771586283,-0.6161872741386638,0.8585456461494413,-8.55125959823746,9.409805244386902,1.474732920288105,-0.3808034186646931,-0.26740676816819,-0.1133966504965031,8.55125959823746
O=C(Nc1ccccc1)C(=O)Nc1ccccc1,6.242769993143747e-05,0.6299606942505624,1.2317273530852988,-7.740696569165664,8.972423922250961,0.6017666588347362,-0.38923180662346907,-0.28869679329053566,-0.10053501333293341,7.740696569165664
O=CO[O-],1.3983631632686055,3.499092992466304,3.532529917716448,-12.005752476819424,15.538282394535875,0.033436925250144245,-0.47485184500511735,-0.46792473390935607,-0.006927111095761274,12.005752476819424
CN(C)C(n1n[n+]([O-])c2ncccc21)=[N+](C)C,4.964398679986728,0.6369216177847834,0.9528404652408967,-5.369052779690708,6.321893244931606,0.3159188474561134,-0.3554688260607047,-0.2876166483723107,-0.06785217768839397,5.369052779690708
O=C(O)CC(O)(CC(=O)O)C(=O)O,0.3699298036068922,-0.13887129221685512,1.129156328546269,-9.441812789449013,10.570969117995283,1.268027620763124,-0.43040923036427675,-0.2726371161950072,-0.15777211416926956,9.441812789449013
N#Cc1c(Cl)[n+]([O-])c2cc(Cl)ccc2[n+]1[O-],1.7781214524413542,2.3614019458662447,2.4079565348699137,-8.609686240082691,11.017642774952606,0.046554589003669045,-0.4078994033017133,-0.35001102920398447,-0.057888374097728845,8.609686240082691
CC(C)CCNCCC(C)C,0.40705227212743356,-7.956618603287884,0.00013423483461796177,-7.826429973508674,7.826564208343293,7.956752838122502,-0.34671632882658693,0.020768364873233632,-0.36748469369982056,7.826429973508674
CC(C)C(C)(N)C(C)C,0.5018674691552789,-7.949670647080676,5.654130022370967e-05,-8.034701332128554,8.034757873428779,7.9497271883808995,-0.3557253263749424,0.01759436142507685,-0.3733196878000193,8.034701332128554
On1nnc2ccccc21,0.9999023580396763,-0.020526554837052124,1.0919705527884564,-8.797152952880177,9.889123505668634,1.1124971076255086,-0.3946177123466199,-0.2854147152825922,-0.1092029970640277,8.797152952880177
C1COCCN1,0.6295994330289341,-7.814644227771094,0.001198113758011304,-8.206513279663932,8.207711393421945,7.815842341529105,-0.36075379285934006,-0.002763564914202667,-0.3579902279451374,8.206513279663932
Oc1ccc(O)cc1,1.7496275516703406e-06,-1.8131527527183104,0.5101123357190496,-8.208142127804214,8.71825446352326,2.32326508843736,-0.36956925396543794,-0.23060247556435706,-0.13896677840108088,8.208142127804214
CC(C)N=C=NC(C)C,0.34447132248247364,-2.3210439096156286,0.41303004471276217,-8.223819920414032,8.636849965126794,2.734073954328391,-0.36438160893209987,-0.2213046439060693,-0.14307696502603057,8.223819920414032
Oc1ccncc1,1.0924199904581653,-1.4365640583382215,0.6829019352282797,-8.98046842960503,9.663370364833307,2.119465993566501,-0.37334101384159424,-0.24590800756418227,-0.12743300627741197,8.98046842960503
Cc1cnc(C)c(C)c1,0.9255889883730818,-1.4399490215771626,0.5838271034711112,-8.123195527313282,8.707022630784392,2.0237761250482738,-0.35973312398309265,-0.23984440941544544,-0.11988871456764721,8.123195527313282
c1ccc(Cc2ccccc2)cc1,0.12932918197335705,-0.9789426474698586,0.6916477234100366,-8.045226603215362,8.736874326625397,1.670590370879895,-0.3885330324918288,-0.22485832753794407,-0.16367470495388473,8.045226603215362
CCOC(C)=O,0.9878758092626254,-2.5339874561387936,0.5277603591702639,-9.729702532999765,10.257462892170025,3.061747815309058,-0.41858508230217273,-0.23789607458660258,-0.18068900771557014,9.729702532999765
CC[O-],1.35128662540417,1.8425130968079229,2.1326776908198326,-9.834821396922818,11.967499087742649,0.29016459401191047,-0.40475373954938393,-0.40457883500460273,-0.00017490454478119588,9.834821396922818
CC(C)c1cc(C(C)C)c(-c2cccc(Cl)c2P(C2CCCCC2)C2CCCCC2)c(C(C)C)c1,0.2920753930402108,-0.3459950467306889,0.6905118361356333,-6.492052487842665,7.1825643239782995,1.0365068828663222,-0.3367910134900459,-0.2459040756001497,-0.09088693788989621,6.492052487842665
[Pd+]c1c(NP(N2CCCCC2)N2CCCCC2)cccc1NP(N1CCCCC1)N1CCCCC1,1.7649574626578546,1.313243259223694,1.3456999512759733,-4.9055179699981455,6.251217921274119,0.032456692052279315,-0.30289743047315143,-0.2956910993853955,-0.007206331087755924,4.9055179699981455
CCN(CC)c1ccccc1,0.9539841833188272,-2.2802395866117564,0.3078819495530441,-7.082394005986416,7.39027595553946,2.5881215361648007,-0.3365981374295524,-0.20725135186203258,-0.12934678556751983,7.082394005986416
[Sn+4],0.0,-3.571289688698737,0.17969277728792926,-7.57402049765548,7.753713274943409,3.7509824659866657,-0.2707344365773081,-0.2707344365773081,0.0,7.57402049765548
CCCCN,0.5412520329617921,-9.237904954069101,0.0035140350556550647,-8.531131901855336,8.534645936910989,9.241418989124758,-0.3610855753709456,0.04631154379138373,-0.40739711916232935,8.531131901855336
N#Cc1ccccc1,1.670562003880606,-0.32067049214965326,1.0803366273867265,-9.563088927957704,10.64342555534443,1.4010071195363798,-0.42312549990248344,-0.2767115542630416,-0.14641394563944182,9.563088927957704
CCN=C=NCCCN(C)C,0.4267446777892994,-2.067121970848454,0.3603129024824368,-7.249252845971217,7.609565748453654,2.4274348733308906,-0.3471106163354167,-0.23371580181061,-0.11339481452480668,7.249252845971217
CCOC(=O)N1c2ccccc2C=CC1OCC,0.6936568061674505,-0.23248226685082685,0.8815450949438699,-7.722631075205676,8.604176170149545,1.1140273617946967,-0.3771021778786533,-0.2605791766169171,-0.1165230012617362,7.722631075205676
O=C(O)c1ccccc1,0.8928262255688574,-0.15609392033740033,1.1103842055360025,-9.34109328813586,10.451477493671865,1.2664781258734028,-0.41800470185376315,-0.2795682973742882,-0.13843640447947497,9.34109328813586
On1nnc2cccnc21,0.5982800064828242,0.565562828768817,1.3404979333898253,-8.873288296539362,10.213786229929184,0.7749351046210082,-0.3906131998563634,-0.308448515669418,-0.08216468418694539,8.873288296539362
O=C(n1ccnc1)n1ccnc1,0.565680126914777,0.9985927520555293,1.5544625645325147,-8.937491095830143,10.491953660362658,0.5558698124769853,-0.40924824211407407,-0.31728244311507164,-0.09196579899900242,8.937491095830143
CCOC(=O)C(C#N)=NOC(=C[NH2+]C)N1CCOCC1,4.962725680855932,-1.0461496651578561,0.28539908386751767,-4.653585551277663,4.9389846351451805,1.331548749025374,-0.33682498119418663,-0.23368994600416843,-0.10313503519001821,4.653585551277663
O=C(NS(=O)(=O)C(F)(F)F)[C@@H]1CCCN1,2.3133104509832587,-0.5097528288549311,0.9875368190781642,-9.323855131536174,10.311391950614338,1.4972896479330953,-0.4028188459131985,-0.2812065875615475,-0.12161225835165101,9.323855131536174
CN(C)C(=[O+]n1nnc2ccccc21)N(C)C,3.5324483147687706,-0.4100506343792425,0.4060889057953149,-4.337187924486926,4.743276830282242,0.8161395401745574,-0.35079676581901215,-0.24978225012674815,-0.101014515692264,4.337187924486926
C[Al+]C,0.046143545500257704,-1.3577572001159104,0.23025651131887614,-4.697544902509419,4.927801413828295,1.5880137114347863,-0.3645613610449748,-0.23848475933756225,-0.12607660170741253,4.697544902509419
CN(C)C(Cl)=[N+](C)C,1.2702586940756075,-3.0541246282115773,0.004222278401394774,-3.5255586498342097,3.5297809282356045,3.058346906612972,-0.35236564105209733,-0.18892639499678093,-0.1634392460553164,3.5255586498342097
c1coc(P(c2ccco2)c2ccco2)c1,0.5232979872627114,-0.6083715089983617,0.7088267917335004,-7.308733284777281,8.017560076510778,1.317198300731862,-0.36542455618367636,-0.23250869854145778,-0.13291585764221858,7.308733284777281
O=C(OC(=O)C(F)(F)F)C(F)(F)F,0.2082828067335153,2.6387892193505893,2.873884000473162,-12.144627875435546,15.018511875908706,0.2350947811225733,-0.5203798693401969,-0.4026172085662741,-0.11776266077392278,12.144627875435546
CCCCn1cc[n+](C)c1,0.18520916393648762,-3.6842049815382296,0.0090986159252628,-2.9873442271471164,2.9964428430723795,3.693303597463492,-0.3568875316670651,-0.16185478646654133,-0.19503274520052377,2.9873442271471164
CN(C)C(On1nnc2ccccc21)=[N+](C)C,3.8544676971519687,-0.5015566182344324,0.37660595873370334,-4.308315243492235,4.684921202225937,0.8781625769681358,-0.34990025924378837,-0.24703226147736249,-0.10286799776642588,4.308315243492235
COc1nc(OC)nc([N+]2(C)CCOCC2)n1,3.054416228646345,-2.172437651587611,0.05809520209410199,-3.844725439804998,3.9028206418991003,2.2305328536817126,-0.33178971535289287,-0.2067319952102568,-0.12505772014263605,3.844725439804998
C[Mg]Br,2.348768146211546,-0.1574468101354034,1.013842421109436,-8.571720411889382,9.58556283299882,1.1712892312448393,-0.37755320076075566,-0.28301960223073586,-0.0945335985300198,8.571720411889382
[BH4-],0.07321886188204234,2.4324169542367438,2.5575706341026354,-10.06092325311332,12.618493887215955,0.12515367986589204,-0.40294188606591336,-0.4027108879314129,-0.0002309981345004486,10.06092325311332
C[Si](C)(C)OC(c1cc(C(F)(F)F)cc(C(F)(F)F)c1)(c1cc(C(F)(F)F)cc(C(F)(F)F)c1)[C@@H]1CCCN1,2.5093366421267693,1.549072879230681,1.777760283714839,-8.112423540718828,9.890183824433665,0.22868740448415842,-0.3920184377578961,-0.31150231265382833,-0.08051612510406775,8.112423540718828
O=C1CCC(=O)N1Br,1.7610798126291045,0.6628376559348697,1.502894103536883,-9.84320803809736,11.346102141634246,0.840056447602013,-0.43497985681195567,-0.30938954331313406,-0.1255903134988216,9.84320803809736
CCCP(=O)(O)OP(=O)(O)CCC,1.6817163233656751,-4.304966984315265,0.19424434207209224,-8.821348249349569,9.015592591421662,4.499211326387358,-0.42072080937408535,-0.10937717365580804,-0.3113436357182773,8.821348249349569
[Ti+4],0.0,-3.3929022058845124,0.0022000863304978,-3.747408047691451,3.7496081340219485,3.3951022922150105,-0.16828054584575913,-0.16828054584575913,0.0,3.747408047691451
ClP(Cl)Cl,0.09847983438746721,0.10124273369293313,1.2424313955741797,-9.631420802085099,10.87385219765928,1.1411886618812466,-0.43602213575102583,-0.26772482650796536,-0.16829730924306047,9.631420802085099
OC1CCN(Cc2cc(CN3CCC(O)CC3)c(CN3CCC(O)CC3)cc2CN2CCC(O)CC2)CC1,2.12125878286645,-1.1831785133886963,0.4171422476914896,-6.119924731428217,6.5370669791197065,1.6003207610801857,-0.3371156233797507,-0.22695073835706717,-0.11016488502268354,6.119924731428217
c1ccc(O[Si](Oc2ccccn2)(Oc2ccccn2)Oc2ccccn2)nc1,1.3732766381086254,0.5587103269375797,1.1290229837403039,-7.1671070727904205,8.296130056530723,0.5703126568027244,-0.3755776456755519,-0.26149608749238157,-0.11408155818317034,7.1671070727904205
CN(C)C(On1nnc2cccnc21)=[N+](C)C,3.4783281674317403,-0.2844845785707557,0.4543080128483694,-4.41909236683461,4.87340037968298,0.7387925914191251,-0.3403487703425552,-0.25368598777694445,-0.08666278256561072,4.41909236683461
O=S(Cl)Cl,1.0480046509559076,0.1391618545259936,1.361197347504908,-10.464590953235232,11.825788300740141,1.2220354929789143,-0.44895032566476517,-0.28922899372091787,-0.1597213319438473,10.464590953235232
CC(C)c1cccc(C(C)C)c1N1CCN(c2c(C(C)C)cccc2C(C)C)C1=[Pd-2](Cl)CC=Cc1ccccc1,3.1313419551394395,0.31116757288738306,0.7252684391088272,-4.782016724111207,5.507285163220034,0.41410086622144415,-0.2767536528046168,-0.2546004813667749,-0.0221531714378419,4.782016724111207
CN(C1CCCCC1)C1CCCCC1,0.31733084700067954,-6.90268103370779,0.0008487541476915468,-7.212262909354381,7.213111663502073,6.903529787855483,-0.33433421228894394,-0.021074851802807618,-0.31325936048613634,7.212262909354381
C(C=NN1CCCCCC1)=NN1CCCCCC1,1.6356198616313307,-0.9682111713273005,0.4773854289524368,-6.200659453663954,6.678044882616392,1.4455966002797371,-0.3045403277680255,-0.2496115604598359,-0.054928767308189574,6.200659453663954
C=C[C@H]1C[N@]2CCC1CC2C(Nc1c(Nc2cc(C(F)(F)F)cc(C(F)(F)F)c2)c(=O)c1=O)c1ccnc2ccc(OC)cc12,4.94276830507617,1.62703542548513,1.7351400522667806,-7.045929668193866,8.781069720460648,0.10810462678164998,-0.3736288212920889,-0.3032320625556165,-0.07039675873647239,7.045929668193866
O=C(Cl)C(=O)Cl,0.00018017025374595088,2.190188472855148,2.4413841758797985,-10.707798298999393,13.14918247487919,0.2511957030246504,-0.4608144764371674,-0.37509408612142026,-0.08572039031574713,10.707798298999393
CC[C@H]1C[N+]2(Cc3c4ccccc4cc4ccccc34)CC[C@H]1C[C@H]2[C@H](OCc1ccccc1)c1ccnc2ccccc12,2.548966496700707,0.9309415835566428,0.9983445091526929,-4.100059434061347,5.0984039432140404,0.06740292559605009,-0.33660119216267015,-0.2685598775739618,-0.06804131458870832,4.100059434061347
Cc1cc(C)c(O)c(C)c1,0.5962759667243936,-1.9974778670229902,0.4224857617148487,-7.731973155126472,8.15445891684132,2.4199636287378388,-0.3622811766504136,-0.21260205039248906,-0.14967912625792454,7.731973155126472
C#C[Si](C)(C)C,0.2149205769775087,-2.7703068444162433,0.36203235943515844,-8.478029037379505,8.840061396814662,3.132339203851401,-0.3914249880491363,-0.19076051180087247,-0.2006644762482638,8.478029037379505
c1ccc2c(c1)nnn2O[P+](N1CCCC1)(N1CCCC1)N1CCCC1,6.959004640523218,-1.8412354563710114,0.04039443230075605,-3.1055905604092713,3.1459849927100265,1.881629888671767,-0.3018725821612128,-0.1909213562578035,-0.11095122590340933,3.1055905604092713
[Bi+3],0.0,-2.599660879360399,0.2696272432986424,-7.19643816919506,7.466065412493703,2.869288122659042,-0.2681765733934959,-0.2681765733934959,0.0,7.19643816919506
CC(C)(C)[NH3+],0.6823221211055325,-7.427332785494729,1.4590542529120178,1.1396280752072294,0.31942617770478854,8.886387038406747,-0.42148928744834646,-0.019641723269973804,-0.40184756417837264,-1.1396280752072294
CC(C)CCON=O,1.4317356559698462,0.03895503521854771,1.166259025745838,-9.212545420552042,10.37880444629788,1.1273039905272904,-0.4183751730299703,-0.3442360060755706,-0.0741391669543997,9.212545420552042
BrB(Br)Br,0.7009637597608738,1.4032819355293737,1.94601328428831,-10.49156171340546,12.437574997693769,0.5427313487589356,-0.4529045668631235,-0.35259297442761084,-0.10031159243551269,10.49156171340546
CC1CN(P(c2ccccc2)N(C2CCCCC2)C2CCCCC2)CC(C)O1,0.709453525613161,-1.076799953055938,0.4817243125288619,-6.469597445009599,6.951321757538464,1.5585242655848002,-0.3351378083767155,-0.23067641571345168,-0.10446139266326379,6.469597445009599
CO[B-](OC)(OC)OC,0.989722325833265,3.379448385346283,3.43917647875327,-8.564346262269128,12.003522741022401,0.05972809340698736,-0.402546405229219,-0.40123586735545885,-0.0013105378737601203,8.564346262269128
OB(O)c1ccccc1Br,2.0792282970269995,-0.17495527675442624,1.0287907063992545,-8.741459797317473,9.770250503716724,1.2037459831536805,-0.3957748784448038,-0.27571739069881623,-0.12005748774598757,8.741459797317473
C=C[C@H]1CN2CC[C@H]1C[C@H]2[C@@H](Nc1c(NCc2cc(C(F)(F)F)cc(C(F)(F)F)c2)c(=O)c1=O)c1ccnc2ccc(OC)cc12,3.002369617753887,1.6856168231433957,1.7614694953149017,-6.822381088454234,8.583850583769136,0.0758526721715059,-0.36441355446310136,-0.3155646246157988,-0.04884892984730255,6.822381088454234
O=C(Nc1cc(C(F)(F)F)cc(C(F)(F)F)c1)Nc1ccccc1B(F)F,1.939435601986479,1.2298190578589798,1.6422834133609658,-8.63144671843423,10.273730131795196,0.4124643555019864,-0.40558738014958545,-0.3078577194183429,-0.09772966073124256,8.63144671843423
OCC(F)(F)F,0.7104226468074427,-6.9918417638218715,0.14112300381581297,-11.569562731679564,11.710685735495378,7.132964767637686,-0.46214565578767286,-0.057050729323698805,-0.40509492646397405,11.569562731679564
CC(C)COC(=O)Cl,1.1872574270678622,-1.237788880017578,0.8183030358617026,-9.699459379122217,10.51776241498392,2.0560919158792808,-0.44668114843158613,-0.2757316651736313,-0.17094948325795484,9.699459379122217
CCCP1(=O)OP(=O)(CCC)OP(=O)(CCC)O1,2.207423137396783,-2.871594080443924,0.36634398258622175,-8.693480771253851,9.059824753840072,3.2379380630301458,-0.43062833433645864,-0.14861957244943438,-0.2820087618870243,8.693480771253851
Br[P+](N1CCCC1)(N1CCCC1)N1CCCC1,3.7515747536521444,-1.8967608428100715,0.03409571197428698,-3.0594686213648865,3.0935643333391734,1.9308565547843588,-0.36304028931085214,-0.1993617950920037,-0.16367849421884845,3.0594686213648865
OB(O)O,2.275474497395326,-2.6728416962113144,0.6497781773279053,-11.149322367979313,11.799100545307219,3.3226198735392196,-0.44659161963870725,-0.24591612489128134,-0.2006754947474259,11.149322367979313
c1ccc(P(C2CCCCC2)C2CCCCC2)cc1,0.6300004500366607,-0.9971272219394174,0.5836758372401805,-7.174072726888728,7.757748564128909,1.5808030591795978,-0.35333973771357546,-0.2364239077463812,-0.11691582996719427,7.174072726888728
O=Cc1cc2ccccc2c(-c2c(O)ccc3ccccc23)c1O,1.8727961098308556,1.2111166037470067,1.5030301247406157,-7.450546696145448,8.953576820886065,0.29191352099360907,-0.3804081167322738,-0.30019874254203893,-0.08020937419023488,7.450546696145448
C[Si](C)(C)OC(c1ccccc1)(c1ccccc1)[C@@H]1CCCN1,0.4103559505306097,-0.8176641432806333,0.6285882079309298,-7.145880472643396,7.7744686805743255,1.4462523512115635,-0.3572018301553338,-0.22797126083988983,-0.12923056931544397,7.145880472643396
[Zr+4],0.0,1.406884711723074,1.4634812830581387,-5.598234741788955,7.061716024847093,0.05659657133506465,-0.24692844527779656,-0.24692844527779656,0.0,5.598234741788955
O=C1OCCN1P(=O)(Cl)N1CCOC1=O,3.1047959475801883,-0.3988320379046728,1.0446897215163529,-9.489669660883564,10.534359382399916,1.4435217594210257,-0.4423383121364428,-0.2504628341139027,-0.19187547802254012,9.489669660883564
C[C@@H](c1ccccc1)[C@@H](NC(=S)Nc1cc(C(F)(F)F)cc(C(F)(F)F)c1)N(C)C,3.617102032362685,1.0086700533704827,1.378361536184304,-7.360138821852683,8.738500358036987,0.369691482813821,-0.36050832047858206,-0.29872345903709485,-0.061784861441487204,7.360138821852683
CCOP(=O)(OCC)On1nnc2ccccc2c1=O,1.3622798266927174,0.968119914826878,1.4787759508218077,-8.422949055538522,9.901725006360328,0.5106560359949298,-0.40381290907184647,-0.3174270381090733,-0.08638587096277317,8.422949055538522
CC(C)[C@H]1COC(c2ccccc2Nc2ccccc2C2=NC(c3ccccc3)CS2)=N1,0.912412632665627,0.5684185607942664,1.0934944695864282,-6.836513233076515,7.930007702662941,0.5250759087921617,-0.35966166815289363,-0.2653539830243441,-0.09430768512854953,6.836513233076515
C1CCNC1,0.48175530806821504,-8.790484543139296,0.0009830357340246455,-8.422560223777339,8.423543259511364,8.79146757887332,-0.3512859500301585,0.0344325053866294,-0.3857184554167879,8.422560223777339
NO,0.2419854283516599,-6.971173385051394,0.11432813794087161,-11.028646367686628,11.142974505627501,7.085501522992265,-0.4047578609294709,-0.09115554320241921,-0.3136023177270517,11.028646367686628
C1CCC(P(C2CCCCC2)N2CCCCC2)CC1,0.7245560375670201,-3.47345832075914,0.1378232899498319,-6.8467187731350165,6.984542063084849,3.6112816107089722,-0.34266677416986163,-0.1382120356215984,-0.20445473854826324,6.8467187731350165
CS(C)=O,1.8178016173182792,-2.6981870905606864,0.41354274188713286,-8.889905037564017,9.30344777945115,3.1117298324478186,-0.38028900441396113,-0.190476835766741,-0.18981216864722014,8.889905037564017
CN(C)C(=[O+]n1ccccc1=O)N(C)C,2.500536821354167,-1.0550022824421355,0.20238237995431588,-3.882342499005148,4.084724878959463,1.2573846623964513,-0.3509654506270545,-0.2300287403864351,-0.12093671024061939,3.882342499005148
C[Te+](c1cc(C(F)(F)F)cc(C(F)(F)F)c1)c1cc(C(F)(F)F)cc(C(F)(F)F)c1,2.606750760858898,1.4727759383467172,1.5104126597891239,-5.522578894274966,7.0329915540640915,0.03763672144240667,-0.43531996175610105,-0.30594450158765546,-0.1293754601684456,5.522578894274966
FC(F)(F)c1cc([B-](c2cc(C(F)(F)F)cc(C(F)(F)F)c2)(c2cc(C(F)(F)F)cc(C(F)(F)F)c2)c2cc(C(F)(F)F)cc(C(F)(F)F)c2)cc(C(F)(F)F)c1,0.5690183068426595,5.870651645897059,8.105881098593983,-9.526538241422308,17.63241934001629,2.235229452696924,-0.46674294697290325,-0.4627547087682569,-0.003988238204646333,9.526538241422308
CCOC(=O)C(C#N)=NO,1.8553816525632973,0.6356799779336928,1.468763213751583,-9.66403469151668,11.13279790526826,0.83308323581789,-0.43198933059116745,-0.3268878400116237,-0.10510149057954377,9.66403469151668
O=S(=O)([O-])CCC[n+]1ccn(-c2cccc(-n3cc[n+](CCCS(=O)(=O)[O-])c3)n2)c1,12.150872896379502,2.489747263401818,2.5283991053343575,-6.373394632177829,8.90179373751219,0.03865184193253935,-0.34213552418465265,-0.33729081222818985,-0.004844711956462799,6.373394632177829
C[N+](C)(C)Cc1ccccc1,4.495940964935201,-2.9394905803358204,0.011359645380505427,-2.2525837555351496,2.263943400915655,2.950850225716325,-0.3220769786649426,-0.16233714147268924,-0.15973983719225338,2.2525837555351496
CC(C)(C)n1cc[n+](C(C)(C)C)c1,0.1818916690474716,-3.6969712034658357,0.017986767424760516,-2.7349350236667487,2.7529217910915094,3.714957970890596,-0.34983108951876696,-0.15671891385790312,-0.19311217566086383,2.7349350236667487
O=S(=O)(F)CBr,1.4037223169963644,-0.2876798197681856,1.260798317695958,-10.91988893336909,12.180687251065047,1.5484781374641434,-0.4572700239023927,-0.28484786726115235,-0.17242215664124033,10.91988893336909
CCCC[n+]1ccn(C)c1,0.1755989152737148,-3.685026644680807,0.009433099011375961,-2.976030661131256,2.985463760142632,3.694459743692183,-0.357085044979539,-0.16173322613037805,-0.19535181884916097,2.976030661131256
CC(C)(C)C(=O)OC(=O)C(C)(C)C,2.0811753676743034,-0.3654483583628503,0.949941513729247,-8.636533585496084,9.586475099225332,1.3153898720920971,-0.40387632588438327,-0.28139083701862494,-0.12248548886575833,8.636533585496084
[Ce+3],0.0,3.166847752468371,8.560178617681292,-3.895088070061087,12.455266687742379,5.393330865212921,-0.20432648866662048,-0.17185162719615207,-0.03247486147046841,3.895088070061087
O=S(=O)([O-])c1cccc(P(c2cccc(S(=O)(=O)[O-])c2)c2cccc(S(=O)(=O)[O-])c2)c1,3.4482028626493304,5.860593092232552,8.855948729384787,-8.961564628658794,17.817513358043584,2.995355637152235,-0.45079457185022664,-0.4504238580068041,-0.000370713843422521,8.961564628658794
CCCCCCCCCCCCOS(=O)(=O)[O-],5.787421717999626,4.5793234825736775,5.3905501584332525,-8.618229556832253,14.008779715265502,0.811226675859575,-0.43734950783968385,-0.4351151718758208,-0.002234335963863021,8.618229556832253
CC(C)(C)[C@H](NC(=S)Nc1cc(C(F)(F)F)cc(C(F)(F)F)c1)C(=O)N[C@H](c1ccccc1)[C@@H](c1ccccc1)N1CCCCC1,4.401775762653053,1.178226642088207,1.413265032637566,-6.78020647760137,8.193471510238938,0.23503839054935888,-0.3507534342884675,-0.29802014861265275,-0.052733285675814756,6.78020647760137
COP(OC)OC,0.5358777061555895,-4.289780367877536,0.17494177748608672,-8.524665983538842,8.699607761024929,4.464722145363622,-0.3822618435774924,-0.1274907822165491,-0.2547710613609433,8.524665983538842
[Ba+2],0.0,-5.373756710134786,0.008751497098866528,-6.276910197152283,6.285661694251149,5.382508207233653,-0.21682101036602694,-0.07840082362878477,-0.13842018673724216,6.276910197152283
CC1(C)C2CCC1(CS(=O)(=O)O)C(=O)C2,2.3527559508555447,-1.4781820101360954,0.6259703321126474,-8.572726803478094,9.198697135590741,2.104152342248743,-0.39526301616122295,-0.25876545962958,-0.13649755653164297,8.572726803478094
CCOP(=O)(C#N)OCC,0.9877873027401991,-1.3180563788447803,0.7622249491389249,-9.403847803247217,10.166072752386142,2.0802813279837054,-0.43417169666853767,-0.27492343060666763,-0.15924826606187004,9.403847803247217
O=COc1ccccc1,0.8507584966695931,-0.6259142090509284,0.9496951906538105,-9.31770822609094,10.267403416744749,1.575609399704739,-0.4147803825409568,-0.26848488778066126,-0.14629549476029552,9.31770822609094
O=P1(O)Oc2c(-c3c4ccccc4cc4ccccc34)cc3ccccc3c2-c2c(c(-c3c4ccccc4cc4ccccc34)cc3ccccc23)O1,1.48540205640645,1.6635534410617199,1.7023615868745363,-6.174021277328423,7.876382864202962,0.038808145812816434,-0.3490912022636318,-0.2902839919548168,-0.05880721030881497,6.174021277328423
CC[Al+]CC,0.004902451307214311,-0.8797646004860589,0.34707498992204366,-4.8782150186018125,5.2252900085238565,1.2268395904081024,-0.35336232113287047,-0.251581434488771,-0.10178088664409946,4.8782150186018125
CCOC(=O)Cl,1.0639441313607534,-1.223199752254497,0.8905393457349096,-10.273333568638845,11.163872914373753,2.1137390979894066,-0.4538265477641111,-0.2773014180993001,-0.176525129664811,10.273333568638845
O=P(Cl)(Cl)Cl,0.9682339613138519,-0.246204951858215,1.260355787266143,-10.799509879659839,12.059865666925985,1.506560739124358,-0.4711026515614658,-0.253251754262301,-0.2178508972991648,10.799509879659839
CC[N+](CC)(CC)Cc1ccccc1,4.353381542183723,-2.697374169997558,0.005051613931167647,-2.2502201783064724,2.2552717922376395,2.7024257839287253,-0.32447221512358176,-0.16663164993750915,-0.15784056518607262,2.2502201783064724
O=C(O)CCCCC(=O)O,1.354071778979596,-0.9782296397707508,0.836408088927406,-9.251786791588358,10.088194880515767,1.814637728698157,-0.4253651209944207,-0.24516300728404233,-0.18020211371037836,9.251786791588358
CC(C)(C)[C@@H](CN1CCCCC1)Nc1c(Nc2cc(C(F)(F)F)cc(C(F)(F)F)c2)c(=O)c1=O,4.691436594023493,1.120197586157886,1.4097625526993036,-7.074529744789579,8.484292297488883,0.2895649665414177,-0.35055489776298226,-0.3026462804803035,-0.047908617282678756,7.074529744789579
CN(C)C(=[O+]n1nnc2cccnc21)N(C)C,3.7859331723491163,-0.15608102537958057,0.5174330412948697,-4.587163420827281,5.104596462122151,0.6735140666744502,-0.3457240910049859,-0.2597984529234,-0.08592563808158593,4.587163420827281
O=P1(O)Oc2c([Si](c3ccccc3)(c3ccccc3)c3ccccc3)cc3ccccc3c2-c2c(c([Si](c3ccccc3)(c3ccccc3)c3ccccc3)cc3ccccc23)O1,1.186517355764496,1.2371383514572507,1.4242066524194814,-6.524339003260982,7.948545655680461,0.18706830096223062,-0.36758183803820915,-0.28473453074395666,-0.08284730729425249,6.524339003260982
CO[C@@H]1CCO[C@H](COCCC(=O)O)[C@H]1NC(=O)[C@H]1CCC[NH2+]1,6.67606331559255,-2.7383962934190973,0.008354508753920182,-2.1658736894729502,2.1742281982268703,2.746750802173018,-0.3504608777942796,-0.1631334043982451,-0.18732747339603448,2.1658736894729502
O=C(c1ccccc1O)N1CCOCC1,1.252660949199594,-0.3587276155471635,0.870185012708769,-7.975903525499323,8.846088538208091,1.2289126282559324,-0.38904597492771775,-0.26351968364204403,-0.12552629128567372,7.975903525499323
c1ccc(B2OCCCO2)cc1,0.6740320447798047,-0.9688079534016314,0.7152656631608855,-8.219968613447449,8.935234276608332,1.684073616562517,-0.3918575787739973,-0.2435453703462058,-0.1483122084277915,8.219968613447449
CC(C)(C)P(C1CCCCC1)C1CCCCC1,0.6581805657838848,-3.7443523364138684,0.10487575174311235,-6.705321658334967,6.8101974100780795,3.849228088156981,-0.3298522313673436,-0.12716651476123622,-0.20268571660610737,6.705321658334967
CN(C(=O)[C@@H](NC(=S)N[C@@H]1CCCC[C@H]1N)C(C)(C)C)C(c1ccccc1)c1ccccc1,0.9418060094720329,-0.24830188625625915,0.749167861376805,-6.70276980378973,7.451937665166535,0.9974697476330641,-0.32691149186832463,-0.2352583003678022,-0.09165319150052242,6.70276980378973
CCN1CCCCC1,0.3260621644298555,-8.008892495529368,0.0013518591838156619,-7.5980553427160995,7.599407201899913,8.010244354713185,-0.3371700093466733,0.01123879887371634,-0.3484088082203896,7.5980553427160995
CC(C)=C(Cl)N(C)C,0.8584569861407257,-2.469298595278429,0.30505270864069467,-7.369342860813587,7.67439556945428,2.7743513039191234,-0.34690487948371684,-0.2051133581621898,-0.14179152132152703,7.369342860813587
O=C1OI(=O)(O)c2ccccc21,4.858047826071304,1.9415213655254195,2.0635226592681803,-8.31956676670556,10.383089425973738,0.12200129374276075,-0.3875710158799077,-0.34428157698633094,-0.04328943889357678,8.31956676670556
CCCCCCc1cc(-c2ccccc2)c2ccc3c(-c4ccccc4)cc(CCCCCC)nc3c2n1,0.8417966166890763,0.5705501191445892,1.0845209716236126,-6.753935396914825,7.838456368538436,0.5139708524790234,-0.34826864651904016,-0.27117836212841245,-0.0770902843906277,6.753935396914825
O=C(O)[C@@H]1C[C@@H]2CCCCC2N1,1.0665603696776917,-2.130169367195107,0.4336475936150224,-8.082423655292114,8.516071248907139,2.5638169608101298,-0.36209178431992917,-0.2503019203146414,-0.11178986400528779,8.082423655292114
Cc1cc(C)c(S(=O)(=O)[O-])cc1P(c1cc(S(=O)(=O)[O-])c(C)cc1C)c1cc(S(=O)(=O)[O-])c(C)cc1C,2.4962877225676894,5.318483450854712,7.756561182522673,-8.31300386515118,16.069565047673844,2.4380777316679607,-0.43088269884484076,-0.4291621655670273,-0.001720533277813463,8.31300386515118
Cl[Pd-2](Cl)(Cl)Cl,3.9904485523674236,2.747422259952841,2.754531046231161,-8.830435754639533,11.584966800870696,0.007108786278320667,-0.4121720000585769,-0.3712397467030905,-0.04093225335548639,8.830435754639533
Cc1ccccc1-c1ccccc1P(C1CCCCC1)C1CCCCC1,0.7240011554600997,-0.6682353509982555,0.6109379133125983,-6.64807624489479,7.25901415820739,1.2791732643108538,-0.33895568358981015,-0.23257568144797808,-0.10638000214183208,6.64807624489479
C[Al](C)C,0.17683470673026158,-2.123036454814661,0.39112195491435403,-7.654069475883656,8.04519143079801,2.514158409729015,-0.352218919105542,-0.2182947421890283,-0.13392417691651368,7.654069475883656
C(=NC1CCCCC1)=NC1CCCCC1,0.6504113481538991,-2.7864798176506382,0.2854631773618863,-7.674106910118848,7.959570087480734,3.0719429950125243,-0.3701724958220029,-0.20162902058162452,-0.16854347524037838,7.674106910118848
O=P1([O-])Oc2c(-c3cccc4ccccc34)ccc3c2C2(CC3)CCc3ccc(-c4cccc5ccccc45)c(c32)O1,2.1804400651705267,3.7850746532678503,4.614166414174791,-6.8479679476384625,11.462134361813252,0.8290917609069408,-0.3777680841416344,-0.37654900579618367,-0.0012190783454507081,6.8479679476384625
c1ccc2c(c1)[nH]c1ccccc12,0.6802773211310229,-0.6116056292776006,0.7327323625965496,-7.5125022390529,8.245234601649448,1.34433799187415,-0.363321121792479,-0.24471538616095836,-0.11860573563152063,7.5125022390529
C[Si](C)(C)OC(c1cc(F)c(F)c(F)c1)(c1cc(F)c(F)c(F)c1)[C@@H]1CCCN1,2.616387411592222,0.6196780189380435,1.2500402967987367,-7.93120872545269,9.181249022251425,0.630362277860693,-0.3814911897393041,-0.28333048227400826,-0.09816070746529587,7.93120872545269
O=S(=O)(F)F,0.5927067512109219,-1.729406347605753,1.1089789100475222,-13.262036032284076,14.3710149423316,2.8383852576532753,-0.5105160808424765,-0.2528273456378108,-0.2576887352046657,13.262036032284076
CCCC[N+](C)(CCCC)CCCC,0.1861591210802446,-5.227562955322496,0.5893448924578754,-0.1788208086413725,0.7681657010992479,5.816907847780371,-0.4102751510947447,-0.0849657746153588,-0.3253093764793859,0.1788208086413725
CCCP1OP(CCC)OP(CCC)O1,0.6535843822244454,-1.498740017088593,0.41439861703713204,-6.7179116733536635,7.132310290390796,1.9131386341257248,-0.3468386486637487,-0.1999923769578516,-0.1468462717058971,6.7179116733536635
CC(C)(C)N,0.5420678874581858,-8.918812261679026,0.00019797745007501787,-8.75152024461726,8.751718222067337,8.919010239129099,-0.3596406216957166,0.038428726700693826,-0.3980693483964104,8.75152024461726
O=C(C1N=CC=N1)C1N=CC=N1,1.5287538731840002,1.4234668703780589,1.810957249138089,-9.171131614842214,10.982088863980302,0.3874903787600302,-0.42083856147367754,-0.32421770106385206,-0.09662086040982548,9.171131614842214
O=S(=O)([N-]S(=O)(=O)C(F)(F)F)C(F)(F)F,1.0810905232441987,6.459007547086344,7.862798244645954,-11.702957894806246,19.5657561394522,1.40379069755961,-0.5199444610495436,-0.5157864562486489,-0.004158004800894677,11.702957894806246
O=C1CCC(=O)N1,0.8568594583757214,-0.6511895470049085,1.0072734769600407,-9.850236362265159,10.8575098392252,1.6584630239649492,-0.4218994599999973,-0.2774264394923303,-0.14447302050766697,9.850236362265159
[Pd+3],0.0,-1.048942696544568,0.8419364730818029,-9.463668103946633,10.305604577028436,1.8908791696263711,-0.41219230295388476,-0.32952620580863856,-0.0826660971452462,9.463668103946633
C[Zn]C,0.21159119322421474,-4.083541935645114,0.1515512522612191,-7.894327855998458,8.045879108259676,4.235093187906334,-0.34274852495299546,-0.15428104025565856,-0.1884674846973369,7.894327855998458
CC[Al+2],0.09668108742424078,-2.687383222547133,0.24562465151220833,-7.064981914186113,7.310606565698321,2.933007874059341,-0.2976365157726141,-0.2106089063915012,-0.08702760938111287,7.064981914186113
CN(C)c1ccc(-n2cc[n+](-c3nc(=O)nc(-[n+]4ccn(-c5ccc(N(C)C)cc5)c4)[n-]3)c2)cc1,3.7182155996242274,0.5169392788421181,0.7108060566602531,-3.8111508938470244,4.521956950507278,0.19386677781813505,-0.31957330033834586,-0.2556928945465103,-0.06388040579183557,3.8111508938470244
[Tl+],0.0,-2.2117677547367296,0.05116362964726623,-1.0553651355520817,1.106528765199348,2.2629313843839953,-0.6364737762585878,-0.16392344571229356,-0.47255033054629425,1.0553651355520817
C[Si](Cl)(Cl)CCC(F)(F)F,1.1769348706118326,-2.1770997011471276,0.5650695165976418,-9.416560406164193,9.981629922761833,2.7421692177447694,-0.4336720893403245,-0.19913178620579783,-0.23454030313452665,9.416560406164193
CC(C)NNC(=O)c1ccccc1,1.3252157021091617,-0.5058283107452821,0.8130142567230293,-7.899841995498399,8.712856252221428,1.3188425674683113,-0.36217436327703045,-0.26007160010563546,-0.102102763171395,7.899841995498399
COC(c1ccccc1)(c1ccccc1)[C@H](N)CN1CCCCC1,0.5783570782102525,-0.8666592283292656,0.582906977804076,-6.875160281429267,7.458067259233343,1.4495662061333414,-0.33943013865865707,-0.230410690841918,-0.10901944781673906,6.875160281429267
O=C(O)[C@H](O)[C@@H](O)C(=O)O,0.7333262813183378,-0.35458908498598163,1.0822830923274531,-9.671871353153389,10.754154445480841,1.4368721773134348,-0.4291979119942746,-0.2779672558831959,-0.15123065611107872,9.671871353153389
CN(C)[C@@H]1CCCC[C@H]1NC(=S)Nc1cc(C(F)(F)F)cc(C(F)(F)F)c1,3.9172444606306023,0.7927866139798381,1.2703377574816495,-7.404077211539519,8.674414969021168,0.4775511435018113,-0.35613665297259756,-0.29716161395482443,-0.05897503901777312,7.404077211539519
CP(C)C,0.7823157962376973,-3.7940237585162127,0.19046755263514573,-8.04052607826087,8.230993630896014,3.9844913111513582,-0.3624214519665335,-0.1359919287227983,-0.22642952324373522,8.04052607826087
O=C(N[C@H](CP(c1ccccc1)c1ccccc1)c1ccccc1P(c1ccccc1)c1ccccc1)c1cc(C(F)(F)F)cc(C(F)(F)F)c1,2.332321156837704,1.46949790880561,1.5797974618323158,-6.519427026076544,8.09922448790886,0.11029955302670581,-0.3550684564743496,-0.31428473042379407,-0.040783726050555524,6.519427026076544
C1CNCCN1,3.4024742042663754e-06,-8.454445789371537,0.0050262837277768296,-7.649738637016247,7.654764920744023,8.459472073099313,-0.34166964617521606,0.021305891049730675,-0.36297553722494674,7.649738637016247
[O-][Cl+3]([O-])([O-])[O-],7.768098083566514e-05,6.602428048541016,7.100024801088603,-14.279214629074396,21.379239430163,0.4975967525475877,-0.5640708063776421,-0.5640706271996536,-1.7917798844635513e-07,14.279214629074396
C=CC(=O)OC,1.0241161843656572,-0.5990826835401828,1.0205996593078104,-9.824316721283537,10.844916380591346,1.6196823428479934,-0.416905027215996,-0.28433495976442597,-0.13257006745157002,9.824316721283537
CCP(c1ccccc1)c1ccccc1,0.6635059684046413,-0.5519305103811467,0.722371849930117,-7.279167570281887,8.001539420212007,1.274302360311264,-0.35780772507191866,-0.23946191504795342,-0.11834581002396524,7.279167570281887
CCCCCCCCCCCCCCCC[N+](C)(C)Cc1ccccc1,4.485581439503784,-2.8770146522314866,0.011974141613488238,-2.180941746867889,2.192915888481377,2.8889887938449745,-0.32140970817662573,-0.16188543349008191,-0.15952427468654382,2.180941746867889
CC(C)(C)[C@H](N)CNC1CCCCC1,0.7883370740647475,-7.230451971508927,4.812754760765544e-05,-7.305262038640818,7.305310166188424,7.230500099056536,-0.34474538175659303,-0.0013039605167990947,-0.34344142123979393,7.305262038640818
O=N[Fe-2],2.5396767557754125,-1.8212210977272743,0.3414336254095784,-6.624170850419299,6.965604475828878,2.162654723136853,-0.2733411566213847,-0.2663542889009334,-0.006986867720451317,6.624170850419299
CC(C)P(c1c(C2CCCCC2)n(C)c2ccccc12)C(C)C,0.9253035267054148,-0.9808598823687,0.5215380326401258,-6.607763690946355,7.12930172358648,1.502397915008826,-0.33994636462651406,-0.2309537851191108,-0.10899257950740326,6.607763690946355
c1ccc(-c2c(P(C3CCCCC3)C3CCCCC3)oc3ccccc23)cc1,0.5588371480662624,-0.21822197897094142,0.7769813428147303,-6.84354278056683,7.6205241233815615,0.9952033217856717,-0.3568266654482228,-0.24946129229169253,-0.10736537315653025,6.84354278056683
O=C([O-])c1ccc(F)cc1,1.5768441125001686,3.759249844014395,3.7846677907474033,-10.138786099050517,13.92345388979792,0.02541794673300862,-0.4579279843304133,-0.4409381303265712,-0.01698985400384212,10.138786099050517
CC(=O)C(C(C)=O)c1ccccc1,1.681094815659423,-0.08717534797778015,1.0144349660766638,-8.373412858621768,9.38784782469843,1.101610314054444,-0.3962529382086371,-0.27421020278099817,-0.12204273542763894,8.373412858621768
CCCCCCCC[n+]1ccc(-c2cc[n+](CCCCCCCC)cc2)cc1,0.07587397871707999,-1.4246260554373054,0.1489827271865242,-3.9573193263123834,4.106302053498907,1.5736087826238299,-0.24012939221725815,-0.20754455727664814,-0.032584834940610014,3.9573193263123834
Cc1cccc([N+](=O)[O-])c1C(=O)OC(=O)c1c(C)cccc1[N+](=O)[O-],0.9733604291242045,2.21267221080093,2.3017232189546597,-8.805168585367756,11.106891804322418,0.0890510081537296,-0.42975631776914075,-0.3368825112089578,-0.09287380656018296,8.805168585367756
C=C[C@H]1C[N@+]2(Cc3ccccc3)CC[C@H]1C[C@@H]2[C@@H](O)c1ccnc2ccc(OC)cc12,4.2915323856217436,-0.07478386827160044,0.40447115450290105,-3.453781009038826,3.858252163541727,0.4792550227745015,-0.31293509655304785,-0.23678871863082077,-0.07614637792222709,3.453781009038826
Cn1c(-c2ccccc2)c(P(C2CCCCC2)C2CCCCC2)c2ccccc21,0.8093796652116281,-0.41508978489709225,0.641557166126198,-6.274704363003604,6.916261529129801,1.0566469510232903,-0.3274675111313294,-0.23779511588411703,-0.08967239524721235,6.274704363003604
CCCCCCCCCCNC[C@@H](N)Cc1ccccc1,1.0576417610338913,-1.9896919705747624,0.3592325711443573,-7.100987947449768,7.460220518594126,2.34892454171912,-0.3512054018475206,-0.21477597221970018,-0.1364294296278204,7.100987947449768
O=C(NC(c1ccccc1)c1ccccc1)[C@@H]1CCCN1/C(=N/C1CCCCC1)NC1CCCCC1,1.0142679541316517,-0.38012150747598916,0.7422955231759277,-7.00041879855805,7.742714321733978,1.1224170306519168,-0.3563453040156203,-0.23665819666055926,-0.11968710735506105,7.00041879855805
Cn1cc[n+](CCCCC(=O)O[C@H]2CN[C@H](C(O[Si](C)(C)C)(c3ccccc3)c3ccccc3)C2)c1,4.0122295395543635,-0.6271371983603871,0.2107967686109505,-3.151437106837231,3.3622338754481813,0.8379339669713376,-0.3481485534676039,-0.21169801055720822,-0.1364505429103957,3.151437106837231
O=C(NS(=O)(=O)C(F)(F)C(F)(F)C(F)(F)C(F)(F)F)c1cccc(S(=O)(=O)NS(=O)(=O)C(F)(F)C(F)(F)C(F)(F)C(F)(F)F)c1,3.4742988568233177,1.715208108410887,2.057882424455355,-9.875329662756396,11.93321208721175,0.34267431604446746,-0.4619187215073144,-0.3324165904102107,-0.12950213109710368,9.875329662756396
O=C(c1ncc[nH]1)c1ncc[nH]1,2.2219358454108247,0.6475994842400725,1.342312020253988,-8.584333647799552,9.926645668053538,0.6947125360139152,-0.38234768478530373,-0.30330176078966,-0.07904592399564375,8.584333647799552
[Li]C(C)CC,1.8547331758557166,-1.9684919700822774,0.24452062365611066,-5.889028459806015,6.133549083462126,2.2130125937383878,-0.2731848137804681,-0.20016499029742169,-0.07301982348304642,5.889028459806015
CC1(C)C2CCC1(NC(=O)C1CC(O)CN1)C(O)C2,2.2367937132134346,-2.559713578774421,0.3254797427648141,-7.737861604203607,8.06334134696842,2.885193321539236,-0.3820131778682307,-0.21630230096093975,-0.16571087690729094,7.737861604203607
OC(Cn1cc[n+](Cc2ccccc2)c1)c1ccccc1,0.5683870488951441,-0.8641081325271571,0.16845827309839617,-3.206206688453923,3.374664961552319,1.0325664056255532,-0.38043850367196713,-0.21514113763427709,-0.16529736603769005,3.206206688453923
I[Pd]c1ccccc1,2.6721890847814627,1.5998272549936559,1.7767147967082473,-7.749454595719312,9.526169392427558,0.17688754171459123,-0.36602971332696305,-0.32985759857550384,-0.036172114751459206,7.749454595719312
COc1cc(OC)c2c(-c3ccccc3C)c3c(OC)cc(OC)cc3[s+]c2c1,1.3361511157311445,1.3752381490141117,1.430507053487782,-5.471512663185154,6.902019716672936,0.05526890447367019,-0.368163559672654,-0.30466201806928517,-0.06350154160336885,5.471512663185154
O=C(N[C@H](CNS(=O)(=O)C(F)(F)F)Cc1ccccc1)[C@H]1CCCN1,1.846153875167104,-0.19941412419957416,0.8869038808708873,-7.673268875355147,8.560172756226033,1.0863180050704617,-0.3622383924679476,-0.24192191125082005,-0.12031648121712754,7.673268875355147
C[C@@H](OC(C)(C)C)[C@H](NC(=S)N[C@@H](c1ccccc1)[C@@H](N)c1ccccc1)C(=O)OC(C)(C)C,4.017269860873505,0.028764912111115315,0.8432155279831491,-6.658930302295843,7.502145830278994,0.8144506158720338,-0.3198772779723011,-0.2563226737427739,-0.06355460422952719,6.658930302295843
N[C@H](c1ccccc1)[C@H](NP(=S)(c1ccccc1)c1ccccc1)c1ccccc1,2.7986055811762647,0.3308018337321803,0.9894684590088217,-6.856263481823687,7.845731940832507,0.6586666252766414,-0.3425041490917461,-0.2594574732918122,-0.08304667579993391,6.856263481823687
CC(C)(C)OO,0.8219946130742314,-4.478075397151884,0.22467695079541666,-9.488425320718614,9.71310227151403,4.7027523479473015,-0.4129429891183476,-0.16677816423777947,-0.24616482488056812,9.488425320718614
Brc1ccc(CN[C@@H]2CCCC[C@H]2NCc2ccc(Br)cc2)cc1,3.02552131874253,0.1358396316222974,0.9509145612076136,-7.189333330526141,8.140247891733756,0.8150749295853162,-0.3610076957679544,-0.25313242861203533,-0.10787526715591905,7.189333330526141
CC(C)(C1=N[C@@H](C(C)(C)C)CO1)C1=N[C@@H](C(C)(C)C)CO1,0.5316466872121687,-1.4573964874814065,0.5337987453050818,-7.716468318306022,8.250267063611107,1.9911952327864886,-0.3862937734332335,-0.224450689938141,-0.16184308349509252,7.716468318306022
O=C(OC(Cl)(Cl)Cl)OC(Cl)(Cl)Cl,0.18207773410506528,0.8995836736490652,1.617032487521593,-9.876934448671948,11.493966936193543,0.7174488138725277,-0.46772631533427544,-0.299302491684145,-0.16842382365013042,9.876934448671948
COc1ccccc1N,0.5792781839295938,-2.170977542041956,0.37101724793278246,-7.539629211458603,7.910646459391386,2.541994789974738,-0.34934600900677226,-0.21008660146938973,-0.13925940753738253,7.539629211458603
O=C(O)c1ccc(F)cc1,0.663089860669745,0.1413294290682181,1.2588637031930152,-9.638508732076712,10.897372435269727,1.1175342741247971,-0.4286698115713571,-0.290288054781135,-0.13838175679022208,9.638508732076712
[N-]=[N+]=NP(=O)(NN1CCOC1=O)NN1CCOC1=O,3.9792612129235145,0.14614535465092438,1.1264537269352404,-8.563043473179444,9.689497200114687,0.980308372284316,-0.40573804346838005,-0.3026667868326777,-0.10307125663570232,8.563043473179444
CP(c1ccccc1)c1ccccc1,0.6830817193759223,-0.5661191379631294,0.7245430204949267,-7.332397234472845,8.056940254967772,1.2906621584580562,-0.35878006936032236,-0.23945033619093103,-0.11932973316939133,7.332397234472845
Cc1nc(-c2cccc(-c3csc(C)n3)c2[Pd]Br)cs1,3.202838054747365,1.7419026720405544,1.8236899111851759,-7.097678323623219,8.921368234808396,0.08178723914462174,-0.37097171733729045,-0.32056859618788064,-0.05040312114940981,7.097678323623219
O=C1C=CC(=O)C=C1,1.1646362043789381e-05,2.020263923232699,2.2110302969234277,-9.421672444536506,11.632702741459937,0.19076637369072857,-0.4169815654799503,-0.3646000173655064,-0.0523815481144439,9.421672444536506
C(=C(C1=N[C@@H](Cc2ccccc2)CS1)C1=N[C@@H](Cc2ccccc2)CS1)c1ccco1,0.4398812089090119,0.8525034534968192,1.2625565313162312,-7.0758197975433195,8.338376328859551,0.4100530778194121,-0.3739929348237407,-0.28924076794245923,-0.08475216688128145,7.0758197975433195
C=C[C@H]1C[N@+]2(Cc3cc(C(F)(F)F)cc(C(F)(F)F)c3)CC[C@H]1C[C@@H]2[C@H](O)c1ccnc2ccccc12,4.160735405013859,0.7347927060927031,0.8991846417199971,-4.399833782522469,5.299018424242466,0.164391935627294,-0.34637211876522467,-0.26972814004347534,-0.07664397872174933,4.399833782522469
CS(=O)(=O)Cl,1.776804067331272,-0.5817843945748882,1.1477278747731976,-10.808310417452002,11.956038292225198,1.7295122693480858,-0.45850324206651427,-0.25436729885539,-0.20413594321112427,10.808310417452002
CN(C)[C@@H]1CCCC[C@H]1NC(=S)N[C@H](c1ccccc1)[C@H](NS(=O)(=O)c1cc(C(F)(F)F)cc(C(F)(F)F)c1)c1ccccc1,3.1148114637238664,1.5234458334918184,1.6485790062944963,-6.88764501173852,8.536224018033014,0.12513317280267794,-0.3366193676498045,-0.32532216250925966,-0.01129720514054483,6.88764501173852
Cc1ccccn1,0.7477992717287074,-1.3749524654986458,0.6515577834414784,-8.577510003550254,9.229067786991731,2.026510248940124,-0.3663832827549384,-0.24873630633644514,-0.11764697641849328,8.577510003550254
CC(C)(C)C(=O)Cl,1.1780228617441437,-0.8160703476724578,0.9176118675458805,-9.531669748551552,10.449281616097434,1.7336822152183384,-0.42567076239514196,-0.286710416828757,-0.13896034556638498,9.531669748551552
O=S(=O)(Cl)c1cc(Cl)cc(Cl)c1O,2.331546553817723,1.0715226980090984,1.6160695876971123,-9.145142983532626,10.761212571229738,0.5445468896880143,-0.4300651278794969,-0.3098053433984504,-0.12025978448104652,9.145142983532626
c1ccc(B(c2ccccc2)c2ccccc2)cc1,0.31254023845056483,0.015201009461152992,0.9505691924246604,-7.558827986032483,8.509397178457146,0.9353681829635074,-0.3813843050417433,-0.27064189235718417,-0.11074241268455914,7.558827986032483
C1CCC2OC3CCCCC3OCCOCCOCCOCCOC2C1,1.8749984697553663,-6.008428245148706,0.012156183988818622,-7.139179273480705,7.151335457469524,6.020584429137524,-0.36897982228988707,-0.024005050553878707,-0.3449747717360084,7.139179273480705
C1CN[C@H](CN2CCCC2)C1,0.4555920428214761,-7.134322573398917,0.0001937932126668934,-7.2838321859740915,7.284025979186759,7.1345163666115825,-0.34585651348181423,-0.008591514582393364,-0.33726499889942085,7.2838321859740915
O=C(Nc1ccccc1)OC[C@@H]1CCCN1,0.7416485019955286,-1.077397094050876,0.5940042528732122,-7.439027249502228,8.03303150237544,1.6714013469240878,-0.3564459711669855,-0.23557498158780296,-0.12087098957918255,7.439027249502228
C[n+]1ccccc1Cl,0.8273347299463065,-0.9895707338511888,0.33339862206284815,-4.9797078181642025,5.313106440227051,1.3229693559140372,-0.3965759540615435,-0.2517037501615399,-0.1448722039000036,4.9797078181642025
CC[C@H]1C[N@]2CC[C@H]1C[C@H]2C(NC(=S)Nc1cc(C(F)(F)F)cc(C(F)(F)F)c1)c1ccnc2ccc(OC)cc12,3.557369341942441,1.6184573618727907,1.7247549007923049,-6.993277985107261,8.718032885899563,0.10629753891951431,-0.3568527388175313,-0.3027289117693145,-0.05412382704821683,6.993277985107261
CC1(C)[C@@H]2CC[C@@]1(CN1CCCC1)[C@@H](Nc1c(NCc3cc(C(F)(F)F)cc(C(F)(F)F)c3)c(=O)c1=O)C2,4.516085679966444,0.8957389010875065,1.2882976962617607,-7.102047015700528,8.39034471196229,0.3925587951742543,-0.363668692645116,-0.30428659780224915,-0.05938209484286683,7.102047015700528
O=P(O)(Oc1ccccc1)Oc1ccccc1,0.7840491163408358,-0.4764291338999236,0.8524756923718355,-8.143765988602992,8.996241680974824,1.328904826271759,-0.4002741553963752,-0.2378902346974135,-0.16238392069896168,8.143765988602992
CN(C)P(N(C)C)N(C)C,0.43494486198662147,-3.9824516889761443,0.062419570463188585,-6.24202201407142,6.304441584534609,4.044871259439333,-0.30769363204691025,-0.125168642555532,-0.18252498949137824,6.24202201407142
N=C(N)N,1.221076076469546,-4.184356433155673,0.23141892306367212,-9.153582995479656,9.385001918543328,4.415775356219345,-0.36208351432912306,-0.17438382851448564,-0.18769968581463742,9.153582995479656
CC(C)(C)OC(=O)C[C@H](NC(=S)N[C@H](c1ccccc1)[C@H](N)c1ccccc1)C(=O)OC(C)(C)C,2.685221346784294,0.14380663334287824,0.9088260686134708,-6.826810773684606,7.735636842298079,0.7650194352705927,-0.3290608449803038,-0.250193588256794,-0.0788672567235098,6.826810773684606
CC(C)(C)[C@H]1COCN1,0.8023224542441185,-7.487696439562679,0.009285802348657196,-8.580229588721993,8.589515391070648,7.496982241911337,-0.3824709172909863,-0.005721145736977974,-0.37674977155400835,8.580229588721993
CCCC1N[C@@H](C(C)(C)C)CO1,0.6652794814807627,-7.235691912883094,0.0029838195209389035,-7.835489786559988,7.838473606080926,7.238675732404034,-0.35920784588455185,-0.007442893409878882,-0.351764952474673,7.835489786559988
CC(C)(C)[C@@H](CN1CCCCC1)NC(=S)N[C@@H](c1ccccc1)[C@@H](NS(=O)(=O)c1ccc([N+](=O)[O-])cc1)c1ccccc1,3.9004693473045124,2.0104844125853987,2.019873057320727,-6.619845296114372,8.639718353435102,0.009388644735328059,-0.3424389826914198,-0.3369805194458943,-0.005458463245525513,6.619845296114372
C[Si](C)(C)OC(c1ccccc1)(c1ccccc1)[C@H]1CCCN1,0.3468448150551894,-0.7210735044990972,0.6687447299715127,-7.2523379323226145,7.921082662294128,1.38981823447061,-0.35851195797713775,-0.23044199439780264,-0.12806996357933512,7.2523379323226145
c1ccc(-c2ccnc3c2ccc2c(-c4ccccc4)ccnc23)cc1,1.5598780690991296,0.6798699680766145,1.1787201303904675,-7.102269208031078,8.280989338421547,0.49885016231385304,-0.3558975973464738,-0.281362254037846,-0.07453534330862782,7.102269208031078
CN(C)[P+](On1nnc2ccccc21)(N(C)C)N(C)C,6.45942723927706,-1.6797504904734586,0.06334859034004096,-3.2623423215426577,3.325690911882699,1.7430990808134992,-0.306811077158054,-0.19558130199254123,-0.11122977516551277,3.2623423215426577
O=C(ON1C(=O)CCC1=O)ON1C(=O)CCC1=O,1.3250970574361531,1.0224250677865987,1.5839488316990753,-9.085743326075972,10.669692157775048,0.5615237639124768,-0.4347016412654777,-0.29457600861043404,-0.14012563265504369,9.085743326075972
CC1(C)O[C@@H]2[C@@H](CO[C@]3(COC(C)(C)O3)[C@@]2(O)CNC(=S)Nc2cc(C(F)(F)F)cc(C(F)(F)F)c2)O1,3.227296697876437,0.9967614482606226,1.4114086563027075,-7.708903657170554,9.120312313473265,0.4146472080420847,-0.36461848228010213,-0.303215711304158,-0.061402770975944154,7.708903657170554
Cn1cc[n+](C2=C([n+]3ccn(C)c3)C(=C(Cl)Cl)C2=C(Cl)Cl)c1,5.428479234944659,-0.5282492562378547,0.33838093633783983,-4.047879687871886,4.386260624209725,0.8666301925756945,-0.2523344430429953,-0.22940925710031856,-0.02292518594267673,4.047879687871886
CC(=O)OCC1OC(NC(=S)NC2CCCCC2N(C)C)C(OC(C)=O)C(OC(C)=O)C1OC(C)=O,2.843673512457594,0.3671423789533659,0.9990627918508248,-6.807355278417283,7.806418070268107,0.6319204128974588,-0.3258591459147144,-0.2718872667111491,-0.053971879203565276,6.807355278417283
O=c1c(N[C@@H]2CCCC[C@H]2N2CCCCC2)c(N[C@@H]2CCCC[C@H]2N2CCCCC2)c1=O,3.659086480265824,-0.8788849784418868,0.5235664929758603,-6.400748589413309,6.92431508238917,1.4024514714177472,-0.3448332258615202,-0.25340872204044657,-0.09142450382107364,6.400748589413309
ClCCCl,1.1014713914829204,-2.6871835787143077,0.47561353605105605,-9.495583698268252,9.971197234319309,3.1627971147653637,-0.41942153357549194,-0.17404699191065423,-0.24537454166483771,9.495583698268252
CC(C)(C)[Si](C)(C)OC(c1ccccc1)(c1ccccc1)[C@@H]1CCCN1,0.995750619389875,-0.7191053314865554,0.5971671572719451,-6.654117881419424,7.251285038691369,1.3162724887585002,-0.34534706196994036,-0.2351063962718751,-0.11024066569806526,6.654117881419424
Cc1cc(C)c(N2CC(c3ccc([N+](=O)[O-])cc3)N(c3c(C)cc(C)cc3C)C2=[Pd])c(C)c1,4.0447267096225055,1.6502762003473466,1.6895460630745314,-6.138234151538224,7.827780214612757,0.03926986272718482,-0.326357761715849,-0.32102123150591244,-0.005336530209936574,6.138234151538224
Clc1cccnc1Cl,1.2512080551160694,-0.06615614473188458,1.096707843825267,-8.970193838194769,10.066901682020037,1.1628639885571517,-0.4066840931527808,-0.28693786621924305,-0.11974622693353776,8.970193838194769
[O-][I+3]([O-])([O-])[O-],0.04012350147427055,6.699727791377134,7.562351148389604,-13.333250237452539,20.89560138584214,0.862623357012469,-0.5484625508835992,-0.5483820358241962,-8.051505940298576e-05,13.333250237452539
OC(Cn1cc[n+](Cc2c3ccccc3cc3ccccc23)c1)Cn1c2ccc(Cl)cc2c2cc(Cl)ccc21,1.7563586350947749,1.0649389973440977,1.099211900365067,-4.10829183794552,5.207503738310587,0.0342729030209694,-0.3347909770259138,-0.26874210600473486,-0.06604887102117896,4.10829183794552
CS(=O)(=O)n1cc[n+](S(C)(=O)=O)c1,3.827455273113784,-1.3842669980332545,0.22753195264883316,-4.716743297268604,4.944275249917437,1.6117989506820876,-0.417234361405253,-0.2331483002605267,-0.1840860611447263,4.716743297268604
CC(C)C[O-],1.4213484786923132,1.8045322037304299,2.038815759915479,-9.115251790134211,11.15406755004969,0.23428355618504906,-0.3945299430718679,-0.39250953239426783,-0.0020204106776000597,9.115251790134211
O=[N+]([O-])c1ccc(O)cc1,2.484021393104308,0.9396645803267996,1.6060188448468584,-9.6223861613136,11.228405006160457,0.6663542645200593,-0.4279327245845789,-0.3246826203679388,-0.1032501042166401,9.6223861613136
ClB(Cl)Cl,0.04359752580265013,0.20529225345982738,1.3782608245031884,-10.393663556332971,11.77192438083616,1.172968571043361,-0.4538552496132658,-0.31347278357574593,-0.14038246603751986,10.393663556332971
CN(C)[C@@H]1CCCC[C@H]1Nc1nc2cc(C(F)(F)F)cc(C(F)(F)F)c2[nH]1,3.6911388090456714,0.23718430005874502,1.0543609610685298,-7.693154198611158,8.747515159679686,0.8171766610097848,-0.368265574329348,-0.28415741457394533,-0.08410815975540264,7.693154198611158
Oc1c(F)c(F)c(F)c(F)c1F,1.1087302996575823,0.21786596285068427,1.37876187884377,-10.357772876512827,11.7365347553566,1.1608959159930858,-0.45063468840640064,-0.3037544211060456,-0.14688026730035503,10.357772876512827
c1ccc(P(CCP(c2ccccc2)c2ccccc2)c2ccccc2)cc1,0.8940586209819044,0.16085412517838993,0.8969249845476794,-6.676954350684994,7.573879335232674,0.7360708593692896,-0.3564468605135528,-0.24358595242447234,-0.11286090808908045,6.676954350684994
C[n+]1ccccc1-c1cn(Cc2ccc(Br)cc2)n[n+]1C,2.523475360196207,-0.018548841979992403,0.5196729820909921,-4.21270512727904,4.732378109370032,0.5382218240709845,-0.25445479188578596,-0.2468936675395001,-0.0075611243462858635,4.21270512727904
CC(C)(C)C(=O)[O-],2.173784076448197,2.9990458147284746,3.0034284971160674,-9.47358992177924,12.477018418895305,0.0043826823875922905,-0.44315693043978877,-0.4127721098064394,-0.030384820633349352,9.47358992177924
CC(C)P(C(C)C)C(C)C,0.679758605890663,-3.631585021414863,0.14889564930833665,-7.228226429574638,7.377122078882975,3.780480670723199,-0.34300290862794985,-0.13452096778274908,-0.20848194084520077,7.228226429574638
O=C([C@H]1CCCN1)N1CCC[C@H]1CCCNS(=O)(=O)C(F)(F)F,2.7779276400517654,-0.9023460214397674,0.6643850023678134,-7.6408909953032484,8.305275997671062,1.5667310238075807,-0.3529389077849784,-0.2274468076807925,-0.12549210010418588,7.6408909953032484
FC(F)(F)c1cc(P(c2cc(C(F)(F)F)cc(C(F)(F)F)c2)c2cc(C(F)(F)F)cc(C(F)(F)F)c2)cc(C(F)(F)F)c1,1.0892786154730885,2.4779168247662904,2.544520595556035,-9.34685759431817,11.891378189874205,0.06660377078974483,-0.4395474759992049,-0.33812623096892935,-0.10142124503027555,9.34685759431817
O=C(NC(=S)NCc1ccccn1)c1ccccc1,3.6647906115291615,0.8700955018270671,1.2915761232237015,-7.247478025222051,8.539054148445754,0.42148062139663484,-0.3369863620045404,-0.27909063780277066,-0.05789572420176975,7.247478025222051
CC[Zn]CC,0.20524665694815022,-4.196839920436762,0.09100851157977767,-7.059611899961382,7.15062041154116,4.287848432016539,-0.33144559211052815,-0.14455041129861523,-0.18689518081191292,7.059611899961382
CCCCCn1c(=[Te])n(CCCn2c(=[Te])n(CCCCC)c3ccccc32)c2ccccc21,1.5278111727099721,-0.2890606072205868,0.5674278464938781,-5.347306802268621,5.914734648762501,0.8564884537144649,-0.2970487311188899,-0.23416787019601656,-0.06288086092287334,5.347306802268621
S=c1c(NCc2ccccc2)c(N[C@@H]2CCCC[C@H]2N2CCCCC2)c1=S,4.3282800461059106,0.769247977887713,1.1338114024254493,-6.337677760129129,7.471489162554579,0.36456342453773627,-0.3292884751468516,-0.28686977256981316,-0.04241870257703845,6.337677760129129
CN(C)[C@H]1CCCC[C@@H]1NC(=S)Nc1cc(C(F)(F)F)cc(C(F)(F)F)c1,3.9999826602953124,0.8000041808056393,1.2598584479537314,-7.284034763193317,8.543893211147045,0.4598542671480923,-0.3561286180423377,-0.2989314163159737,-0.057197201726364,7.284034763193317
CCn1cc[n+](C)c1,0.16792925413894452,-3.7059394056576025,0.008446120304066577,-3.0312365178069998,3.0396826381110666,3.7143855259616685,-0.35738461702914914,-0.1622500159952693,-0.19513460103387983,3.0312365178069998
C[n+]1ccc(B(O)O)cc1,2.398595471950585,-0.9353976060754365,0.3388256358149172,-4.91897562988472,5.257801265699637,1.2742232418903536,-0.3827565685270738,-0.2498837702997449,-0.1328727982273289,4.91897562988472
COc1cccc(OC)c1-n1nncc1P(C1CCCCC1)C1CCCCC1,1.910658429480872,-0.08795145316437392,0.8292326679413402,-6.893283559943599,7.722516227884939,0.917184121105714,-0.3492243012165411,-0.2584723903213262,-0.0907519108952149,6.893283559943599
O=Cc1ccccc1,1.4361738597582792,0.1466811062377511,1.2011573587616833,-9.159666952372326,10.36082431113401,1.0544762525239322,-0.4015125553957738,-0.29549781139962805,-0.10601474399614574,9.159666952372326
O=C(O)C(Cl)(Cl)Cl,0.7167480637690308,0.25238603290311,1.3794813190944273,-10.25321508240449,11.632696401498917,1.1270952861913173,-0.45516196523837216,-0.31104295156646866,-0.1441190136719035,10.25321508240449
c1ccc(-c2ncc[nH]2)cc1,1.3533360290578198,-0.6453057553779846,0.7777256154155742,-7.964253746463344,8.741979361878919,1.423031370793559,-0.3729344382109649,-0.2504886037192637,-0.12244583449170121,7.964253746463344
CC(C)c1cccc(C(C)C)c1-n1cc[n+](Cc2ccccc2P(c2ccccc2)c2ccccc2)c1,1.3266066435276747,-0.006767820083477538,0.41661510416331415,-3.3531697647003504,3.7697848688636655,0.4233829242467917,-0.34480021506996716,-0.23441650299472763,-0.11038371207523953,3.3531697647003504
COc1cccc(OC)c1-c1cccc2c1P(C(C)(C)C)C(Cc1c(C(C)C)cc(C(C)C)cc1C(C)C)O2,0.9610348993701419,-0.3119486783290055,0.7245806213846708,-6.676794595941855,7.4013752173265255,1.0365292997136764,-0.36073580475711947,-0.23312810546661128,-0.1276076992905082,6.676794595941855
[O-][Cl+3]([O-])([O-])O,1.5510072769671306,-0.7111681388431856,1.417292677404098,-13.32774346199269,14.745036139396788,2.128460816247284,-0.5240839342724808,-0.29269865000007284,-0.23138528427240795,13.32774346199269
CN(C)C(=[O+]N1C(=O)CCC1=O)N(C)C,2.0110651396923043,-1.0010546568152496,0.23567370469321777,-4.103247026986125,4.338920731679343,1.2367283615084677,-0.37573943327859044,-0.23473834035237115,-0.1410010929262193,4.103247026986125
CC(C)[C@@H](CN(C)C)NC(=S)Nc1cc(C(F)(F)F)cc(C(F)(F)F)c1,3.099911757796519,0.9185923731639516,1.3309720535671834,-7.368715028666793,8.699687082233977,0.4123796804032318,-0.3613855342612899,-0.3004105746127158,-0.06097495964857408,7.368715028666793
O=C([O-])CC(=O)[O-],1.603888494480238,5.1704469997562,5.385874222223509,-12.064427976271702,17.45030219849521,0.21542722246730897,-0.5020024623682402,-0.4877295633386549,-0.014272899029585284,12.064427976271702
O=c1c(Nc2cc(C(F)(F)F)cc(C(F)(F)F)c2)c(N[C@@H]2CCCC[C@H]2N2CCCC2)c1=O,5.084343978986096,1.0775024755638327,1.4185233915408655,-7.378665557807473,8.797188949348339,0.3410209159770327,-0.3720293234437646,-0.3014540067381138,-0.07057531670565081,7.378665557807473
O=C(O)CCOC[C@H]1OCCC[C@@H]1NC(=O)[C@H]1CCC[NH2+]1,6.8792761875966315,-1.9377938907989405,0.015345448253461411,-2.691670289241345,2.7070157374948063,1.9531393390524021,-0.3447265627786721,-0.18642337039894288,-0.1583031923797292,2.691670289241345
N[C@H](c1ccccc1)[C@H](N)c1ccccc1,0.0427216313527564,-0.7927335278460683,0.6798469496870939,-7.5143793808826675,8.19422633056976,1.472580477533162,-0.3657180673598239,-0.22658527482563043,-0.13913279253419344,7.5143793808826675
O=C(O)c1ccccc1C(=O)O,1.4414941196099924,0.4091735845334359,1.3270528934227415,-9.313694293196466,10.640747186619206,0.9178793088893057,-0.42290522762981053,-0.2919697681023452,-0.13093545952746533,9.313694293196466
C1C[NH+]2CCN1CC2,1.0521246388034753,-5.834215093540246,0.6907500925076329,-0.1052236539923852,0.7959737465000181,6.524965186047882,-0.34274250924465627,-0.07252369463601716,-0.2702188146086391,0.1052236539923852
OC(c1cccc(-c2cccc([C@@H](O)C34CC5CC(CC(C5)C3)C4)n2)n1)C12CC3CC(CC(C3)C1)C2,0.5301256493065166,0.6528271871477589,1.16486865249287,-7.09588306098934,8.26075171348221,0.512041465345111,-0.3827135170158666,-0.2871842064743032,-0.09552931054156338,7.09588306098934
Cc1cc(CN2CCCC2C(O)(c2ccccc2)c2ccccc2)c(O)c(CN2CCC[C@H]2C(O)(c2ccccc2)c2ccccc2)c1,1.7977373764955649,0.0319437106012872,0.7796352126620729,-6.140582400560971,6.920217613223043,0.7476915020607856,-0.32667525778555545,-0.2352898948927903,-0.09138536289276514,6.140582400560971
[Yb+3],0.0,0.19074290096495616,0.8032556717576024,-5.82800067642688,6.631256348184481,0.6125127707926462,-0.281868179990399,-0.21934562547479058,-0.0625225545156084,5.82800067642688
[Sm+3],0.0,2.1748274691252005,2.374594709013914,-4.568581368185489,6.943176077199405,0.1997672398887136,-0.2309791136690574,-0.1884883741620518,-0.042490739507005604,4.568581368185489
c1ccc2c(-c3c4ccccc4cc4ccoc34)c(P(C3CCCCC3)C3CCCCC3)ccc2c1,0.4655686888175794,0.7081541695765132,1.105679410322496,-6.366462334871949,7.472141745194447,0.39752524074598294,-0.34109016345401943,-0.2712118347773565,-0.06987832867666294,6.366462334871949
CCCCN(CCCC)CCCC,0.33082624601627963,-7.517566657500762,0.00023741670835308951,-7.349526275048795,7.349763691757148,7.517804074209114,-0.33554470359044286,0.0015720029079672852,-0.33711670649841013,7.349526275048795
CCOP(=O)(Cl)OCC,1.8462773471252796,-2.744519014859612,0.46646296207161775,-9.505763250471816,9.972226212543434,3.2109819769312304,-0.44314208755467127,-0.1765555757696851,-0.26658651178498616,9.505763250471816
Cc1c(Cl)ccc[n+]1I,1.2878926316654107,0.29250690195926765,0.8171838270816485,-5.59541147794652,6.412595305028168,0.5246769251223808,-0.4025970587185937,-0.28559812440216686,-0.11699893431642683,5.59541147794652
Cc1ccc(S(=O)(=O)Cl)cc1,2.6809626064356755,0.29616845496182176,1.289928382061664,-9.39234912719861,10.682277509260274,0.9937599270998423,-0.43610040476894085,-0.28299098840664183,-0.15310941636229902,9.39234912719861
Cc1ccc(C)c(S(=O)(=O)[O-])c1,3.2681650959432456,3.8241153313949283,3.965399049675003,-9.043496706485637,13.00889575616064,0.14128371828007422,-0.42983014386139545,-0.4191992014575331,-0.010630942403862365,9.043496706485637
[Au+3],0.0,-2.3593168490199865,0.545317030434302,-9.574782140742302,10.120099171176605,2.9046338794542894,-0.3520070361137317,-0.28254908693080316,-0.06945794918292852,9.574782140742302
FC(F)(F)COc1nc(OCC(F)(F)F)nc(OCC(F)(F)F)n1,2.5676178891188766,0.4996288789098724,1.4506546185569946,-10.001261416463715,11.45191603502071,0.9510257396471222,-0.4428064444772651,-0.30624611715572375,-0.13656032732154133,10.001261416463715
COc1ccc2ccccc2c1-c1c(P(C2CCCCC2)C2CCCCC2)ccc2ccccc12,0.492257261959479,0.45190187608180565,0.9789219805970287,-6.336865410407469,7.315787391004498,0.5270201045152231,-0.3379449312332282,-0.26314808135400747,-0.07479684987922075,6.336865410407469
CC(C)(C)c1cc(Cc2cc(C(C)(C)C)cc(C(C)(C)C)c2O)c(O)c(C(C)(C)C)c1,1.1630862048551927,-1.009314420318376,0.5468529345887023,-6.886701084858075,7.433554019446777,1.5561673549070782,-0.36044462708903535,-0.21846855602985407,-0.14197607105918128,6.886701084858075
Cc1ccc(N)cc1N,0.45331815916101503,-2.4062232225533493,0.29607443385247534,-7.168411395014056,7.4644858288665334,2.702297656405825,-0.34047030660363403,-0.1999978904051966,-0.14047241619843742,7.168411395014056
CCCCCC[n+]1ccn(C)c1,0.1706581830715617,-3.6648412015665013,0.008709593281346423,-2.9841922350807195,2.9929018283620663,3.673550794847848,-0.3571453964536067,-0.16210261125836264,-0.19504278519524407,2.9841922350807195
COc1cccc(OC)c1-c1c(P(C2CCCCC2)C2CCCCC2)c2ccccc2n1C,1.168689002447748,-0.5707081556081572,0.585245151883188,-6.201712639072866,6.7869577909560554,1.1559533074913453,-0.32775126598253757,-0.23055955818132068,-0.09719170780121689,6.201712639072866
O=C(Nc1cc(C(F)(F)F)cc(C(F)(F)F)c1)N[C@H]1CN(Cc2ccccc2)C[C@@H]1c1ccccc1,3.110106907135562,0.8913916324066715,1.3335124156770222,-7.514005757198815,8.847518172875835,0.4421207832703509,-0.3672424745362704,-0.2988658486699007,-0.06837662586636972,7.514005757198815
CC(C)(C1=N[C@H](c2ccccc2)[C@H](c2ccccc2)O1)C1=N[C@H](c2ccccc2)[C@H](c2ccccc2)O1,0.7964277195782292,0.11119911614882305,0.9441866591257746,-7.212931289380222,8.157117948505995,0.8329875429769517,-0.3840123596938117,-0.23800434522813507,-0.14600801446567663,7.212931289380222
Cl[Pd]c1ccccc1-c1ccc2ccc3ccc(-c4ccccc4)nc3c2n1,2.5133179788575313,1.990195867342579,2.0120505443143717,-6.896793192949302,8.908843737263672,0.02185467697179243,-0.36311415901266025,-0.32264527361217354,-0.04046888540048671,6.896793192949302
CC(C)[C@@H]1NP2(Oc3cccc(N(C)C)c3)(N[C@@H](C(C)C)C(=O)O2)OC1=O,1.660448319880069,0.261813743560225,0.996049610073231,-7.143110581201224,8.139160191274456,0.7342358665130061,-0.3508846404515315,-0.27749326987623635,-0.07339137057529516,7.143110581201224
CC(NCc1ccccn1)c1ccccc1,0.9016106298432787,-0.4256785246460364,0.7753812715034996,-7.387316089622608,8.162697361126108,1.201059796149536,-0.35491039450611167,-0.25521931556578287,-0.0996910789403288,7.387316089622608
N[C@@H](Cc1ccccc1)C(=O)O,0.7271568655973174,-0.8258630270760117,0.7472711975610064,-8.151873725783236,8.899144923344243,1.5731342246370184,-0.3824306536507444,-0.25500559320446875,-0.12742506044627566,8.151873725783236
c1ccc([C@H](CN2CCCCC2)NCCCN[C@@H](CN2CCCCC2)c2ccccc2)cc1,0.6724663114847409,-0.6997959358695054,0.5402080648376215,-6.134427606577763,6.674635671415385,1.2400040007071265,-0.33664313013567276,-0.2229280480407198,-0.11371508209495296,6.134427606577763
Clc1ccc2nnn(O[P+](N3CCCC3)(N3CCCC3)N3CCCC3)c2c1,6.788477375150566,-1.420057458491213,0.11003548929937866,-3.5014892800754733,3.6115247693748525,1.5300929477905916,-0.31977089791664287,-0.21028045713253468,-0.10949044078410819,3.5014892800754733
CCOC(=O)c1ccc(NC(N)=O)cc1,2.5894151769775227,-0.005394614391640573,1.0259347898172684,-8.223648015783466,9.249582805600733,1.0313294042089087,-0.3925513775560157,-0.2694447212396966,-0.12310665631631912,8.223648015783466
CCOC(=O)C(C#N)=NOC(=C[NH3+])N1CCOC(N(C)C)C1,6.33868468116378,-0.7330867245652843,0.373674970684171,-4.800160278530015,5.173835249214187,1.1067616952494554,-0.35248603733300476,-0.2460400144046463,-0.10644602292835847,4.800160278530015
CCCCCCCCCCCCNCCN,0.8911130505759982,-7.453243476559459,0.0004499016059099587,-7.22340790013569,7.223857801741599,7.45369337816537,-0.3527759897454493,0.008098702024596784,-0.3608746917700461,7.22340790013569
C[C@H](N)c1ccccc1,0.5146085246169287,-1.846960411268486,0.4972943969898119,-8.1549985550008,8.652292951990612,2.3442548082582984,-0.3638662394307804,-0.2213879392953067,-0.1424783001354737,8.1549985550008
ClP(c1ccccc1)c1ccccc1,1.0343695078762503,0.14293738624157104,1.0160210152716196,-7.688525212096804,8.704546227368423,0.8730836290300485,-0.3771838769309107,-0.25863668950256075,-0.11854718742834996,7.688525212096804
CNc1ccccc1-c1ccccc1[Pd+2],0.6747683975877831,1.3325589665010131,1.4631165404246609,-6.268144917638853,7.731261458063512,0.13055757392364783,-0.34762696654560216,-0.32168217576303004,-0.025944790782572114,6.268144917638853
CN(C)C(n1nnc2c1ccc[n+]2[O-])=[N+](C)C,4.936834834250038,0.6843121160852164,0.9862236408089377,-5.443249744253622,6.429473385062562,0.30191152472372135,-0.3596349829733507,-0.2896197684694579,-0.07001521450389281,5.443249744253622
ClCCl,0.7038671670436444,-2.1928965434597165,0.6253756752571508,-10.004734664159706,10.630110339416857,2.8182722187168667,-0.4301238291597465,-0.203269898979015,-0.2268539301807315,10.004734664159706
CC1=CP(=O)(c2ccccc2)CC1,2.2273121242088436,-0.24355986921779849,0.9483704907401634,-8.289836829168424,9.238207319908588,1.191930359957962,-0.39907023137158126,-0.2563194275375624,-0.14275080383401884,8.289836829168424
ClC(Cl)(Cl)Cl,4.2209220361677656e-07,0.13508582361613453,1.3599129257370075,-10.46698114037733,11.82689406611434,1.224827102120873,-0.46311360409222874,-0.28011549833085486,-0.18299810576137387,10.46698114037733
O=[N+]([O-])c1ccc(OP(=O)([O-])Oc2ccc([N+](=O)[O-])cc2)cc1,1.171116516042897,5.457174026381079,6.886207933187912,-9.539749752708984,16.425957685896893,1.4290339068068332,-0.4638328253152841,-0.4616901097381651,-0.002142715577118981,9.539749752708984
[C-]#N,0.18561062189271071,2.626979565375369,3.004621793280993,-13.652347089406515,16.656968882687504,0.3776422279056245,-0.5006346183816173,-0.48414382796281835,-0.016490790418798917,13.652347089406515
OCC[n+]1cccc(Cn2cc[n+](CCO)c2)c1,3.296526427974767,-1.8711103356346865,0.026233219417364593,-2.8684415977921764,2.89467481720954,1.8973435550520508,-0.19743382267586115,-0.1947719714791719,-0.002661851196689241,2.8684415977921764
CN1CCC[C@H]1[C@H](NC(=S)Nc1cc(C(F)(F)F)cc(C(F)(F)F)c1)c1ccccc1,3.4483138880290025,1.029071290329302,1.3883411998524022,-7.349293947333484,8.737635147185884,0.35926990952310034,-0.35911486941530507,-0.30052321063868176,-0.05859165877662331,7.349293947333484
Cc1ccccc1OP(=O)(Oc1ccccc1C)Oc1ccccc1C,1.6888966516940676,-0.22611054254665408,0.8645413554736029,-7.568425642842845,8.432966998316447,1.0906518980202566,-0.3919930703631924,-0.23459302825756612,-0.1574000421056263,7.568425642842845
COc1ccc(O)cc1,1.1559141005854465,-1.8294326591710348,0.47671926186346963,-7.930376070507281,8.407095332370751,2.3061519210345045,-0.3656392997041505,-0.22799091943697786,-0.13764838026717263,7.930376070507281
[In],0.0,-2.024384890981757,0.03152365915869709,-3.168789974551693,3.2003136337103903,2.0559085501404533,-0.4792445873680353,-0.16563445747867164,-0.31361012988936365,3.168789974551693
OC[C@H]1O[C@@](CO)(O[C@H]2O[C@H](CO)[C@@H](O)[C@H](O)[C@H]2O)[C@@H](O)[C@@H]1O,2.6611497517229883,-4.783358200625974,0.10550484789851504,-8.078142817103535,8.183647665002052,4.888863048524489,-0.3997268864091664,-0.08529524994146777,-0.31443163646769867,8.078142817103535
CC(C)[C@H]1COC(NC2=N[C@@H](C(C)C)CO2)=N1,0.9962192313690866,-1.507471503869482,0.5164142271326334,-7.662457717956558,8.178871945089192,2.023885731002115,-0.37587966421795294,-0.22811691170424567,-0.14776275251370727,7.662457717956558
Cl[Au-](Cl)(Cl)Cl,0.6009912765584396,5.1346904165354115,5.811414041596219,-10.178529879870286,15.989943921466509,0.6767236250608069,-0.46172089411967987,-0.45932142258551933,-0.0023994715341605355,10.178529879870286
COc1ccccc1C(=O)O,1.0544699022975033,-0.3363884765222389,0.9468941373099274,-8.533287483554187,9.480181620864114,1.2832826138321662,-0.39183194665313587,-0.2694463575867099,-0.12238558906642599,8.533287483554187
CC(C)(C)P(c1ccccc1)c1ccccc1,0.6216794558329894,-0.5243728908179586,0.6932845125059032,-6.97268825740759,7.665972769913492,1.217657403323862,-0.347956331842311,-0.23889853260737434,-0.10905779923493666,6.97268825740759
C[Si](C)(C)C[Pd]C[Si](C)(C)C,0.570576856201433,0.7342374730018646,1.1368730700271739,-6.519530675653531,7.656403745680704,0.4026355970253092,-0.32980490856262024,-0.29058318521991927,-0.039221723342700965,6.519530675653531
CC(C)(C)[Si](C)(C)OC(c1ccc2ccccc2c1)(c1ccc2ccccc2c1)[C@@H]1CCCN1,1.1357939192589175,0.6551757248305776,1.0825590192823944,-6.395847415189259,7.478406434471653,0.4273832944518168,-0.3431916579989004,-0.2682384078249516,-0.07495325017394877,6.395847415189259
Cc1cc(C)c(Cn2c[n+](-c3ccccc3Oc3ccccc3)c(C)c2C)c(C)c1,1.7241989608330517,-0.3849149865663124,0.29261344309086534,-3.3363973453098303,3.6290107884006955,0.6775284296571776,-0.3633311017229933,-0.22542251648442738,-0.13790858523856594,3.3363973453098303
COc1cccc(OC)c1-c1ccc2c3ccccc3n(-c3ccccc3P(C3CCCCC3)C3CCCCC3)c2c1,1.8850809590760038,0.05466478916356099,0.7872881269910105,-6.13234395089067,6.91963207788168,0.7326233378274494,-0.3334685906602802,-0.2465055609304063,-0.08696302972987388,6.13234395089067
CCCCCCN(CCCCCC)CCCCCC,0.3309746602074369,-7.088437400578853,8.777403853625972e-05,-7.188563321761528,7.188651095800065,7.088525174617389,-0.3370990109722411,-0.0034643183136906855,-0.3336346926585504,7.188563321761528
CC(C)N(C(=O)c1c(P(C2CCCCC2)C2CCCCC2)c2ccccc2n1C)C(C)C,1.4657138647122103,-0.49932492958251107,0.6326739310512527,-6.415131982184748,7.047805913236001,1.1319988606337636,-0.33546562927323903,-0.24073081799078982,-0.0947348112824492,6.415131982184748
N=C(N)NC(=N)Nc1ccccc1,2.0760501288007895,-0.8942568936358017,0.6482854404575161,-7.487414128400044,8.13569956885756,1.5425423340933178,-0.3627176192984294,-0.23146645052838152,-0.13125116877004786,7.487414128400044
C=CC1CN2CCC1CC2[C@@H](Nc1c(Nc2cc(C(F)(F)F)cc(C(F)(F)F)c2)c(=O)c1=O)c1ccnc2ccc(OC)cc12,5.097509770765538,1.6433307137016184,1.7482358812862726,-7.0626170874630905,8.810852968749364,0.10490516758465475,-0.3736919017815972,-0.3025726465176282,-0.071119255263969,7.0626170874630905
Cn1c(=O)c2c(n(C)c1=O)n(C)c(=[Pd-2](Cl)Cl)n2C,2.8238146714058927,2.0856991391375903,2.1078225483060935,-7.209370847235695,9.31719339554179,0.02212340916850346,-0.3554039101385437,-0.33484580566765276,-0.02055810447089096,7.209370847235695
C[Si](C)(C)C(C(N)=O)[Si](C)(C)C,1.767264619427044,-2.346935434277024,0.35030817795584973,-7.636337885819824,7.986646063775675,2.697243612232874,-0.3728228326490667,-0.19763307005709263,-0.17518976259197405,7.636337885819824
CC(C)(C)P(Cl)C(C)(C)C,1.0426503052135174,-1.599077930810246,0.4817912658343104,-7.5313289693285554,8.013120235162866,2.0808691966445565,-0.3590945477034536,-0.20880156237590322,-0.1502929853275504,7.5313289693285554
CC(C)[C@H]1COC(c2c(-c3c(C4=N[C@@H](C(C)C)CO4)c4ccccc4c4ccccc34)c3ccccc3c3ccccc23)=N1,0.3933922233812185,1.011036226770476,1.3208331112291696,-6.83101459342295,8.15184770465212,0.3097968844586936,-0.3707254591301092,-0.2761705082432723,-0.09455495088683691,6.83101459342295
CC(=O)OC[C@H]1O[C@@H](OCCn2cc[n+](C(CO)c3ccc(Cl)cc3Cl)c2)[C@H](OC(C)=O)[C@@H](OC(C)=O)[C@@H]1OC(C)=O,2.1828737286109634,0.41500239896641844,0.6374112506432896,-3.6407151346701934,4.278126385313483,0.22240885167687116,-0.39064484940624494,-0.24321544596918732,-0.14742940343705763,3.6407151346701934
CN1CC[N+](C)=C1Cl,1.362695630429036,-3.3923357327836694,0.0002721303269941422,-3.271885355814513,3.2721574861415075,3.3926078631106638,-0.3525460255559888,-0.1778532446206259,-0.1746927809353629,3.271885355814513
[RuH2],2.5734193698304115,2.7311584930010397,2.7905943466053933,-10.060262082799989,12.850856429405384,0.059435853604353404,-0.41106668966908166,-0.4071734507444711,-0.003893238924610576,10.060262082799989
ClP(Cl)(c1ccccc1)(c1ccccc1)c1ccccc1,0.900839951635939,-0.0013967706179176531,0.6296546942581662,-5.041426318398479,5.671081012656645,0.6310514648760839,-0.2873093158433467,-0.2574294485042677,-0.02987986733907899,5.041426318398479
CN(C)C(=[N+](C)C)[n+]1nn([O-])c2cc(Cl)ccc21,4.826214661825901,0.8365913210852973,1.063538764046521,-5.382729999783745,6.446268763830266,0.22694744296122368,-0.3510910045057555,-0.2920367333383563,-0.0590542711673992,5.382729999783745
CCOP(=O)(O)c1cc(C)c(OC(C)C)c(-c2ccccc2P(C2CCCCC2)C2CCCCC2)c1OC(C)C,2.3121142630169427,-0.030089572792700636,0.80656086673169,-6.542204622491354,7.3487654892230445,0.8366504395243906,-0.33618101281934276,-0.2505804825637119,-0.08560053025563086,6.542204622491354
O=C(O)c1ccccc1F,0.9569833763692596,0.15375607602066932,1.2546910631972183,-9.566213621454173,10.820904684651389,1.100934987176549,-0.42581663915438517,-0.29028704540290456,-0.1355295937514806,9.566213621454173
O=P(Oc1ccccc1)(Oc1ccccc1)Oc1ccccc1,0.9926092324291663,-0.12637599213404638,0.9260021561880805,-7.779064263495364,8.705066419683446,1.0523781483221266,-0.3992113592816613,-0.2366943031302117,-0.1625170561514496,7.779064263495364
CCn1c(-c2nc3ccccc3n2CC)cc2ccccc21,1.1651799002732315,0.058927618184797304,0.8988870419907662,-7.012315914696696,7.911202956687463,0.8399594238059689,-0.35810541793397993,-0.25422417385533225,-0.10388124407864768,7.012315914696696
CC(C)c1cc(C(C)C)c(-c2cc3ccccc3c3c2OP(=O)(O)Oc2c(-c4c(C(C)C)cc(C(C)C)cc4C(C)C)cc4ccccc4c2-3)c(C(C)C)c1,2.2322952581454403,1.1769838379742588,1.403526909628941,-6.692638986949593,8.096165896578535,0.2265430716546824,-0.37029118669612,-0.28632631619798843,-0.08396487049813156,6.692638986949593
Cc1cc(C(C)(C)C)nc(C(C)(C)C)c1,0.6507260814457692,-1.4017166551873053,0.5259516083071271,-7.5331481423998685,8.059099750706997,1.9276682634944322,-0.3495429948113675,-0.23404434007984246,-0.11549865473152507,7.5331481423998685
Cc1nccn1[Si](n1ccnc1C)(n1ccnc1C)n1ccnc1C,0.11027594953783668,0.09070080650222323,0.9929943603144643,-7.667509401575236,8.660503761889698,0.9022935538122412,-0.38946109947273905,-0.25550697292436114,-0.1339541265483779,7.667509401575236
CC(C)OC(=O)N=NC(=O)OC(C)C,0.1397976651928664,2.347776074697234,2.402359240448366,-8.710126959133296,11.11248619958166,0.05458316575113163,-0.3910848837648733,-0.3822269556028834,-0.008857928161989936,8.710126959133296
OB(O)c1ccccc1I,1.6607165185698014,-0.7696370235428365,0.8270553669106724,-8.674471175900226,9.5015265428109,1.5966923904535089,-0.3996807973747598,-0.24592710410510932,-0.1537536932696505,8.674471175900226
CC1(C)C2CC[C@@]1(CSC[C@@H]1C[C@@H](O)CN1)C(O)C2,1.4964282574655967,-2.1266606492142146,0.3501283127203101,-7.25210383813493,7.602232150855244,2.476788961934525,-0.3545803212795122,-0.1997979387762455,-0.15478238250326673,7.25210383813493
CC(=O)OB(OC(C)=O)OC(C)=O,2.001434483478285,0.36297623404099166,1.2808748011055398,-9.097735244686154,10.37861004579169,0.9178985670645483,-0.4201345314422931,-0.3013257527200468,-0.11880877872224632,9.097735244686154
OC[C@@H]1CCCN1,0.9787768889811154,-7.677259693169921,0.0036464633987378517,-8.361270890403045,8.364917353801783,7.680906156568659,-0.36359748321144425,-0.0005742457054568299,-0.3630232375059874,8.361270890403045
CC(C)c1cc(C(C)C)c(S(=O)(=O)N[C@@H]2CCCC[C@H]2N)c(C(C)C)c1,2.1615392460936347,-0.7251686973884777,0.6700890876582655,-7.273231378610902,7.943320466269166,1.3952577850467431,-0.35988804798477647,-0.24364988435778645,-0.11623816362699002,7.273231378610902
CN(C)CCNc1c(NCc2cc(C(F)(F)F)cc(C(F)(F)F)c2)c(=O)c1=O,2.965786966952327,1.2883571415451396,1.540079829613282,-7.362497973237067,8.902577802850345,0.2517226880681425,-0.36784489550924154,-0.3205290243511421,-0.04731587115809943,7.362497973237067
CC[n+]1ccccc1Br,1.2756037146544235,-0.7086128707057071,0.42504383829206216,-5.185415815461878,5.6104596537539395,1.1336567089977694,-0.3973722269029194,-0.26071403445641467,-0.13665819244650473,5.185415815461878
COc1cccc(OC)c1-c1cn(-c2ccccc2)nn1,1.6238938813736197,0.10303308153425306,0.974580136575844,-7.481787046615747,8.45636718319159,0.8715470550415909,-0.3739206560573012,-0.26602485457191744,-0.10789580148538375,7.481787046615747
CC(C)(C)OC(=O)N[C@@H](C(=O)O)c1ccccc1,0.9518236372287163,-0.48469506678935215,0.8611716852901271,-8.23569780019053,9.09686948548066,1.3458667520794794,-0.3998503983143171,-0.2586723944558743,-0.1411780038584428,8.23569780019053
CC(C)(C)C(=O)O,0.7690667141947037,-2.4267559447224216,0.5250486979858218,-9.506655441746068,10.03170413973189,2.951804642708243,-0.41489347007884164,-0.24161911406073414,-0.1732743560181075,9.506655441746068
O=C(N[C@H](CNS(=O)(=O)C(F)(F)F)Cc1ccccc1)[C@@H]1CCCN1C(=O)[C@H]1CCCN1,2.8365647598967665,-0.19467964639679636,0.8447906036540525,-7.322195726335179,8.16698632998923,1.039470250050849,-0.35496410423847624,-0.24309657208733457,-0.11186753215114167,7.322195726335179
CN(C)c1ccc(O)cc1,1.0414731950825336,-2.120231970894644,0.32440270551342393,-6.979968232668195,7.30437093818162,2.4446346764080684,-0.33450819194515496,-0.21437386463910368,-0.12013432730605128,6.979968232668195
CC(C)C(Cn1c[n+](Cc2ccccc2)c2ccccc21)n1c[n+](Cc2ccccc2)c2ccccc21,1.8113329673060654,-0.08100654294629273,0.3648015469714931,-3.1533164763088655,3.518118023280358,0.44580808991778587,-0.23134700125422464,-0.22954162489748106,-0.0018053763567435765,3.1533164763088655
CC(C)[C@@H]1CN2C(=N[C@@H]1c1ccccc1)Sc1ccccc12,1.786941193246434,-0.35789410621326745,0.7615000454036908,-7.096955234589542,7.858455279993231,1.119394151616958,-0.35865426480043716,-0.2401419709997514,-0.11851229380068576,7.096955234589542
O=c1c(O)c(O)c1=O,3.424999233077275,-0.08057539839043759,1.143057320614653,-9.383440726375916,10.52649804699057,1.2236327190050904,-0.39782040967813725,-0.2995575564975859,-0.09826285318055133,9.383440726375916
CC1CO1,0.9285229884469963,-5.82571769107452,0.14112232344833708,-10.0607477112328,10.201870034681138,5.966840014522859,-0.4164748376397754,-0.10650179858362703,-0.30997303905614837,10.0607477112328
CN(C)[C@H]1CCCC[C@@H]1NC(=S)N[C@H](c1cccc2ccccc12)C(F)(F)F,2.8611524209114747,0.384697437092024,1.00425833301649,-6.787520054526738,7.791778387543229,0.6195608959244661,-0.3337795893881931,-0.27849858039257613,-0.05528100899561694,6.787520054526738
C=CC[Pd-2](Cl)=c1n(-c2c(C(C)C)cccc2C(C)C)ccn1-c1c(C(C)C)cccc1C(C)C,2.7792365159835852,-0.16538298967506915,0.5147921963497428,-4.591486934021351,5.106279130371094,0.6801751860248121,-0.2634428875676125,-0.23706860913825842,-0.02637427842935411,4.591486934021351
O=P(C[C@@H]1CCCN1)(c1ccccc1)c1ccccc1,1.5054606755124986,0.036995422692083224,0.9587769543273366,-7.5585015009868375,8.517278455314177,0.9217815316352532,-0.36018570818147577,-0.25786706495621414,-0.10231864322526163,7.5585015009868375
c1ccc(OP(Oc2ccccc2)Oc2ccccc2)cc1,0.6476352330547599,-0.20144464161133868,0.8636048326929043,-7.492074337972792,8.355679170665697,1.065049474304243,-0.38162144615651344,-0.23522996532357274,-0.1463914808329407,7.492074337972792
O=C(O)C[C@@H]1NC(=O)[C@H](CNC(=O)[C@@H]2CCCN2)N(Cc2ccccc2)C1=O,1.760835928641828,0.14508726376653325,0.9697115768296714,-7.310680050032536,8.280391626862206,0.8246243130631381,-0.3498698420271878,-0.2625849948717612,-0.08728484715542661,7.310680050032536
N[C@H](CN1Cc2ccc3ccccc3c2-c2c(ccc3ccccc23)C1)c1ccccc1,0.26059109871088065,0.6606043749599833,1.1072380980221812,-6.581260739659474,7.688498837681655,0.44663372306219784,-0.3465193741537548,-0.27133811688600346,-0.07518125726775132,6.581260739659474
C[Al+2],0.07059218436856705,-2.943456883140465,0.23557524979005906,-7.3473212026650305,7.582896452455089,3.179032132930524,-0.2942844623620429,-0.2037387695584282,-0.09054569280361471,7.3473212026650305
c1ccc([As](c2ccccc2)c2ccccc2)cc1,0.8996773610843553,-0.46829886676966037,0.6749329116326078,-6.681671935797196,7.356604847429804,1.1432317784022683,-0.3406438731609312,-0.2329059189383788,-0.10773795422255239,6.681671935797196
OCCN(CCO)CCO,1.6424714861137595,-6.52735658302275,0.021786197011699777,-8.125426464453502,8.147212661465202,6.549142780034449,-0.3650174893895306,-0.03686320078267286,-0.32815428860685775,8.125426464453502
CCC1=NCCO1,0.5754809806457262,-2.632676278432716,0.42475397641116097,-8.890035143258428,9.314789119669587,3.0574302548438763,-0.39314249926800365,-0.2224461453412359,-0.17069635392676774,8.890035143258428
C[Si](C)(C)OS(=O)(=O)C(F)(F)F,1.0458323501747027,-1.4075947927184798,0.7123056770110684,-9.172127687168958,9.884433364180026,2.1199004697295485,-0.4129988308805904,-0.22945928797840184,-0.18353954290218857,9.172127687168958
CC(C)(C)N(C(C)(C)C)C(C)(C)C,0.027369196893643567,-5.1765329458948095,0.03156504495442576,-6.9246135705618705,6.956178615516296,5.208097990849235,-0.31461275950056616,-0.08224859117529561,-0.23236416832527057,6.9246135705618705
c1ccc(P(c2ccccc2)c2ccccc2P(c2ccccc2)c2ccccc2)cc1,1.0928802631961305,0.3504359868984759,0.9448325918131717,-6.426507523604025,7.371340115417199,0.5943966049146958,-0.3494758540777529,-0.2535430395764942,-0.09593281450125868,6.426507523604025
CN(C)P(=O)(N(C)C)N(C)C,1.6476120216775272,-5.128263463723751,0.05670512768335969,-7.5240074162040855,7.580712543887445,5.18496859140711,-0.36255772667884273,-0.07981378450277647,-0.28274394217606624,7.5240074162040855
[Y+3],0.0,-7.544775733986811,0.04716378923914946,-5.339890799481232,5.387054588720381,7.591939523225961,-0.2979441100230257,-0.13437056819959042,-0.16357354182343525,5.339890799481232
[Mg],0.0,-7.247386104794788,0.009175810996272066,-8.316250891346114,8.325426702342384,7.25656191579106,-0.23298733189621304,-0.05358775370384903,-0.17939957819236402,8.316250891346114
CC(C)c1ccc(-n2cc[n+](-c3ccc(C(C)C)cc3C(C)C)c2)c(C(C)C)c1,0.493781937094602,-0.49683426415680465,0.28865069261885756,-3.556087246361363,3.8447379389802205,0.7854849567756622,-0.3737906573225038,-0.2315365620683076,-0.14225409525419622,3.556087246361363
CC(C)(C)c1cc(P(c2cc(C(C)(C)C)cc(C(C)(C)C)c2)C(C)(C)C)cc(C(C)(C)C)c1,0.7331810438521358,-0.6016489800647404,0.6161941166784956,-6.531514770304341,7.147708886982836,1.2178430967432354,-0.33913672138233103,-0.22830947850268452,-0.11082724287964651,6.531514770304341
N#CC(Cl)(Cl)Cl,0.7237917293220598,-0.13365456600877224,1.2616033398226625,-10.487062606149836,11.7486659459725,1.3952579058314345,-0.46203715930000644,-0.2912005082848281,-0.17083665101517836,10.487062606149836
CCCN(CC)CC,0.324496681957748,-8.040379016490874,0.0007118474023341449,-7.740597137366462,7.7413089847687955,8.041090863893208,-0.3381672147713486,0.009901798405968207,-0.3480690131773168,7.740597137366462
c1ccc2c(c1)CC1OCc3n[nH+]cn3C21,1.2077893202081094,-1.253610038091082,0.17822476553804192,-3.987156213090058,4.1653809786281,1.4318348036291235,-0.38069917094010597,-0.21851086014937748,-0.16218831079072848,3.987156213090058
Cc1cc(C(=O)O)cc(C)c1N1CCN(c2cc(C(=O)O)c(C(=O)O)c(C(=O)O)c2)C1=S,2.5286348617014904,1.518032221137779,1.7017050124554525,-7.525059403021881,9.226764415477332,0.18367279131767303,-0.3563590046347768,-0.2982197116275914,-0.0581392930071854,7.525059403021881
C=Cc1ccncc1,1.0168212129440906,-0.2682977123221386,0.9668533001846943,-8.506907239319803,9.473760539504498,1.235151012506833,-0.36955546461485234,-0.27429933151403807,-0.09525613310081427,8.506907239319803
CC(=O)CC(C)=O,0.3729702516211932,-0.33107792473064634,1.0546158321065937,-9.385034319079988,10.439650151186582,1.3856937568372403,-0.4106385994613067,-0.28294973445387417,-0.12768886500743254,9.385034319079988
CCN(CC)CCC[Si](OC)(OC)OC,0.8425113434559411,-3.790272947010661,0.13711721252106662,-7.274079027895253,7.411196240416317,3.927390159531728,-0.33824506201627824,-0.14387049334516283,-0.1943745686711154,7.274079027895253
N[C@@H](Cc1ccccc1)C(=O)[O-],2.285572434027097,3.126107275674511,3.1401544830954164,-8.594411601997768,11.734566085093183,0.014047207420904697,-0.42317618376116,-0.40200666483839986,-0.021169518922760144,8.594411601997768
[Ga+3],0.0,-1.9635810255036183,0.04968100440424832,-3.4273481555860084,3.477029159990257,2.0132620299078665,-0.4575164394287228,-0.16426481018098654,-0.29325162924773623,3.4273481555860084
CC(C)(C)[C@H](O)c1cccc(-c2cccc([C@@H](O)C(C)(C)C)n2)n1,0.8156745306972003,0.4348810260659901,1.1029105118014102,-7.4101890271089275,8.513099538910337,0.6680294857354201,-0.37155076397202336,-0.28099076552841334,-0.09055999844361001,7.4101890271089275
C[C@H]1COC(c2ccc(C(F)(F)F)cn2)=N1,1.684260357641952,0.9363340398516096,1.4979768826816773,-8.724530824795593,10.222507707477272,0.561642842830068,-0.40552001392551185,-0.31178503758925175,-0.0937349763362601,8.724530824795593
CCCCCCCC[n+]1ccn(C)c1,0.1771902914977972,-3.6729001125422833,0.009378230381095514,-2.967088021682402,2.9764662520634975,3.6822783429233787,-0.3568388819716339,-0.16171610318870594,-0.19512277878292794,2.967088021682402
[Li]C(C)(C)C,1.9551416380505187,-1.861410215849443,0.26423616365055486,-5.916147777499834,6.180383941150389,2.125646379499998,-0.2770093504916733,-0.20112009425827007,-0.07588925623340323,5.916147777499834
Cc1cccc(-c2ccccn2)n1,0.3220125787288999,0.06458853430725231,0.9730892251503734,-7.588730441723584,8.561819666873957,0.9085006908431211,-0.3616746371362778,-0.2715827730785342,-0.09009186405774361,7.588730441723584
COc1ccccc1-c1c(P(c2ccccc2)c2ccccc2)c2ccccc2n1C,1.2138770632824583,-0.03666419479534344,0.7822745328573073,-6.3673492092892445,7.149623742146551,0.8189387276526509,-0.3404021119314506,-0.2400025842499286,-0.100399527681522,6.3673492092892445
O=C(Nc1cc(C(F)(F)F)cc(C(F)(F)F)c1)N[C@H](c1ccccc1)[C@@H]1CCCN1,2.7158923767452525,0.7478395536130087,1.2996898486597095,-7.838507127463332,9.138196976123044,0.5518502950467008,-0.3673486114627802,-0.29785165102013866,-0.06949696044264153,7.838507127463332
O=C1CCC(=O)N1I,1.6370412229282332,0.727366334736864,1.5178726032981311,-9.725699699685233,11.243572302983363,0.7905062685612672,-0.43319399981528933,-0.3168081982604153,-0.11638580155487405,9.725699699685233
OC[C@@H]1C[C@@H]2CCCC[C@@H]2N1,1.2836729163071088,-7.208285106505868,0.00685586344228018,-8.125346879654414,8.132202743096693,7.2151409699481475,-0.36762769218131985,-0.009558553293137003,-0.35806913888818287,8.125346879654414
CC(C)c1cccc(C(C)C)c1N1[C]N(c2c(C(C)C)cccc2C(C)C)C=C1,0.7126367278834284,-0.5251397364932631,0.6819591289500363,-6.882173608920439,7.564132737870475,1.2070988654432995,-0.33548451286097586,-0.23164450873288278,-0.10384000412809308,6.882173608920439
CC[N+]([O-])(CC)CC,2.086525606452408,-5.365588815037492,0.0685624557361663,-8.08140782509458,8.149970280830745,5.4341512707736594,-0.31951427309994285,-0.08959529149230125,-0.2299189816076416,8.08140782509458
[Ce+4],0.0,3.166847752468371,8.560178617681292,-3.895088070061087,12.455266687742379,5.393330865212921,-0.20432648866662048,-0.17185162719615207,-0.03247486147046841,3.895088070061087
CN(C)c1ccc2ccccc2c1-c1c([O-])ccc2ccccc12,1.9000585231000162,2.575082088182441,2.5952138534718805,-6.891475902114729,9.486689755586612,0.020131765289439243,-0.3687922568133933,-0.3554349128452675,-0.013357343968125768,6.891475902114729
c1ccc(P(CP(c2ccccc2)c2ccccc2)c2ccccc2)cc1,1.2722216084666542,0.14435003157107573,0.9028372880357908,-6.777082086629127,7.679919374664917,0.758487256464715,-0.3576247682279071,-0.2449524332473872,-0.11267233498051993,6.777082086629127
COC(=O)C1=C(C(=O)OC)C(C(=O)OC)C(C(=O)OC)=C1C(=O)OC,1.7057687198842015,1.855310474434825,2.049957981620102,-8.871240149350575,10.921198130970676,0.19464750718527699,-0.425541843726264,-0.330423323330082,-0.09511852039618202,8.871240149350575
Clc1ccnc(Cl)n1,1.1864517177908265,0.4812521554792788,1.3611627891141422,-9.340981187069742,10.702143976183883,0.8799106336348635,-0.4125477203513606,-0.30713184002135296,-0.10541588033000765,9.340981187069742
c1ccc([C@@H]2N=C(c3ccccc3Nc3ccccc3C3=N[C@@H](c4ccccc4)[C@H](c4ccccc4)O3)O[C@H]2c2ccccc2)cc1,1.293675710543265,0.5679505593420693,1.080644925906539,-6.731985194927036,7.812630120833576,0.5126943665644698,-0.35647290317111674,-0.2618951998686526,-0.09457770330246412,6.731985194927036
C(=NCCCN=Cc1cnn(-c2ccccc2)n1)c1cnn(-c2ccccc2)n1,0.6619603102835304,1.206951514497682,1.47094378539834,-7.169429621711011,8.640373407109351,0.26399227090065813,-0.36570427280446416,-0.285063965287898,-0.08064030751656615,7.169429621711011
O=S(=O)(OC1CCCCC1)c1ccc(CCCC2([PH3+])c3ccccc3-c3ccc(S(=O)(=O)OC4CCCCC4)cc32)cc1,4.441016115566031,0.6496648059901711,0.8185026223424116,-4.111324878579598,4.929827500922011,0.1688378163522405,-0.3771513887753121,-0.2607004104209099,-0.11645097835440221,4.111324878579598
CC[Si](CC)(CC)OC(c1ccccc1)(c1ccccc1)[C@@H]1CCCN1,0.5708293352655104,-0.779432527770612,0.6204310505256292,-6.988931037365262,7.609362087890892,1.399863578296241,-0.35700069652645183,-0.22698443499812973,-0.1300162615283221,6.988931037365262
c1ccc2c(c1)CC(c1c3ccccc3cc3ccccc13)=C2P(C1CCCCC1)C1CCCCC1,0.4147107794437518,0.795416873459434,1.1529169682791505,-6.384263228534769,7.537180196813917,0.3575000948197165,-0.34632984395849115,-0.2829162594666598,-0.06341358449183132,6.384263228534769
CCCCCCCCCCCCc1ccc(S(=O)(=O)O)cc1,2.2355692953455533,-0.5457811502193461,0.8032183563702514,-7.922385914635997,8.725604271006251,1.3489995065895977,-0.410642465674727,-0.2612188924469001,-0.1494235732278269,7.922385914635997
Cc1ccc(S(=O)(=O)N[C@H](c2ccccc2)[C@H](N)c2ccccc2)cc1,2.1664506493382274,0.025555201992503385,0.9548399270538278,-7.561707178192542,8.516547105246369,0.9292847250613244,-0.37226681818222646,-0.25478637641440394,-0.11748044176782252,7.561707178192542
O=C(O)c1ccc(C(=O)O)cc1,3.8027714919484375e-06,0.9652298900195069,1.5818679150367376,-9.31281622347749,10.894684138514227,0.6166380250172303,-0.4269731274466725,-0.3084217901084852,-0.11855133733818729,9.31281622347749
[O-]c1c(-c2ccccc2)cccc1-c1ccccc1,1.375238079691988,2.5947696776000546,2.598822574179759,-7.390003693823061,9.98882626800282,0.004052896579704097,-0.38391371511685823,-0.36722846881328225,-0.016685246303575985,7.390003693823061
NC[C@@H]1CCCN1,0.1885108024957918,-7.62991957605735,0.0010429324164258939,-7.990934759772427,7.991977692188852,7.630962508473775,-0.35837457285415614,9.85687559519315e-05,-0.35847314161010807,7.990934759772427
O=C(O)c1cc([N+](=O)[O-])cc([N+](=O)[O-])c1,1.795825505516181,2.715313679968448,2.787027375711109,-10.221059934234102,13.00808730994521,0.0717136957426612,-0.466145423834385,-0.36871882132281325,-0.09742660251157176,10.221059934234102
O=P1(O)Oc2ccc3ccccc3c2-c2c(ccc3ccccc23)O1,1.7784714623120104,1.0682696796225493,1.4113219886170567,-7.360274689708817,8.771596678325874,0.34305230899450734,-0.37680396518828696,-0.2893033680916424,-0.08750059709664454,7.360274689708817
O=C1C[C@@H]2OCC=C3CN4CC[C@]56c7ccccc7N1[C@H]5[C@H]2[C@H]3C[C@H]46,1.7560752355937823,-0.5221600571461851,0.7021232922002836,-7.039233236310601,7.741356528510884,1.2242833493464689,-0.3512695462404346,-0.2392064619167296,-0.11206308432370501,7.039233236310601
c1ccc2c(c1)c1ccccc1n2-c1ccc(-c2ccc(-n3c4ccccc4c4ccccc43)cn2)nc1,0.0012958442886911044,1.043476869856348,1.2968479637755017,-6.436804122482348,7.733652086257847,0.2533710939191537,-0.3619757800303041,-0.2815285305728708,-0.08044724945743331,6.436804122482348
C1=CCC([Hf+2]C2=CC=CC2)=C1,0.42694415256266294,0.7140868100654476,1.0491264159742313,-5.853912563564654,6.903038979538885,0.3350396059087838,-0.30646384420297057,-0.2887590131562367,-0.01770483104673387,5.853912563564654
CN(CC(=O)O)CC(=O)O,0.8978289207315749,-0.5493622460114365,0.8781699178480405,-8.540641346800093,9.418811264648134,1.4275321638594767,-0.3747093637069902,-0.2643401961205437,-0.11036916758644649,8.540641346800093
[Bi],0.0,-2.599660879360399,0.2696272432986424,-7.19643816919506,7.466065412493703,2.869288122659042,-0.2681765733934959,-0.2681765733934959,0.0,7.19643816919506
CC(C)(C)c1ccc(-c2ccc(C(C)(C)C)cc2)cc1,0.01084695094669665,-0.7393394885646662,0.6801887365835041,-7.390584704589033,8.07077344117254,1.4195282251481707,-0.37303193108223026,-0.23321839291894284,-0.13981353816328743,7.390584704589033
CC(C)N,0.5274241381561019,-9.082033438365848,0.0004698273635693361,-8.82261725030216,8.82308707766573,9.082503265729416,-0.3604572040307072,0.04046980746358427,-0.40092701149429144,8.82261725030216
CC1(C)CCCC(C)(C)N1[O],1.6909801960155584,0.6762704743841637,1.2433946615394418,-7.656258452414903,8.899653113954344,0.5671241871552777,-0.384149600705348,-0.34242064318317,-0.04172895752217798,7.656258452414903
O=S(CBr)c1ccccc1,1.222230176203564,-0.06755876261798566,1.0519024871866074,-8.615793685680407,9.66769617286701,1.1194612498045933,-0.39920157889526225,-0.26540397511973113,-0.13379760377553113,8.615793685680407
CCCCCCCCCCCCCCCC[N+](C)(C)C,0.2646091182656962,-5.966664465327592,0.8064569332706237,0.15607407607984047,0.6503828571907834,6.773121398598216,-0.4026620997700614,-0.06414801778836947,-0.3385140819816919,-0.15607407607984047
CCN(CC)[Si](C)(C)C,0.21010771920202248,-4.286100773248287,0.09822385854298718,-7.303938972326474,7.402162830869462,4.384324631791275,-0.3385860431244635,-0.12024508951636276,-0.21834095360810074,7.303938972326474
CC(C)c1cccc(C(C)C)c1-n1ccn(-c2c(C(C)C)cccc2C(C)C)c1=[Pd](Cl)Cl,3.5395550463190815,0.9081974425578636,1.2032528722712026,-6.288177361783063,7.491430234054266,0.295055429713339,-0.3263302607357024,-0.29392581377569527,-0.03240444696000716,6.288177361783063
[Sb+3],0.0,-1.7681474992088932,0.47253342632397316,-7.7741949743319765,8.24672840065595,2.2406809255328666,-0.2701129687626834,-0.2701129687626834,0.0,7.7741949743319765
CC1(C)CCNC(C)(C)C1,0.3820344811282341,-8.040660311454824,0.0011201045452138645,-7.665506488912881,7.666626593458092,8.041780416000039,-0.34120404861802084,0.022007997484553253,-0.36321204610257407,7.665506488912881
Brc1ccc([NH+](c2ccc(Br)cc2)c2ccc(Br)cc2)cc1,1.357268253591664,0.7192432793901169,0.8794266758100078,-4.299767133742094,5.1791938095521015,0.1601833964198909,-0.403431802153213,-0.2690765968753667,-0.13435520527784628,4.299767133742094
Cl[Sb-](Cl)(Cl)(Cl)(Cl)Cl,0.8513879416390006,3.5864060756478313,3.7392155247947723,-8.34684899989719,12.086064524691965,0.15280944914694097,-0.4011774235952313,-0.3977505463855011,-0.0034268772097301725,8.34684899989719
[Zr],0.0,1.406884711723074,1.4634812830581387,-5.598234741788955,7.061716024847093,0.05659657133506465,-0.24692844527779656,-0.24692844527779656,0.0,5.598234741788955
CN1CCC[C@H]1[C@@H](NC(=S)Nc1cc(C(F)(F)F)cc(C(F)(F)F)c1)c1ccccc1,3.7364741248390567,0.9560101090557884,1.346064865692018,-7.326632361126121,8.672697226818137,0.39005475663622985,-0.35771529314624234,-0.29910293174114605,-0.05861236140509629,7.326632361126121
CNC1CCCCC1,0.4545986922660332,-8.37002400281785,0.0022656781103069998,-7.828176000703943,7.8304416788142515,8.372289680928157,-0.3468354832888273,0.026679676204075978,-0.37351515949290326,7.828176000703943
C=CC(=O)O,0.9343476324978803,-0.5688124092002464,1.0839453896533058,-10.258469866682779,11.342415256336086,1.6527577988535522,-0.424482036988055,-0.2898674264209189,-0.13461461056713608,10.258469866682779
CCCCCCCCc1cc(/C=N/[C@@H](Cc2ccccc2)C(O)(c2ccc(CCN(C)C)cc2)c2ccc(CCN(C)C)cc2)c(O)c(C(F)(F)F)c1,2.213207903174597,0.9720623429928343,1.2499645109843338,-6.385312521720058,7.635277032704389,0.2779021679914994,-0.34802930930027104,-0.2967629400459764,-0.05126636925429462,6.385312521720058
O=C(O)[C@H](O)[C@@H](O)[C@H](O)[C@H](O)CO,2.002012200282068,-1.6361182665312959,0.6096145522199692,-8.754801096873253,9.364415649093223,2.245732818751265,-0.4038675698748694,-0.27127025192709836,-0.13259731794777102,8.754801096873253
CC12CC3CC(C)(C1)CC(N)(C3)C2,0.5319747996640546,-7.6624209194682,6.979057600880266e-05,-7.755200429042164,7.755270219618174,7.66249071004421,-0.35801721499966677,0.01715009310795173,-0.3751673081076185,7.755200429042164
NC(=O)[C@@H]1CCCN1,1.614665935868241,-2.882854850798531,0.3324611275016593,-8.348334887144079,8.680796014645738,3.2153159783001914,-0.369992760102795,-0.21642817896335856,-0.15356458113943647,8.348334887144079
CN(C)C(c1ccccc1)(c1ccccc1)[C@@H]1CCCN1,0.6995750389056572,-0.9561564133795009,0.5621327289460103,-6.90004662190797,7.46217935085398,1.5182891423255112,-0.34274346521182036,-0.22411542959668146,-0.1186280356151389,6.90004662190797
c1cnc(-c2cnccn2)cn1,0.14343127659116545,1.0096387501130977,1.4280132914122456,-7.794195535249724,9.22220882666197,0.4183745412991481,-0.3730641430863724,-0.3102249993888624,-0.06283914369751004,7.794195535249724
N[C@H]1CCCC[C@@H]1NC(=S)Nc1cc(C(F)(F)F)cc(C(F)(F)F)c1,3.043867677012548,0.9492226272171536,1.3909482833214233,-7.749962138531096,9.140910421852519,0.4417256561042697,-0.3640358327880678,-0.30185106926039307,-0.062184763527674713,7.749962138531096
COc1cc(OC)c2c(-c3ccccc3C(F)(F)F)c3c(OC)cc(OC)cc3[s+]c2c1,1.5127471545541116,1.5711239019956986,1.59807645622637,-5.651336051743224,7.249412507969597,0.026952554230671548,-0.3702393699505152,-0.3114870201214636,-0.05875234982905159,5.651336051743224
CC[Si](CC)(CC)OC(c1cc(C(F)(F)F)cc(C(F)(F)F)c1)(c1cc(C(F)(F)F)cc(C(F)(F)F)c1)[C@@H]1CCCN1,2.1573920840129217,1.6622355204791877,1.807683062428858,-7.619537667118587,9.427220729547448,0.14544754194967038,-0.38304253658523146,-0.31621696700925783,-0.06682556957597363,7.619537667118587
O=P(O)(O)O[Mo](=O)(=O)O,3.8669201127154857,2.0584947834540523,2.3439179846118106,-10.58889492868736,12.932812913299172,0.28542320115775865,-0.44730284532473313,-0.3699185910316633,-0.07738425429306983,10.58889492868736
Cc1ccc(C(=O)O)cc1,1.1287385537448844,-0.23383826907671512,1.0331609439400433,-8.942968212877492,9.976129156817537,1.2669992130167582,-0.4082343318517496,-0.27341829249046756,-0.13481603936128206,8.942968212877492
N[C@@H](c1ccccc1)[C@@H](NP(=O)(c1ccccc1)c1ccccc1)c1ccccc1,1.6229025203701106,0.16729308775345242,0.9716404751906387,-7.255450884674115,8.227091359864753,0.8043473874371861,-0.37482492562652964,-0.25187366338896916,-0.12295126223756048,7.255450884674115
CCCCOC[C@@H]1OCCOCCN(CCCO)CCOCCO[C@H]1COCCCC,1.3536633623327394,-5.465272779138299,0.023816736026118907,-7.006816023298379,7.030632759324499,5.489089515164419,-0.35744009944289074,-0.05149605585080551,-0.3059440435920852,7.006816023298379
FC(F)(F)COB(OCC(F)(F)F)OCC(F)(F)F,1.2797788294734436,0.29439564238093574,1.4620893340375147,-10.780467206241447,12.242556540278962,1.1676936916565788,-0.4782948444923836,-0.3292146177021567,-0.14908022679022687,10.780467206241447
NC(=S)N(c1ccccc1)c1ccccc1,2.1328584790714507,0.002520757351560654,0.8993867777589999,-7.18752841253041,8.086915190289409,0.8968660204074391,-0.339471217296206,-0.26211173950556416,-0.07735947779064184,7.18752841253041
CC12CC3(C)OC(C)(CC(C)(O1)P3c1ccccc1)O2,0.6612807066518449,-0.6199561158637819,0.7260251254578438,-7.478226466539665,8.20425159199751,1.3459812413216259,-0.3693097131288917,-0.24653427681390028,-0.12277543631499144,7.478226466539665
N[C@H](c1ccccc1)[C@H](NC(=S)NCc1ccccc1)c1ccccc1,2.2791292448137415,-0.05262737949693275,0.8272491351416117,-6.774252433725309,7.60150156886692,0.8798765146385444,-0.32239321011596983,-0.24021782969469901,-0.08217538042127082,6.774252433725309
C1=CCCC=C1,0.26744787020555844,-1.5806825644626232,0.5323977425621385,-7.95291268564069,8.485310428202828,2.1130803070247612,-0.35988056251077066,-0.23982800852276515,-0.12005255398800552,7.95291268564069
CC(C)n1c[n+](CCC[n+]2cn(C(C)C)c3ccccc32)c2ccccc21,2.987259655388835,-0.8164499875790625,0.16284648155793113,-3.0652086788274664,3.228055160385397,0.9792964691369935,-0.21970811802710383,-0.21900263201478112,-0.0007054860123227036,3.0652086788274664
Cc1cc(C)cc(P(=O)(c2cc(C)cc(C)c2)c2cccc3c2[C@]2(CCc4cccc(P(c5ccc(C)cc5C)c5ccc(C)cc5C)c42)CC3)c1,1.4465551013433402,0.32561708236285014,0.8979620169339788,-6.133826526810349,7.031788543744328,0.5723449345711287,-0.3339949769209612,-0.24186018204233845,-0.09213479487862275,6.133826526810349
O=C(O)c1ccc([N+](=O)[O-])cc1,1.8112071011503763,1.9041697781283613,2.1766599165499585,-9.883037009774721,12.05969692632468,0.27249013842159703,-0.4464286018066906,-0.3465147917395525,-0.09991381006713806,9.883037009774721
O=C1c2ccccc2-c2ccccc21,1.4599807187758798,0.983601403212,1.4624137488987858,-8.213223758299021,9.675637507197806,0.47881234568678555,-0.38841118020488924,-0.30692487295661364,-0.0814863072482756,8.213223758299021
FC(F)(F)c1cc(NP(=S)(Nc2cc(C(F)(F)F)cc(C(F)(F)F)c2)Nc2cc(C(F)(F)F)cc(C(F)(F)F)c2)cc(C(F)(F)F)c1,1.8293195879549093,2.4401381744064157,2.489924271258866,-8.927897568334137,11.417821839593001,0.04978609685245031,-0.4178992526137992,-0.3319652287854973,-0.0859340238283019,8.927897568334137
ClCC1CO1,1.3518196605273103,-2.8554035115920655,0.4657118405270906,-9.692878889121381,10.158590729648472,3.321115352119156,-0.4192149469803454,-0.1758782282751093,-0.2433367187052361,9.692878889121381
CC(C)OC(=O)Cl,1.1905946341396585,-1.2612974824516012,0.8474992161628068,-9.99874764619379,10.846246862356598,2.108796698614408,-0.4508843078338234,-0.2746767299698553,-0.17620757786396807,9.99874764619379
Oc1c(Cl)cc2ccccc2c1-c1c(O)c(Cl)cc2ccccc12,1.6633285252136716,0.9343744796347186,1.3315974426351873,-7.301148719781088,8.632746162416273,0.39722296300046894,-0.3746621576626276,-0.2851510944965481,-0.08951106316607954,7.301148719781088
FC(F)(F)c1cc(NC(=S)N[C@H]2c3ccccc3C[C@@H]2N2CCCCC2)cc(C(F)(F)F)c1,3.5414429510606977,1.0162302919944066,1.345446039079991,-7.027709450820257,8.373155489900247,0.3292157470855841,-0.348025031766705,-0.30007311077299736,-0.04795192099370765,7.027709450820257
c1ccc(CP(C23CC4CC(CC(C4)C2)C3)C23CC4CC(CC(C4)C2)C3)cc1,0.7020307215811177,-1.5764014051980273,0.3928511565622065,-6.666040012183428,7.0588911687456335,1.9692525617602339,-0.3387714838515183,-0.21999079719749773,-0.11878068665402056,6.666040012183428
C#CN(CC1COC(C)(C)O1)S(C)(=O)=O,1.8599420138302567,-2.8199203880872004,0.3285485215051035,-8.202381535648854,8.530930057153958,3.1484689095923035,-0.3802030576457965,-0.18421413894237934,-0.19598891870341714,8.202381535648854
O=C(O)c1ccc(Cl)cc1Cl,0.5212211225894747,0.4059404569090219,1.2853953858465856,-8.988540911709759,10.273936297556343,0.8794549289375638,-0.41848065273168106,-0.28920505339907004,-0.129275599332611,8.988540911709759
O=C1c2ccccc2C(=O)N1C[C@@H]1CCCN1,0.8839582742729947,1.0085760109479525,1.4424894627915614,-7.925974912442067,9.368464375233629,0.43391345184360874,-0.35856348202843763,-0.314044215014398,-0.04451926701403963,7.925974912442067
[Sn+2],0.0,-3.571289688698737,0.17969277728792926,-7.57402049765548,7.753713274943409,3.7509824659866657,-0.2707344365773081,-0.2707344365773081,0.0,7.57402049765548
FCC(F)(F)c1cc(NC(=S)Nc2cc(C(F)(F)CF)cc(C(F)(F)CF)c2)cc(C(F)(F)CF)c1,3.1020455221605365,1.5937813534482652,1.8154796013389722,-8.205816769123862,10.021296370462833,0.22169824789070655,-0.37433768880447615,-0.3093761210443236,-0.06496156776015255,8.205816769123862
Cn1c(-c2cccc3ccccc23)c(P(c2ccccc2)c2ccccc2)c2ccccc21,1.2249618897613268,0.43491427746916234,0.9788905308376131,-6.399533121935555,7.378423652773169,0.5439762533684508,-0.34271763097620306,-0.27017720554894625,-0.0725404254272568,6.399533121935555
C[Re](=O)(=O)=O,2.354548850129961,1.9286678811821458,2.3558239143015602,-11.507216761626093,13.863040675927655,0.4271560331194142,-0.4835698347317157,-0.3724581598433089,-0.11111167488840684,11.507216761626093
O=C([O-])c1c([O-])on[n+]1-c1ccccc1,3.4410141399511933,4.440212499104488,4.720031362742061,-9.842950803216128,14.56298216595819,0.279818863637573,-0.4512477063507296,-0.4505799119511261,-0.0006677943996034608,9.842950803216128
c1cnc2nccnc2c1,0.9069059182059023,1.159082538804312,1.514059061976803,-7.829607757706775,9.343666819683577,0.354976523172491,-0.3592975727781165,-0.3252532772645507,-0.0340442955135658,7.829607757706775
COc1c(C)cc(C)c(OC)c1-c1cccc2c1[P@](C(C)(C)C)CO2,0.9170604460506628,-0.49335994741446765,0.7090581838151593,-7.023012596665058,7.7320707804802185,1.2024181312296267,-0.3628684302505453,-0.2366721457876739,-0.12619628446287143,7.023012596665058
O=c1c2ccccc2nnn1O,1.5482730787286723,0.8689569016242036,1.4982450678234935,-9.007996369056409,10.506241436879906,0.6292881661992901,-0.40179265840177036,-0.3145248222599191,-0.08726783614185124,9.007996369056409
C=C[C@H]1C[C@@H]2CCN1[C@H]([C@H](Oc1cc3ccccc3c3ccccc13)c1ccnc3ccc(OC)cc13)C2,0.6981415575661515,0.8359780094849993,1.1895341990920263,-6.516204827610133,7.70573902670216,0.3535561896070268,-0.35361570826795014,-0.2813164793852176,-0.07229922888273255,6.516204827610133
CCn1cc(-c2ccc(COC(=O)c3ccc(Nc4c(N[C@@H]5CCCC[C@H]5N5CCCCC5)c(=O)c4=O)cc3C(F)(F)F)cc2)nn1,4.861345378522014,1.2249894243104178,1.4361389904637223,-6.722256256128583,8.158395246592306,0.2111495661533045,-0.37122829140330493,-0.29393629225293016,-0.07729199915037477,6.722256256128583
CC(C)(C)[Si](C)(C)OC[C@H](Nc1c(N[C@@H]2CCCC[C@H]2N2CCCCC2)c(=O)c1=O)[C@@H](O)c1ccc([N+](=O)[O-])cc1,4.64777686579144,1.7420501753794877,1.7834867497902378,-6.479290635926967,8.262777385717206,0.041436574410750354,-0.3506361438818086,-0.3401822414885598,-0.010453902393248782,6.479290635926967
Cc1ccccc1B1OC(c2ccccc2)(c2ccccc2)[C@@H]2CCCN12,0.5691221064567503,-0.3801306029964042,0.7845178936579691,-7.341682446592062,8.12620034025003,1.1646484966543733,-0.36833748468491545,-0.23335844320474275,-0.1349790414801727,7.341682446592062
NS(=O)(=O)c1ccccc1,1.75059412636037,-0.5264507931552851,0.9661303264159334,-9.19435071683963,10.160481043255563,1.4925811195712186,-0.41830891699114015,-0.2659288170379192,-0.15238009995322094,9.19435071683963
NCCO,1.3382311721268099,-8.333789674913161,0.005926842937498071,-9.246795106434424,9.252721949371923,8.33971651785066,-0.38761696835170883,0.010618443171460233,-0.39823541152316905,9.246795106434424
CCN(CC)CC[n+]1cn(-c2ccccc2)c2ccccc21,1.3682671522215062,-0.5542284941482905,0.331011210062872,-4.043541966922351,4.3745531769852235,0.8852397042111624,-0.35841369554031666,-0.24055695322941784,-0.11785674231089882,4.043541966922351
O=C1C[C@@H](c2ccccc2)NC(=S)N1C[C@@H]1CCCN1,1.9545491477519983,0.39951179554370064,1.0695174697908119,-7.264606573446608,8.33412404323742,0.6700056742471112,-0.35304922095883134,-0.28257910824731225,-0.0704701127115191,7.264606573446608
Oc1ccc2ccccc2c1-c1c(O)c(C(O)(c2ccccc2)c2ccccc2)cc2ccccc12,0.6787709314812289,0.6719041652224762,1.1571340443212883,-6.9539001346760365,8.111034178997325,0.4852298790988121,-0.36892512212210143,-0.2693133408399398,-0.09961178128216164,6.9539001346760365
Cc1ccc(S(=O)(=O)NN[C@@H]2O[C@H](CO)[C@@H](O)[C@H](O)[C@H]2O)cc1,1.2779036831268171,-0.3704460010657513,0.8694839616991776,-8.001644115053137,8.871128076752314,1.2399299627649292,-0.3801510140870259,-0.26468665311157114,-0.11546436097545476,8.001644115053137
CN(C)[C@@H]1CCCC[C@H]1NC(=S)N[C@H](c1ccccc1)[C@@H](O)c1ccccc1,2.3598928076581664,-0.39825906221185203,0.6784266863500166,-6.530626000464354,7.209052686814372,1.0766857485618686,-0.32037012059032804,-0.23845065482391334,-0.0819194657664147,6.530626000464354
C1=Cc2nc1c(-c1ccccc1)c1ccc([nH]1)c(-c1ccccc1)c1nc(c(-c3ccccc3)c3ccc([nH]3)c2-c2ccccc2)C=C1,0.42041554525279945,2.081629074373601,2.082745203455316,-6.056494798006389,8.139240001461703,0.001116129081715649,-0.3403487799355037,-0.31465040601253996,-0.025698373922963758,6.056494798006389
Cc1ccc2ccc3ccc(C)nc3c2n1,0.8057239655135925,0.32989530261293787,1.0480064966874365,-7.3321974194813535,8.380203916168789,0.7181111940744985,-0.3539069843023781,-0.27359915682178126,-0.08030782748059684,7.3321974194813535
NC(N)=NN=Cc1ccccc1,1.214576446609756,-0.3025989829638194,0.8067176783432594,-7.313447204847481,8.12016488319074,1.1093166613070788,-0.3377152993441177,-0.25974612327315133,-0.07796917607096637,7.313447204847481
Cc1ccc(S(=O)(=O)[O-])cc1,3.4862724158484406,3.9235722349719424,4.050239805400714,-9.412331215295195,13.462571020695908,0.12666757042877078,-0.44100120285984046,-0.4264752817309723,-0.014525921128868136,9.412331215295195
O=C(Cl)Cl,0.673672041329157,0.20741902534634438,1.4968338910252732,-11.336951533123631,12.833785424148902,1.289414865678929,-0.46814137067506445,-0.3252620562952835,-0.14287931437978096,11.336951533123631
C[C@@H](NC(=S)N[C@H]1CCCC[C@@H]1N)c1ccccc1,2.911119657042501,-0.6417895254913208,0.6553189167150107,-6.950925708604219,7.6062446253192295,1.2971084422063315,-0.32504420458156574,-0.2433079933403668,-0.08173621124119895,6.950925708604219
CCOP(OCC)OCC,0.6968801767684912,-3.8045630680299825,0.21097867476287732,-8.330202743989902,8.54118141875278,4.015541742792859,-0.3840486788055435,-0.14093664730628175,-0.24311203149926175,8.330202743989902
Nc1ccccc1OP(c1ccccc1)c1ccccc1,0.901686187179379,-0.22021052392978113,0.798043112236113,-7.018178975648809,7.8162220878849205,1.0182536361658943,-0.36061535456528554,-0.24225861890398456,-0.11835673566130098,7.018178975648809
OB(Oc1ccc2ccccc2c1-c1c(O)c(-c2cccc(-c3ccccc3)c2O)cc2ccccc12)c1cc(C(F)(F)F)cc(C(F)(F)F)c1,2.495889304339537,1.3220237789659075,1.5137671504141734,-6.888056904357326,8.401824054771499,0.1917433714482656,-0.3657140665651639,-0.2917547373046403,-0.07395932926052362,6.888056904357326
COc1ccc(O)c(C=NC(C)c2ccccn2)c1,1.1777168848403365,0.031667530742547356,0.8809237789096933,-6.951807978847427,7.832731757757122,0.849256248167146,-0.3521172200346664,-0.2601351390640487,-0.09198208097061766,6.951807978847427
N[C@@H]1CCCC[C@H]1NP(=S)(c1ccccc1)c1ccccc1,2.5875763788499317,0.05903290168503794,0.9015792510777525,-7.033536661885046,7.935115912962802,0.8425463493927144,-0.35274315990634786,-0.25790202936037593,-0.09484113054597193,7.033536661885046
c1ccc(P(c2ccccc2)c2ccc3ccccc3c2-c2nccc3ccccc23)cc1,1.1444131876776333,0.8227437340487143,1.1926634132695983,-6.604794311712732,7.797457724982332,0.36991967922088415,-0.35254056989158616,-0.2774005587219671,-0.07514001116961905,6.604794311712732
O=C(O)c1ccccc1O,0.3262134411506096,-0.04579542503972256,1.1041751728343612,-8.969857177862346,10.074032350696708,1.1499705978740837,-0.39849772239063536,-0.2828038796198459,-0.11569384277078948,8.969857177862346
[O-]c1ccc([P+](c2ccccc2)(c2ccccc2)c2ccccc2)cc1,6.457027205082934,1.1154341830413426,1.3211701791609571,-6.2546712399036615,7.57584141906462,0.20573599611961452,-0.3029370966244233,-0.285422281530531,-0.0175148150938923,6.2546712399036615
CNOC,0.21982599143417642,-6.256866740367746,0.0696781778466541,-9.191356918233627,9.261035096080281,6.326544918214399,-0.38293631704523373,-0.09006018457009249,-0.2928761324751412,9.191356918233627
OCC(O)CO,1.5300395493482617,-7.037351783570159,0.040528190082120434,-9.34181340419423,9.382341594276353,7.07787997365228,-0.40881186599077884,-0.03217985128697727,-0.3766320147038016,9.34181340419423
O=C(Oc1c(F)c(F)c(F)c(F)c1F)C(F)(F)F,0.7347236105325813,1.8773977649765596,2.278278963674563,-11.058427499397087,13.336706463071653,0.4008811986980027,-0.48887954081339463,-0.3595310456649998,-0.1293484951483948,11.058427499397087
F,1.021001444243184,-10.975269888972495,0.09833483244343283,-15.542664445645347,15.640999278088781,11.07360472141593,-0.4883003016590061,0.024571181562210234,-0.5128714832212163,15.542664445645347
c1ccc(N2CCCC2)nc1,0.9147492583563284,-1.6932957371823383,0.44982153420121784,-7.419963289611374,7.869784823812592,2.1431172713835553,-0.35038395243692994,-0.23232698944582783,-0.1180569629911021,7.419963289611374
C1N2CN3CN1CN(C2)C3,2.045754623936319e-06,-7.831146762366301,0.0002541653285640743,-7.65370466251016,7.653958827838726,7.831400927694866,-0.35734534511387955,0.014488792543635063,-0.3718341376575146,7.65370466251016
C[C@@H](OC(C)(C)C)[C@H](N)C(=O)O,0.6679670854494592,-2.251379885914865,0.43104895786206077,-8.27675352377693,8.70780248163899,2.682428843776926,-0.38414698143271875,-0.2468974681438279,-0.13724951328889085,8.27675352377693
ON=Cc1cc(O)c(C=NO)cc1O,6.343811077649319e-05,0.5663158085303062,1.2007375090726466,-7.727820690636973,8.928558199709618,0.6344217005423403,-0.3769955008539505,-0.28742902771113005,-0.08956647314282046,7.727820690636973
C[Si](C)(C)c1ccccc1OS(=O)(=O)C(F)(F)F,1.7467875457143514,-0.14763604479648773,0.9904158043567574,-8.355981802896986,9.346397607253746,1.138051849153245,-0.4019856024243678,-0.2586350381256493,-0.1433505642987185,8.355981802896986
[Cd+2],0.0,-9.719131981526187,6.295463166619398e-05,-9.620439909909175,9.620502864540843,9.719194936157852,-0.2665186276506716,-0.027373285065472992,-0.2391453425851986,9.620439909909175
CCCN,0.6250985864882811,-9.475825877106647,0.002188764156328058,-8.908454021047625,8.910642785203954,9.478014641262973,-0.3637875968156106,0.05297032497808065,-0.41675792179369126,8.908454021047625
CCCCn1cc[n+](C)c1P(c1ccccc1)c1ccccc1,1.729736181646174,-0.5380522215887975,0.2899441949224308,-3.6577177915276238,3.947661986450054,0.8279964165112282,-0.34548849975487,-0.23148245639843065,-0.11400604335643935,3.6577177915276238
COC[C@@H]1OCCOCCN(CCCO)CCOCCO[C@H]1COC,0.581510647706817,-5.63010379635235,0.01826261527025838,-6.9878577574265215,7.006120372696779,5.648366411622608,-0.34913940747021427,-0.044502257743609254,-0.304637149726605,6.9878577574265215
CCOc1ccc2c3ccccc3n(-c3ccccc3P(C3CCCCC3)C3CCCCC3)c2c1,0.9527897849415882,-0.13168577926304792,0.7507683286286115,-6.390568905601947,7.141337234230559,0.8824541078916596,-0.3439856915126084,-0.24407014498923726,-0.09991554652337112,6.390568905601947
NC(=O)Oc1ccccc1,1.087054342001249,-1.325773864229304,0.7076762498935962,-8.954852506792653,9.66252875668625,2.0334501141229007,-0.4045615619099445,-0.23418779201532405,-0.17037376989462047,8.954852506792653
CN(C)C(=[O+]n1nnc2ccc(Cl)cc21)N(C)C,3.9253668861871303,-0.037655487035061164,0.551137656936967,-4.5208234983356625,5.0719611552726285,0.5887931439720282,-0.36033840833629527,-0.2601940590659265,-0.10014434927036875,4.5208234983356625
c1ccc2cc(SC[C@@H]3CCCN3)ccc2c1,0.9395199695839219,0.16330676141880573,0.9417253640584871,-7.028343542741373,7.970068906799859,0.7784186026396813,-0.3504582436172392,-0.27425118784839597,-0.07620705576884323,7.028343542741373
COCCN(CCOC)S(F)(F)F,0.9435061240675859,-3.149407146734525,0.14405590028899415,-6.480823036809754,6.6248789370987495,3.2934630470235193,-0.30440872872836644,-0.16499066254958117,-0.13941806617878527,6.480823036809754
CN(C)P(=NC(C)(C)C)(N(C)C)N(C)C,1.832395761178676,-3.988901248748543,0.060324514508095804,-6.207136648436975,6.267461162945072,4.049225763256638,-0.2878844749070926,-0.11605824900453561,-0.17182622590255703,6.207136648436975
Cc1ccc(C2c3ccccc3C(=O)C2O)cc1,1.4134492684057849,0.3969213707895758,1.136170866425679,-7.8136344112092075,8.949805277634885,0.7392494956361034,-0.38640387941401594,-0.2901890080733486,-0.09621487134066736,7.8136344112092075
COC(=O)Cl,0.9945228015716837,-1.1726428964004079,0.9743101329733485,-10.855103343265647,11.829413476238997,2.146953029373756,-0.4565812912899508,-0.2806899223770539,-0.17589136891289686,10.855103343265647
CCCCO[Sn](=O)O,1.239905669760778,1.7542474393431338,2.0109658489549505,-9.163642969647958,11.174608818602909,0.256718409611817,-0.42486349899923814,-0.35611777902098846,-0.06874571997824969,9.163642969647958
CC(C)N(c1c[c+]1N(C(C)C)C(C)C)C(C)C,1.057281465289672,-1.3442989489308181,0.247962169326677,-4.8495374360924135,5.09749960541909,1.5922611182574948,-0.3343932532343587,-0.24522764316274767,-0.08916561007161103,4.8495374360924135
c1ccc([B-](c2ccccc2)(c2ccccc2)c2ccccc2)cc1,0.17558856905818782,3.159243040112159,3.3494223457822594,-7.045978166532009,10.395400512314268,0.19017930567010044,-0.36863206606630633,-0.36783176985030924,-0.0008002962159970872,7.045978166532009
O=c1c(NCc2cc(C(F)(F)F)cc(C(F)(F)F)c2)c(NC[C@@H]2CCCN2)c1=O,3.209113239950466,1.367680002486229,1.5789562286786134,-7.258455413674046,8.837411642352661,0.21127622619238462,-0.3452368563651903,-0.32241598100351393,-0.022820875361676374,7.258455413674046
C[N+]1([O-])CCOCC1,1.851701899151415,-5.592859376319947,0.06744938266902165,-8.334204864078353,8.401654246747375,5.660308758988969,-0.333272534127983,-0.084329274950145,-0.24894325917783802,8.334204864078353
CCCCP(C12CC3CC(CC(C3)C1)C2)C12CC3CC(CC(C3)C1)C2,0.6181423666294491,-3.3046685222459944,0.1459814143841758,-6.727553871765489,6.873535286149664,3.4506499366301697,-0.3380517033715607,-0.1408519701281198,-0.1971997332434409,6.727553871765489
COc1ccccc1-n1cccc1P(C1CCCCC1)C1CCCCC1,0.6502692199375579,-0.7643908187441211,0.589236964734078,-6.693693702627225,7.282930667361304,1.353627783478199,-0.34218292906459874,-0.2354943188687193,-0.10668861019587944,6.693693702627225
C1=CCC([Ti+2]C2=CC=CC2)=C1,0.6004575208810861,-0.18912596487478606,0.6211619126787831,-5.511575491243979,6.132737403922762,0.8102878775535691,-0.27681556357415515,-0.26047828009942975,-0.016337283474725406,5.511575491243979
C[Si](C)(C)I,2.36943892285686,-2.6171129280009464,0.4203906142440636,-8.818742605526733,9.239133219770796,3.0375035422450094,-0.4048883847322321,-0.18521248264806733,-0.21967590208416476,8.818742605526733
CC(=O)Cl,1.1228239278161773,-0.8978937602916339,1.0222924183063944,-10.591335763970104,11.613628182276498,1.9201861785980285,-0.4405280951281576,-0.2898306764476031,-0.15069741868055453,10.591335763970104
CCCNC[C@@H](N)Cc1c[nH]c2ccccc12,1.640536515171929,-1.3333494968140935,0.4629208430020315,-6.832565689713023,7.295486532715056,1.7962703398161248,-0.3512689655716063,-0.22948013225094493,-0.12178883332066137,6.832565689713023
CC(C)c1ccc(C2(c3ccc(C(C)C)cc3)OP(N3[C@H](C)CCC[C@@H]3C)OC(c3ccc(C(C)C)cc3)(c3ccc(C(C)C)cc3)[C@@H]3OC(C)(C)O[C@H]32)cc1,0.4614535982978239,-0.21614168531815903,0.7437690003618143,-6.571044454219198,7.314813454581013,0.9599106856799734,-0.3441911403529289,-0.22397506668745415,-0.12021607366547477,6.571044454219198
On1nnc2ccc(Cl)cc21,0.4939508423834491,0.45568513117356346,1.2759153480333045,-8.740006217080756,10.015921565114061,0.820230216859741,-0.40475303596882817,-0.29715187629124734,-0.10760115967758083,8.740006217080756
CC[n+]1ccn(C)c1,0.16780412917211374,-3.7059321416038595,0.008444976816664144,-3.031273442882287,3.0397184196989513,3.714377118420523,-0.35738359199535047,-0.16225053191745165,-0.19513306007789882,3.031273442882287
O=C([O-])[C@@H]1CCCN1,2.2510808450253172,3.0045740408867703,3.00533226768043,-9.207698935700801,12.213031203381233,0.000758226793660121,-0.430587169529488,-0.4053883885788062,-0.025198780950681787,9.207698935700801
NN,5.305670192146572e-06,-8.121889291922468,0.002371239182300621,-8.686561638977842,8.688932878160141,8.12426053110477,-0.330570111325923,-0.026299849154414457,-0.30427026217150854,8.686561638977842
O=C1[C@@H]2Cc3ccccc3N2[C@@H](c2ccccc2P(C2CCCCC2)C2CCCCC2)N1c1ccccc1,1.810161201597883,0.07958181039825352,0.8481200977846801,-6.542295471677093,7.390415569461775,0.7685382873864267,-0.3485993340201102,-0.250737384615809,-0.09786194940430115,6.542295471677093
O=C(NC(c1ccccc1)c1ccccc1)[C@@H]1CCCN1,1.4274520237180524,-0.5031659371776138,0.744825613421352,-7.338966433843547,8.0837920472649,1.2479915505989656,-0.35187643488274556,-0.23579157700792444,-0.11608485787482112,7.338966433843547
Oc1c(CN2CCC[C@H]2C(O)(c2ccccc2)c2ccccc2)cccc1C(F)(F)F,2.5771871814170657,0.20189612612909702,1.0058124013656766,-7.418216466532659,8.424028867898336,0.8039162752365796,-0.36342883856951724,-0.2623023280213159,-0.10112651054820132,7.418216466532659
[NH3+]O,1.3835906088383378,-6.287023740257151,0.30461039098176435,-1.837477654338202,2.142088045319967,6.591634131238916,-0.39160227661988617,-0.09355310831205184,-0.29804916830783434,1.837477654338202
CC(C)P(=O)(O)OP(=O)(O)C(C)C,2.383957641306484,-4.6039257145869925,0.15573037860505476,-8.67061968472528,8.826350063330333,4.7596560931920475,-0.4162515168486969,-0.09682364053595684,-0.31942787631274006,8.67061968472528
CCCO,0.8095907886384544,-9.263664974638456,0.0006022994269102305,-9.564868091157381,9.56547039058429,9.264267274065366,-0.40887985959173023,0.03918980779994007,-0.4480696673916703,9.564868091157381
Oc1c(I)cc2ccccc2c1-c1c(O)c(I)cc2ccccc12,1.3819906532637776,1.035413125802509,1.3910882211421212,-7.342550778592381,8.7336389997345,0.35567509533961256,-0.38194276407188804,-0.2825420024966627,-0.09940076157522532,7.342550778592381
C[C@@H](OC(C)(C)C)[C@H](NC(=O)OC(C)(C)C)C(=O)O,0.7795551009332548,-1.4402570405375106,0.5768988180721922,-8.062839832065398,8.63973865013759,2.017155858609703,-0.3955233813647713,-0.25195361016033624,-0.14356977120443504,8.062839832065398
O=S(=O)(F)C(F)(F)C(F)(F)C(F)(F)C(F)(F)F,0.6831428171263808,-0.7460837921473615,1.3059705332673988,-12.518153438299443,13.82412397156684,2.05205432541476,-0.5316868629565212,-0.26605647586190295,-0.2656303870946183,12.518153438299443
N[C@@H]1CCCC[C@H]1NC(=S)Nc1cc(C(F)(F)F)cc(C(F)(F)F)c1,3.1589559613514333,0.9173040115617299,1.373471404868494,-7.742734783082996,9.116206187951493,0.4561673933067637,-0.36088503824375306,-0.3021329527078877,-0.05875208553586536,7.742734783082996
Cc1ccc(B(O)O)cc1CO,1.9337089672852599,-1.1464175387158235,0.6541882702478357,-8.104479545944304,8.75866781619214,1.800605808963659,-0.3879485330396781,-0.24318798766477412,-0.14476054537490396,8.104479545944304
CC(C)(C)[Si](c1ccccc1)(c1ccccc1)[C@H]1CCCN1,0.4138370254533484,-0.46908623836977625,0.6813426423856568,-6.735837902323295,7.417180544708951,1.1504288807554328,-0.3352299638647951,-0.23768953979381102,-0.09754042407098407,6.735837902323295
C=Cn1ccnc1,1.369561277158764,-1.0346743687281168,0.7682542259121878,-8.815314896840212,9.583569122752397,1.8029285946403046,-0.3816764238102151,-0.2542523181752078,-0.12742410563500728,8.815314896840212
O=Cc1ccccc1I,2.3911850753518586,0.74230663892914,1.4077335439888672,-8.76004851713226,10.167782061121127,0.6654269050597272,-0.3998412158282899,-0.3099618144811049,-0.08987940134718503,8.76004851713226
[Li]C,1.8653968757922779,-2.7421692424883544,0.24800604415409067,-7.178798578869806,7.426804623023896,2.9901752866424447,-0.28821100321222703,-0.18510476787572325,-0.10310623533650379,7.178798578869806
FC(F)(F)c1cc(NC(=S)N[C@@H](Cc2ccccc2)CN2CCN(Cc3ccc4c(c3)OCO4)CC2)cc(C(F)(F)F)c1,1.3041659622702197,1.1819485846982722,1.3972654875411314,-6.60112294512291,7.998388432664041,0.21531690284285904,-0.3511982423342888,-0.3078847080465666,-0.04331353428772222,6.60112294512291
ClB1Oc2c(Cl)c(Cl)c(Cl)c(Cl)c2O1,0.13957058898301822,1.0417570816447244,1.5663743866184152,-8.849751185800557,10.416125572418972,0.5246173049736907,-0.42645276755626216,-0.3017286351609593,-0.12472413239530283,8.849751185800557
CC(C)c1cccc(C(C)C)c1N1C(=O)[C@@H]2C[C@@H](O)CN2[C@H]1c1cccc([C@H]2N(c3c(C(C)C)cccc3C(C)C)C(=O)[C@@H]3C[C@@H](O)CN32)n1,2.4615909660630737,0.47860210068453224,1.0467236630291488,-6.792876887210744,7.83960055023989,0.5681215623446166,-0.3674475937693736,-0.2764442395393793,-0.09100335422999428,6.792876887210744
BrBr,4.5843939269858935e-14,0.9550951018843206,1.8124780389452255,-11.281178844844757,13.093656883789983,0.8573829370609045,-0.44265233776261137,-0.3509101259634851,-0.09174221179912628,11.281178844844757
C[Si](C)(C)[N-][Si](C)(C)C,1.0513218779526177,2.2338239842573833,2.2467886012536455,-7.4360163360866185,9.682804937340265,0.012964616996262893,-0.36597985473718725,-0.36449694320985043,-0.0014829115273368165,7.4360163360866185
Clc1nc(Cl)nc(Cl)n1,3.0145468553942336e-06,1.4089302146644487,1.89444147545249,-10.005026859099472,11.899468334551962,0.4855112607880409,-0.4504393227013917,-0.3296001657934407,-0.120839156907951,10.005026859099472
CN(C)C=[N+](C)C,0.2749028356013312,-4.332966411744467,0.0326838732396761,-2.9527479780823622,2.9854318513220384,4.365650284984143,-0.331783719056473,-0.15486648037703982,-0.1769172386794332,2.9527479780823622
Cn1ccc(=Nc2cccc3ccccc23)cc1,2.7768853270834084,-0.3650095200402079,0.6905646622277454,-6.542392713993019,7.232957376220765,1.0555741822679532,-0.33389595268774397,-0.24109825759824832,-0.09279769508949565,6.542392713993019
CCCCCCCCCCCCS(=O)(=O)[O-],4.085715777617005,3.982173945687377,4.347938279960564,-8.365262371366725,12.713200651327288,0.36576433427318683,-0.4278638803003009,-0.42308855069055096,-0.0047753296097499676,8.365262371366725
O=S(=O)(c1cccc(S(=O)(=O)N(Br)Br)c1)N(Br)Br,1.331273639044496,2.9373111812489947,2.938739086259752,-9.076758737856006,12.01549782411576,0.0014279050107571755,-0.4374312675414201,-0.3580812026372522,-0.0793500649041679,9.076758737856006
O=C(Oc1c(F)c(F)c(F)c(F)c1F)Oc1c(F)c(F)c(F)c(F)c1F,0.6872833971713134,2.0506670506994595,2.3001880293713564,-10.180451825363212,12.480639854734568,0.24952097867189693,-0.4808522444180616,-0.3314584544893498,-0.14939378992871183,10.180451825363212
CC(C)(C)OC(=O)C[C@H](NC(=S)N[C@@H](c1ccccc1)[C@@H](N)c1ccccc1)C(=O)OC(C)(C)C,3.635450677933985,0.07716714626934884,0.8671114284732288,-6.701794454807473,7.568905883280701,0.7899442822038798,-0.31567975815137916,-0.2540139093036503,-0.061665848847728855,6.701794454807473
Cc1cc(C)c(-n2cc[n+](-c3c(C)cc(C)cc3C)c2)c(C)c1,0.4120313712806654,-0.7290782570457326,0.21529091415868465,-3.3938565162910326,3.6091474304497178,0.9443691712044172,-0.3717848015315919,-0.2235846472161722,-0.1482001543154197,3.3938565162910326
CC(C)[C@H]1CN1c1ccccc1P(=O)(c1ccccc1)c1ccccc1,1.7924948165428696,0.08711673384059271,0.9503301856392316,-7.337104062306732,8.287434247945965,0.8632134517986388,-0.36506179878063977,-0.25076484231395435,-0.11429695646668542,7.337104062306732
Cc1cc(C)c(-n2c[n+]3c(n2)COC2Cc4ccccc4C23)c(C)c1,1.4813962747236626,-0.4081120536913181,0.34522739157594673,-3.8289173493337927,4.17414474090974,0.7533394452672648,-0.3677252949112649,-0.2340286219662412,-0.1336966729450237,3.8289173493337927
COC1=NCN(OC)C(Cl)=N1,1.1998148005422977,0.02858820181534849,1.0690656142896877,-8.46637286817921,9.535438482468898,1.0404774124743392,-0.3874206350116497,-0.2890588995525082,-0.09836173545914151,8.46637286817921
CB(O)O,0.09743019434073395,-3.0081434089261343,0.43025467786232924,-9.594364046205243,10.024618724067572,3.438398086788464,-0.4005835616670154,-0.22651258396449153,-0.1740709777025239,9.594364046205243
CCN1C(=O)C=CC1=O,0.15267550339899047,1.097763774521452,1.6820609444419623,-9.595978104562315,11.278039049004278,0.5842971699205103,-0.42553367419316573,-0.3373987620124975,-0.08813491218066821,9.595978104562315
Cn1ccnc1SC[C@@H]1CCCN1,0.2366458960196301,-1.945582047550435,0.36691752878838974,-7.09780723462123,7.464724763409622,2.312499576338825,-0.3516678953353665,-0.20210610900183537,-0.14956178633353115,7.09780723462123
NC(=S)N(c1cccc(CC(=O)O)c1)c1cc(C(F)(F)F)cc(C(F)(F)F)c1,3.317163358522623,1.248056857863217,1.5690444619659845,-7.8668356923325415,9.435880154298523,0.3209876041027675,-0.3634758667754499,-0.30375376509068197,-0.059722101684767936,7.8668356923325415
CP(C)c1ccccc1,0.7333438854170738,-1.147829132596117,0.6068293930107491,-7.702670646248951,8.309500039259701,1.754658525606866,-0.3606408616036345,-0.23663534707428965,-0.12400551452934486,7.702670646248951
C[N+](C)=C(n1nnc2ccccc21)[N+](C)(C)[O-],1.4048320497192754,0.7005780138169024,1.0430550908270233,-5.862365950970759,6.905421041797783,0.34247707701012076,-0.33983415010860357,-0.297388960980781,-0.04244518912782258,5.862365950970759
O=C[O-],1.1798537997894862,3.592327477372132,3.6147043050114904,-12.00410560191974,15.618809906931233,0.022376827639358214,-0.4941229891436109,-0.46443264173401944,-0.029690347409591478,12.00410560191974
c1ccc(CN2[C@H](c3cccc([C@@H]4N[C@@H](c5ccccc5)[C@H](c5ccccc5)N4Cc4ccccc4)n3)N[C@@H](c3ccccc3)[C@@H]2c2ccccc2)cc1,0.928519593876869,0.2978480205235412,0.931222990099608,-6.499016161163027,7.430239151262635,0.6333749695760666,-0.35410876993400175,-0.25087293294797985,-0.1032358369860219,6.499016161163027
c1ccc([C@H]2COC(CC3=N[C@@H](c4ccccc4)CO3)=N2)cc1,0.6278330479427876,-0.22980134601081303,0.8634209589536573,-7.569688575168515,8.433109534122174,1.0932223049644703,-0.39444785341981325,-0.23585945266241706,-0.1585884007573962,7.569688575168515
N#[O+],0.11423688321385761,-1.7406146013282,0.6793501966438692,-9.586763479005157,10.266113675649025,2.419964797972069,-0.49535556618026055,-0.32365656761897255,-0.171698998561288,9.586763479005157
CC(C)N(C(=O)c1ccccc1P(C1CCCCC1)C1CCCCC1)C(C)C,1.4793714908661442,-0.7701126390439326,0.579106139500681,-6.622276730858038,7.201382870358719,1.349218778544614,-0.3402755773107385,-0.23916166259689584,-0.10111391471384265,6.622276730858038
CCOC(=O)N(CC#N)[O+]=C(N(C)C)N(C)C,3.186604140796963,-1.2736646077133358,0.16684512609858562,-3.902032733421347,4.068877859519932,1.4405097338119215,-0.37562580800657885,-0.22217954522501854,-0.15344626278156032,3.902032733421347
CC(C)(C)N=P(N1CCCC1)(N1CCCC1)N1CCCC1,2.009315867677709,-4.274650655709818,0.037140035928074064,-6.023910952239083,6.061050988167157,4.311790691637892,-0.2857977293905262,-0.10075395051687835,-0.18504377887364787,6.023910952239083
Cc1ccc(Br)cc1,1.6630369899629838,-1.0664932660871602,0.7307077195317054,-8.573171670023182,9.303879389554888,1.7972009856188655,-0.3928999589116379,-0.24486213699517567,-0.14803782191646225,8.573171670023182
COc1cccc(OC)c1-c1cccc(OC)c1P1[C@@H](c2ccccc2)CC[C@@H]1c1ccccc1,0.5405743258651464,-0.37859332456617256,0.6717772258794503,-6.425737976760066,7.0975152026395145,1.0503705504456229,-0.34008666536762105,-0.23126944334308938,-0.10881722202453167,6.425737976760066
O=C(O[Ag])C(F)(F)F,2.666001420438508,0.2065775633790503,1.3703235961708735,-10.325987787997681,11.696311384168554,1.1637460327918232,-0.4168611738595535,-0.3008371953083028,-0.11602397855125074,10.325987787997681
CNc1ccccc1-c1ccccc1NS(=O)(=O)C(F)(F)F,1.7423797053583858,-0.05806262352924918,0.9334642501626286,-7.640150157122163,8.57361440728479,0.9915268736918778,-0.36530430565459115,-0.2569179063877735,-0.10838639926681765,7.640150157122163
O=P(O)(O)O[W](=O)(=O)O,5.733392936402872,0.4798928147559769,1.1989246662747224,-8.029704120620133,9.228628786894856,0.7190318515187456,-0.3423111833570921,-0.2999878033683448,-0.0423233799887473,8.029704120620133
O=S(=O)(NC[C@@H]1CCCN1)C(F)(F)F,1.8128352874023563,-1.6010924884438849,0.5923239374747057,-8.529709335035584,9.12203327251029,2.19341642591859,-0.36384824009804595,-0.23287312617418426,-0.13097511392386169,8.529709335035584
[Ag+2],0.0,-0.1689959073055718,0.8145831595651893,-7.007735101193811,7.822318260759002,0.9835790668707612,-0.3524658146721053,-0.2970800635524294,-0.05538575111967592,7.007735101193811
Cc1cc(C)c(N2CCN(c3c(C)cc(C)cc3C)S2=O)c(C)c1,1.8832758216694667,-0.5802576109442255,0.6740744674384977,-6.954627209692871,7.628701677131368,1.2543320783827236,-0.3539945331112613,-0.22531521810147875,-0.12867931500978252,6.954627209692871
COc1ccc(C(=O)O)cc1,1.5350901340576393,-0.30775997568687696,0.9703652206610912,-8.643878175228595,9.61424339588969,1.2781251963479683,-0.396711266754306,-0.27067966505193747,-0.12603160170236855,8.643878175228595
c1ccc(NC[C@@H]2CCCN2)c(NC[C@@H]2CCCN2)c1,1.5704877432064217,-2.173366014401477,0.27358928818916173,-6.540546436365229,6.814135724554391,2.4469553025906388,-0.3349910192304407,-0.20371246746826327,-0.13127855176217745,6.540546436365229
CCCCCCCC[n+]1cc(Br)c(-c2c(Br)cncc2I)c(I)c1,2.672877818431675,1.0592371143212436,1.2264668264519982,-5.658156373800383,6.884623200252383,0.1672297121307547,-0.39974743504953875,-0.2963156662449363,-0.10343176880460242,5.658156373800383
Nc1ccc(S(=O)(=O)O)cc1,2.4651857695170594,-0.9115369045817538,0.7786527767976287,-8.614953326833268,9.3936061036309,1.6901896813793824,-0.3915666636792494,-0.24937887531149144,-0.14218778836775797,8.614953326833268
O=C(Cl)OCC1c2ccccc2-c2ccccc21,0.9494165185380202,0.39512993550296205,1.1599130287032684,-8.011923137923404,9.171836166626672,0.7647830932003066,-0.38523609378832224,-0.279336523611285,-0.10589957017703722,8.011923137923404
CC(C)(C)P(c1cccn1-c1ccccc1)C(C)(C)C,0.13467191148757254,-0.6704195555418471,0.5983023264603525,-6.548635039014679,7.146937365475034,1.2687218820022,-0.32941819503057335,-0.23863088252346784,-0.0907873125071055,6.548635039014679
c1cnc2c(c1)nnn2O[P+](N1CCCC1)(N1CCCC1)N1CCCC1,6.101420583333095,-1.6423202496408456,0.09732320447066713,-3.677493624990804,3.7748168294614706,1.739643454111513,-0.3017780982592906,-0.20976282125674933,-0.09201527700254125,3.677493624990804
CN(C)[P+](Br)(N(C)C)N(C)C,3.5101139224170543,-1.8449361861968328,0.04799346204355998,-3.242551753781642,3.2905452158252024,1.8929296482403928,-0.3760010430765763,-0.20388238616098522,-0.17211865691559106,3.242551753781642
Cln1nnc2ccccc21,1.5963351557210286,0.2941193573138179,1.220314984285039,-8.839669995545425,10.059984979830464,0.926195626971221,-0.4009891259867406,-0.2919491004280162,-0.10904002555872438,8.839669995545425
CCC(CC)[C@@H](CP(c1ccccc1)c1ccccc1)NC(=O)[C@@H](NC(=O)c1cc(C(F)(F)F)cc(C(F)(F)F)c1)C(C)C,3.1212957321525376,1.2945548072876214,1.5023364215882842,-6.94963454035476,8.451970961943045,0.20778161430066275,-0.3551439397709244,-0.3093651984239313,-0.04577874134699311,6.94963454035476
CN(C)C(=[O+]Sc1cccc[n+]1[O-])N(C)C,3.611043788086618,-0.5093945901408503,0.35182528585753803,-4.118509273575974,4.470334559433512,0.8612198759983883,-0.3415013240080565,-0.24176900887251604,-0.09973231513554046,4.118509273575974
CC(C)C[Al+]CC(C)C,0.04214421847893199,-0.9497015831442219,0.27892764617211513,-4.407030954745585,4.6859586009177,1.228629229316337,-0.3532756327164817,-0.24226660316174406,-0.11100902955473765,4.407030954745585
COc1c(C)c(C)c(-c2c(C(C)C)cc(C(C)C)cc2C(C)C)c(P(C(C)(C)C)C(C)(C)C)c1C,0.5388778448512994,-0.6056933934778597,0.5302198833787648,-5.830850762969099,6.361070646347865,1.1359132768566245,-0.3045733613363249,-0.2315943701275115,-0.0729789912088134,5.830850762969099
COc1c(C)c(C)c(P(C(C)(C)C)C(C)(C)C)c(-c2c(C(C)C)cc(C(C)C)cc2C(C)C)c1C,0.7229106653891308,-0.5885424982589429,0.5360766689753084,-5.838668478721786,6.3747451476970936,1.1246191672342511,-0.3045059030788883,-0.23262466869361206,-0.07188123438527624,5.838668478721786
CN(C)C(F)=[N+](C)C,1.0844110261873603,-4.01185271520733,0.008285837071916144,-3.314952634094089,3.323238471166006,4.0201385522792465,-0.3469629047841513,-0.167876650480374,-0.1790862543037773,3.314952634094089
CC(C)(C)[PH]([Pd+2][PH](C(C)(C)C)(C(C)(C)C)C(C)(C)C)(C(C)(C)C)C(C)(C)C,1.0121613981175859,-1.1150051703097237,0.06253681857470082,-2.450618093796617,2.5131549123713177,1.1775419888844245,-0.20438218430984728,-0.19889061030454866,-0.005491574005298622,2.450618093796617
COC1CCCC1,0.5941102999158894,-8.044729066128241,0.003361261763943198,-8.716070619232253,8.719431880996195,8.048090327892185,-0.39269208761999935,0.012276012586827905,-0.4049681002068273,8.716070619232253
C[N+](C)(C)Cc1ccc(P(c2ccccc2)c2ccccc2)cc1,7.4059906562207045,-1.0533247064126035,0.08921057209808497,-2.687202473329692,2.7764130454277773,1.1425352785106881,-0.3100525654022137,-0.20388927133985424,-0.10616329406235947,2.687202473329692
ClC(Cl)(Cl)Br,0.9221887836681968,0.6479683775586977,1.576755307154487,-10.499663920675783,12.07641922783027,0.9287869295957893,-0.456591190920259,-0.3063531150545033,-0.15023807586575572,10.499663920675783
CC[NH3+],0.4014334883499755,-7.960371719379896,1.485978953680319,1.0821480870871536,0.40383086659316525,9.446350673060218,-0.42540275173991876,-0.011373894666623453,-0.4140288570732953,-1.0821480870871536
O=S(O)O,0.26858245195974495,-3.0424002945971726,0.48811361323158065,-10.245823267885642,10.733936881117224,3.5305139078287535,-0.4157892082432185,-0.18981607608615167,-0.22597313215706685,10.245823267885642
CC(C)(C)P(c1ccccc1-c1ccc2ccc3cccc4ccc1c2c34)C(C)(C)C,0.6773557281468886,0.6828360237646587,1.066509158970745,-6.141921895097964,7.208431054068708,0.3836731352060862,-0.3284431688086072,-0.27719032672806293,-0.05125284208054426,6.141921895097964
O=C([O-])C1CCCCNC1=O,2.5647311501558754,3.488841068927414,3.51782947092749,-9.305127967389868,12.822957438317358,0.028988402000076623,-0.4331266802228843,-0.4214403314455043,-0.011686348777380007,9.305127967389868
[Rh+2],0.0,0.6186129993644665,1.6316393119055903,-11.050540566129799,12.682179878035392,1.0130263125411236,-0.3923812345896891,-0.3923812345896891,0.0,11.050540566129799
Cl[P+](N1CCCC1)(N1CCCC1)N1CCCC1,2.455046303066269,-2.533212671132567,0.004522832787383643,-2.1227668936376025,2.1272897264249857,2.537735503919951,-0.36561625450374724,-0.17098336571179856,-0.19463288879194868,2.1227668936376025
CC(C)(C)OC(=O)N[C@H]1CCCC[C@@H]1N,1.1566148450309488,-3.7195149752092105,0.18514857535013848,-7.86115121956237,8.046299794912509,3.9046635505593486,-0.3775394991997366,-0.18182831527473717,-0.19571118392499945,7.86115121956237
COc1ccc(C(=O)O)cc1OC,0.9497909913535936,-0.2768309143561849,0.9027475034584487,-8.015505939070781,8.91825344252923,1.1795784178146334,-0.3782285804643651,-0.2694664593800594,-0.10876212108430566,8.015505939070781
c1ccc(N/N=C(\CN2CCCCC2)c2ccccc2)cc1,0.9848315733008078,-0.03344062661393021,0.8084945188650153,-6.567600394913455,7.376094913778471,0.8419351454789455,-0.3410504728437958,-0.26235253569864553,-0.07869793714515028,6.567600394913455
CCOC(=O)N1CCCCCN1,1.0422949157229775,-3.2887845527896857,0.24769640617127017,-8.023308681222604,8.271005087393876,3.536480958960955,-0.3629118978509933,-0.19773149519190122,-0.1651804026590921,8.023308681222604
Cc1cc(C)c(-c2n[nH]n(-c3c(C)cc(C)cc3C)c2=[Pd-4](Cl)(Cl)=c2c(-c3c(C)cc(C)cc3C)n[nH]n2-c2c(C)cc(C)cc2C)c(C)c1,4.4417053174156,0.7001632699422622,0.8981285376215384,-4.578996101617463,5.477124639239001,0.19796526767927625,-0.2780433894381101,-0.2709489711117091,-0.007094418326400953,4.578996101617463
O=P1(O)Oc2c(-c3ccc(Cl)cc3)cc3ccccc3c2-c2c(c(-c3ccc(Cl)cc3)cc3ccccc23)O1,2.6049734182615722,1.396814317193142,1.5792395116736242,-7.067115830105637,8.646355341779264,0.18242519448048222,-0.38111882315476686,-0.29433587944776113,-0.08678294370700573,7.067115830105637
CC(C)c1cccc(C(C)C)c1N1C=CNC1[Pd]P(C)([O])(c1ccccc1)c1ccccc1,1.7132634254207169,0.870770509893628,1.0603262544052194,-5.163814999246492,6.224141253651712,0.1895557445115914,-0.3290607031403408,-0.28927103288420997,-0.03978967025613084,5.163814999246492
C[C@@H]([C@H](O)c1ccccc1)N1CCCC1,0.9655930488349764,-1.8084330372688209,0.42137100459748367,-7.371183658154353,7.792554662751836,2.2298040418663043,-0.351707996941029,-0.2210923673947444,-0.1306156295462846,7.371183658154353
[Er+3],0.0,0.6867705581406822,0.9968019157820975,-5.524091219276125,6.520893135058222,0.31003135764141543,-0.2694472269912471,-0.21193295699404996,-0.057514269997197165,5.524091219276125
COc1ccc(C(O)(c2ccc(OC)cc2)[C@@H]2CCCN2Cc2ccccc2)cc1,1.2901010637227557,-0.5570509982232608,0.658391833206266,-6.768858421243058,7.427250254449323,1.215442831429527,-0.3498778997833333,-0.2234972680987296,-0.12638063168460367,6.768858421243058
CCCCn1c[n+](CCCC)c2ccccc21,1.6401493657423716,-1.5786426259341328,0.11533561272203621,-3.8080394564982196,3.9233750692202554,1.6939782386561686,-0.3541459030760828,-0.2189762045841116,-0.1351696984919712,3.8080394564982196
O=C(c1ccc(-c2ccccc2)cc1)c1nc(-c2ccc(-c3ccccc3)cc2)c[nH]1,2.6317485808799543,1.0536906763229394,1.3721693839134355,-7.079246247466536,8.45141563137997,0.31847870759049585,-0.37585892059541826,-0.2919710963939925,-0.08388782420142576,7.079246247466536
ClB(Cl)c1ccccc1,1.04395572193241,0.7237646800132422,1.4183814436232318,-8.920114283673888,10.338495727297119,0.69461676360999,-0.4178317526395348,-0.30642147729971264,-0.11141027533982217,8.920114283673888
CC(C)(C)[C@H](N)C(=O)Nc1ccccn1,0.8416588861852631,-0.4541744326343675,0.8114850391320585,-7.753880691885824,8.56536573101788,1.2656594717664262,-0.3695313679323577,-0.2601969282763081,-0.10933443965604961,7.753880691885824
Oc1c(Cl)ccc2c1-c1c(ccc(Cl)c1O)-c1ccccc1-c1ccccc1-2,0.6746751995002193,0.28980637334299164,1.0280121756626381,-7.306801533406475,8.334813709069113,0.7382058023196466,-0.38403833082494226,-0.2556511794968865,-0.12838715132805578,7.306801533406475
CCP(=O)(C#N)CC,2.23194281544399,-1.3221774992018105,0.75319518484213,-9.33601526663915,10.089210451481279,2.0753726840439404,-0.4244449119420442,-0.26662697953008946,-0.15781793241195474,9.33601526663915
CN(C)P1OC(c2ccccc2)(c2ccccc2)[C@@H]2OC(C)(C)O[C@H]2C(c2ccccc2)(c2ccccc2)O1,0.5273326078632399,-0.11097444204326123,0.8023659152488033,-6.744665132222881,7.547031047471684,0.9133403572920646,-0.34292781246042886,-0.23533383240586123,-0.10759398005456763,6.744665132222881
[S+6],0.0,2.1315172194714815,2.3765784775699768,-10.427421297098837,12.80399977466881,0.24506125809849538,-0.41812256079923593,-0.41812256079923593,0.0,10.427421297098837
CS(=O)(=O)n1nnc2ccccc21,0.23151421966502805,0.42588865759385897,1.296861505543914,-9.012733500909963,10.309595006453877,0.8709728479500553,-0.4059428172653863,-0.2991110060639633,-0.10683181120142299,9.012733500909963
FC(F)(F)c1ccccc1B1OC(c2ccccc2)(c2ccccc2)[C@@H]2CCCN12,1.694048056001594,-0.04964078794035576,0.9203642042296948,-7.510532213828936,8.430896418058628,0.9700049921700505,-0.37294238084048587,-0.2588143342959295,-0.11412804654455638,7.510532213828936
CCOC(=O)/C(C#N)=N\OC(N1CCOCC1)=[N+](C)C,4.134067350392166,-0.21215084499123904,0.5317096743136362,-4.85459788840579,5.386307562719426,0.7438605193048753,-0.3670712385352482,-0.26137976071113805,-0.10569147782411015,4.85459788840579
O=C([O-])c1n(C2CCCCC2)cc[n+]1C1CCCCC1,4.240635842317599,-0.43505878015852684,0.8070518661987645,-7.668158683295481,8.475210549494244,1.242110646357291,-0.3513389267386481,-0.2714074604458249,-0.07993146629282316,7.668158683295481
CCCCCCCC[N+](C)(CCCCCCCC)CCCCCCCC,0.21095609744857288,-5.083504982834694,0.5674712094929357,-0.19041134011733796,0.7578825496102737,5.65097619232763,-0.4027553079548843,-0.08724668827760157,-0.3155086196772827,0.19041134011733796
OCCCN1CCOCCO[C@@H](COCc2ccccc2)[C@H](COCc2ccccc2)OCCOCC1,1.484255159895008,-0.6204796928332259,0.6140823578033746,-6.559618966480256,7.173701324283629,1.2345620506366004,-0.3354710969428432,-0.22646543375350775,-0.10900566318933547,6.559618966480256
O=C(Cl)OC(Cl)(Cl)Cl,0.4281318170773138,0.6658468580243939,1.5694327664900274,-10.37527347539581,11.944706241885838,0.9035859084656337,-0.4661339304526309,-0.31420193712717503,-0.15193199332545587,10.37527347539581
CC(C)c1cccc(C(C)C)c1-n1ccn(-c2c(C(C)C)cccc2C(C)C)c1=[Au-2]Cl,3.7686959843027465,-0.1173241525544606,0.7555438176832797,-6.387859005764563,7.143402823447843,0.8728679702377403,-0.305592619023918,-0.24073038417565357,-0.06486223484826442,6.387859005764563
c1ccc(-c2cc(-c3ccccc3)[o+]c(-c3ccccc3)c2)cc1,0.32848854500604235,1.259958624192322,1.3399739729274704,-5.409706619669695,6.749680592597166,0.0800153487351485,-0.38638752703490997,-0.29957757540662605,-0.08680995162828392,5.409706619669695
CCCCn1cc(CCCCCCCCCn2cc[n+](C)c2)[n+](C)n1,2.666644812638359,-1.94284868587417,0.000753485165160446,-2.098936485980598,2.0996899711457586,1.943602171039331,-0.18019035016934284,-0.17981277825014266,-0.0003775719192001814,2.098936485980598
O=S(=O)([O-])OOS(=O)(=O)[O-],0.07503048943572097,6.799751629016287,8.29678194052439,-12.290264909606847,20.587046850131244,1.497030311508106,-0.5293266699258784,-0.5291614705326294,-0.0001651993932489937,12.290264909606847
CN,0.6035747890535352,-10.152650001353464,0.00239182459755811,-9.538819143461007,9.541210968058566,10.155041825951022,-0.36612314741736135,0.05623106761098235,-0.4223542150283437,9.538819143461007
Cc1cc(NCC(=O)[n+]2ccn(C)c2)c(NCC(=O)[n+]2ccn(C)c2)cc1C,0.3693146945769399,-0.21727287026911757,0.3739449137665054,-3.5938305910023267,3.9677755047688312,0.591217784035623,-0.24030943489795015,-0.24028678857290273,-2.26463250474207e-05,3.5938305910023267
C[Al],0.07881193932279922,-2.9744176202853905,0.2301592379663207,-7.330314021332862,7.560473259299184,3.2045768582517113,-0.2929404348874994,-0.20288199327462184,-0.09005844161287754,7.330314021332862
CCOC(=O)C(C)O,0.9630627194348192,-2.0256094555860846,0.5764969637820437,-9.230750625651021,9.807247589433068,2.6021064193681287,-0.41043791921660777,-0.2533633024290545,-0.15707461678755325,9.230750625651021
O=C(N[C@@H](Cc1ccccc1)C(O)(c1ccccc1)c1ccccc1)[C@@H]1C[C@@H](O)CN1,2.115222426918864,-0.17048695414453263,0.8461943142069945,-7.2653799151301435,8.111574229337139,1.0166812683515272,-0.3628401387042049,-0.24400897271186395,-0.11883116599234095,7.2653799151301435
CCCCCCCCCCCCC(CCCCCCCCCCCC)(O[Si](C)(C)C)[C@@H]1CCCN1,0.861278475855652,-4.093355808779018,0.08561889725432663,-6.828484171549503,6.914103068803827,4.178974706033345,-0.3480151278645905,-0.12303921407042014,-0.22497591379417037,6.828484171549503
c1ccc(C[C@H]2CN[C@@H](Cc3ccccc3)CN2)cc1,0.611414631049555,-0.644130977631745,0.6800101282213384,-7.159809751836109,7.8398198800574495,1.3241411058530834,-0.3541080895730763,-0.2237953170478099,-0.13031277252526643,7.159809751836109
CC(=O)OI(OC(C)=O)c1ccccc1,1.8657279259529411,1.2995343366353902,1.4480637862659655,-6.347790045752193,7.79585383201816,0.14852944963057527,-0.32391706430280187,-0.3170018053376801,-0.0069152589651217955,6.347790045752193
O=C(O)c1ccc(C(F)(F)F)cc1,1.278333992692386,0.826812009015347,1.6009009401988286,-10.029637489470222,11.630538429669052,0.7740889311834815,-0.4417759372018513,-0.3117252202057909,-0.1300507169960604,10.029637489470222
CCCCCCCCCC(CC[NH+](C)C)OS(=O)(=O)O,4.834402604514968,-4.202032275792602,0.3797633383722071,-0.444726281133331,0.8244896195055381,4.581795614164809,-0.3754079528722309,-0.10750514919974724,-0.26790280367248365,0.444726281133331
CCCS(=O)(=O)[O-],2.733092444819781,3.986445398793016,4.078235063326874,-9.879162173073762,13.957397236400636,0.09178966453385717,-0.4465293247456262,-0.43727039862259376,-0.009258926123032418,9.879162173073762
CN(C)c1ccc(-c2ccccc2P(C2CCCCC2)C2CCCCC2)cc1,0.5154355763209163,-0.7600102259262647,0.5334684337129579,-6.2166058199745535,6.7500742536875125,1.2934786596392225,-0.33579888663895263,-0.231011571499443,-0.10478731513950962,6.2166058199745535
Cc1ccc(O)c(C(C)(C)C)c1,0.4459124302180444,-1.875632250914085,0.4492171652839201,-7.7602626750813535,8.209479840365272,2.324849416198005,-0.3663271384715557,-0.2182067452403076,-0.1481203932312481,7.7602626750813535
CC1(C)C2CC[C@]1(CS(=O)(=O)O)C(=O)C2,2.0521971945125816,-1.557609883642193,0.609545560915147,-8.593147856054724,9.202693416969872,2.16715544455734,-0.3950199805934474,-0.2561323275152945,-0.13888765307815287,8.593147856054724
O=[N+]([O-])C=C(NCc1cc(C(F)(F)F)cc(C(F)(F)F)c1)NCc1cc(C(F)(F)F)cc(C(F)(F)F)c1,2.1600379505464,2.174122321224777,2.292878164929214,-9.084657186741815,11.377535351671026,0.1187558437044367,-0.41672895887795297,-0.3266101150515097,-0.09011884382644325,9.084657186741815
CN(C)C(=C(N(C)C)N(C)C)N(C)C,0.08485539173413363,-3.6667324077288876,0.028121908122301024,-5.068600378803442,5.0967222869257425,3.6948543158511895,-0.27207536386027065,-0.15353830124670376,-0.11853706261356689,5.068600378803442
COCCOCCN(CCOCCOC)CCOCCOC,1.7777217870553437,-5.488772774435016,0.02699196044746657,-7.140146219747061,7.16713818019453,5.515764734882481,-0.35552853639922716,-0.04683510013452599,-0.30869343626470114,7.140146219747061
O=P([O-])([O-])OP(=O)([O-])[O-],0.07663677211050517,7.2038191563650695,8.968155411439481,-12.757628185253289,21.725783596692764,1.7643362550744102,-0.5475556742762672,-0.5424794696902665,-0.0050762045860006655,12.757628185253289
N[C@H](c1ccccc1)[C@H](NC(=S)Nc1cccc(NC(=S)N[C@H](c2ccccc2)[C@H](N)c2ccccc2)c1)c1ccccc1,2.8299435362619696,0.7309276462608683,1.1104218761212954,-6.307369015410112,7.417790891531411,0.3794942298604271,-0.33702951122128993,-0.2640935253578416,-0.07293598586344835,6.307369015410112
COC(OC)OC,1.170340596581022,-7.3330522550791315,0.029205782149316985,-9.304687522357197,9.33389330450651,7.3622580372284485,-0.41927057194934453,-0.0160161465225982,-0.40325442542674633,9.304687522357197
c1ccc(C(O[Si](c2ccccc2)(c2ccccc2)c2ccccc2)(c2ccccc2)C2CCCN2)cc1,0.7567141401985034,0.020694137871531737,0.8548702926262246,-6.776626374027716,7.631496666653943,0.834176154754693,-0.353827711820985,-0.2401145358981781,-0.11371317592280689,6.776626374027716
Cc1cc(NNc2cc(C)on2)no1,2.564244144733771,-0.7711744015718258,0.6749607306435232,-7.422896726049453,8.09785745669298,1.4461351322153495,-0.35118620937222783,-0.23648187794064152,-0.11470433143158631,7.422896726049453
CC1CP(CCCN(C)C)C2CC1CCC2C,1.0217229884629497,-3.2573318534631466,0.15537843476800964,-6.791608083098506,6.946986517866516,3.4127102882311555,-0.34716086926944323,-0.14744599326725014,-0.1997148760021931,6.791608083098506
CC(C)(C)OC(=O)N[C@@H](Cc1ccccc1)CP(c1ccccc1)c1ccccc1,1.4488849812062783,-0.09595590223773343,0.8410274558306798,-7.010905017428142,7.85193247325882,0.9369833580684133,-0.3581115743536202,-0.24249980297848214,-0.11561177137513803,7.010905017428142
C[N+](C)(C)c1ccc(SCc2ccccc2)cc1,6.775847994715366,-1.3231257805652819,0.08200641904735319,-3.0089724168425134,3.0909788358898656,1.405132199612635,-0.30599179332931237,-0.20451536721926028,-0.10147642611005209,3.0089724168425134
COc1nc(OC)nc([N+]2(OC)CCOCC2)n1,2.9581798787705864,-1.2452229934325758,0.19902794556831238,-4.185895513104336,4.384923458672649,1.4442509390008884,-0.34529087301945927,-0.22991828413959722,-0.11537258887986204,4.185895513104336
CN(C)c1ccccn1,0.5839401365424888,-1.4805097883427112,0.5255960632874693,-7.690255896805128,8.2158519600926,2.0061058516301804,-0.35662913245419436,-0.24158201457169845,-0.11504711788249591,7.690255896805128
CC(C)(C)N1C(=O)N1C(C)(C)C,1.193627436203975,-2.269069561726,0.4438532372672744,-8.43381424451377,8.877667481781044,2.712922798993275,-0.37964752043692057,-0.23102810497784693,-0.14861941545907364,8.43381424451377
C=CC1CN2CCC1CC2[C@@H](Nc1c(Nc2cc(C(F)(F)F)cc(C(F)(F)F)c2)c(=O)c1=O)c1ccnc2ccccc12,4.859246067606273,1.716392452339,1.8106220295989657,-7.178314288039758,8.988936317638723,0.09422957725996549,-0.3769675479292085,-0.30520651892509054,-0.07176102900411796,7.178314288039758
CN(C)[C@H]1CCCC[C@@H]1NC(=S)NCc1cc(C(F)(F)F)cc(C(F)(F)F)c1,3.1243803414156357,0.6908277485064076,1.1817967640733291,-7.08326093102913,8.26505769510246,0.49096901556692135,-0.34556454032909273,-0.30272362079051524,-0.04284091953857749,7.08326093102913
CC[C@@H](C)O,0.7213216731039712,-9.016581621861327,0.0003385995929959178,-9.238956400001733,9.239294999594728,9.016920221454324,-0.4026060425890617,0.037221004431143165,-0.43982704702020486,9.238956400001733
NCc1ccccc1,0.5174056388891087,-1.7306078255398392,0.5442518775346648,-8.358407021706949,8.902658899241613,2.274859703074504,-0.3695535002841077,-0.22657739460627047,-0.14297610567783725,8.358407021706949
OB(c1ccccc1)c1ccccc1,0.8248981338526696,-0.12720289794226947,0.9382873563540259,-7.879824356364031,8.818111712718055,1.0654902542962954,-0.3809542916562282,-0.2685334373816402,-0.11242085427458798,7.879824356364031
O=[V+2],3.104762543704478,-0.052871323070048604,1.3063260829918142,-10.60817381409654,11.914499897088357,1.3591974060618626,-0.37570434239802775,-0.3700216721761061,-0.0056826702219216485,10.60817381409654
Cc1cc(-c2cc[n+](C#N)cc2)cc[n+]1C#N,0.4097083081348893,0.4849925312904091,0.8851714616281092,-5.436372104743354,6.321543566371462,0.4001789303377002,-0.29935613520265414,-0.2730588125237843,-0.02629732267886986,5.436372104743354
Nc1cc[n+](CC(O)CO)cc1,1.4919986698586452,-2.088427821949331,0.06475441105295529,-3.841048076698508,3.905802487751463,2.1531822330022865,-0.34961073251193736,-0.2100932527401802,-0.13951747977175716,3.841048076698508
COc1ccc(-c2cccnc2)cc1C(c1ccccc1)c1cc(-c2cccnc2)ccc1OC,0.9600122399882925,0.49780998653151265,1.062969478065419,-6.854383496092675,7.917352974158095,0.5651594915339063,-0.3674176332579557,-0.2579535952247659,-0.10946403803318977,6.854383496092675
Cc1cccc(C)c1-c1ccccc1P(C1CCCCC1)C1CCCCC1,0.7277308157612354,-0.7287317604417183,0.6049911017191769,-6.741779442204827,7.346770543924003,1.3337228621608952,-0.3438276768991617,-0.23435437694128228,-0.10947329995787944,6.741779442204827
Fc1c(F)c(F)c(OB(Oc2c(F)c(F)c(F)c(F)c2F)Oc2c(F)c(F)c(F)c(F)c2F)c(F)c1F,0.6152668067183448,2.4072263677753627,2.5163419132115363,-9.7541260955653,12.270468008776838,0.10911554543617427,-0.4691267694302683,-0.3445571728619637,-0.12456959656830463,9.7541260955653
c1ccc(CN[C@H]2CCCC[C@H]2NCc2ccccn2)nc1,0.6202890485290832,-0.19202724958669748,0.780530678667884,-6.799229704601354,7.579760383269239,0.9725579282545814,-0.3432276041946417,-0.25361075130132976,-0.08961685289331195,6.799229704601354
C[N+](C)(C)CCO,0.9645864690670496,-5.729120375786217,0.6599164982492804,-0.1554013505594547,0.8153178488087351,6.389036874035498,-0.3929647586811385,-0.07497239216159718,-0.3179923665195413,0.1554013505594547
CN(C)CCCN(C)C,0.4227374595449407,-7.379894985561153,0.0005623018403671875,-7.124460830154831,7.125023131995197,7.380457287401521,-0.3434869329243905,0.0017255425143986945,-0.3452124754387892,7.124460830154831
CCN(C1CCCCC1)C1CCCCC1,0.2635138508428205,-6.78233082234442,0.0012974709578822343,-7.162787239714509,7.164084710672391,6.783628293302303,-0.3326563157581372,-0.02240400567280028,-0.31025231008533694,7.162787239714509
Cc1ccc(Cn2c(=[Pd-2](Br)Br)n(CCc3ccc(O)cc3)c3ccccc32)cc1,3.595838499241483,1.4490276863451887,1.560446937657862,-6.46063933812831,8.021086275786171,0.11141925131267333,-0.3331123518919946,-0.3125529432331157,-0.020559408658878897,6.46063933812831
Clc1ccccn1,1.3018709311701435,-0.5979036836451277,0.9202657616610146,-9.006958880731291,9.927224642392309,1.5181694453061423,-0.3930604507322193,-0.2731896262440411,-0.11987082448817821,9.006958880731291
COc1c(C2CCCC2)cc(C2CCCC2)c(OC)c1-c1cccc2c1[P@@](C(C)(C)C)[C@@H](C(C)(C)O)O2,1.8293803835754725,-0.27647781184405584,0.7639624921577096,-6.898518729005865,7.662481221163574,1.0404403040017656,-0.36131827627866075,-0.24240559865147954,-0.11891267762718122,6.898518729005865
Cc1cc(C)c(C2=C(P(C3CCCCC3)C3CCCCC3)c3ccccc3C2)c(C)c1,0.2975701431877984,-0.42239954083829456,0.6841299628064692,-6.639172229253454,7.3233021920599235,1.1065295036447638,-0.34344000403926234,-0.2427188873905526,-0.10072111664870972,6.639172229253454
Oc1ccc2cc(Br)ccc2c1-c1c(O)ccc2cc(Br)ccc12,2.459088838836172,1.0688157938724343,1.3969228049858569,-7.226908413462658,8.623831218448512,0.3281070111134229,-0.3803028370274798,-0.2840276759755698,-0.09627516105190997,7.226908413462658
O=[N+]([O-])c1ccc(NC(=S)N[C@@H]2CCCC[C@H]2N2CCCC2)cc1,4.602996071241883,1.3227530698550973,1.5380276715210304,-7.131003268671201,8.669030940192231,0.21527460166593337,-0.34941045534313275,-0.32019062567915757,-0.029219829663975183,7.131003268671201
CC(C)(C)ON=O,1.5184955544191638,-0.07722305233050619,1.163420003505765,-9.53654799434471,10.699967997850477,1.2406430558362713,-0.40993914295204575,-0.33781723294063143,-0.07212191001141433,9.53654799434471
CC1(C)C2CC[C@@]1(CS(=O)(=O)O)C(=O)C2,2.086151321462665,-1.422547519376396,0.6424566604650289,-8.599630506138102,9.242087166603131,2.065004179841425,-0.397428311634801,-0.2611308699081764,-0.1362974417266246,8.599630506138102
CC1(C)OB(c2ccccc2C(=O)O)OC1(C)C,1.0114024905247394,0.0511981883958299,1.0316487533551169,-8.098292504639645,9.12994125799476,0.9804505649592868,-0.3900131839461183,-0.2813401335093834,-0.10867305043673486,8.098292504639645
CC(O)CNCC(C)O,1.2944976314652246,-7.179180417474164,0.008517597547324672,-8.202973346428,8.211490943975324,7.187698015021489,-0.35678299438787564,-0.00933259685538495,-0.3474503975324907,8.202973346428
O=P(c1ccccc1)(c1ccccc1)c1ccccc1,1.8289995448382712,0.15137820741773655,1.0554553167974436,-7.977796111421556,9.033251428219002,0.9040771093797069,-0.3964787273800858,-0.25291997999661137,-0.14355874738347446,7.977796111421556
Cc1cc(C)c(-c2c3ccccc3[n+](C)c3ccccc23)c(C)c1,0.8053152780570345,0.8644904075161755,1.062993828627241,-5.224908806271152,6.287902634898393,0.19850342111106534,-0.3637101656866756,-0.2901166881433754,-0.0735934775433002,5.224908806271152
CCOC(Cn1ccn(CC(OCC)OCC)c1=[Pd-5](Cl)(Cl)(c1ccccc1)(c1ccccc1)c1ccccc1)OCC,3.393569158429968,-0.006799802493854479,0.4544127746190225,-3.6556511056665357,4.1100638802855585,0.461212577112877,-0.2647575026864103,-0.2448590765405452,-0.019898426145865095,3.6556511056665357
P,0.48094162801264884,-2.22016490263009,0.612058066553412,-9.934872141068128,10.54693020762154,2.8322229691835026,-0.4139813911517679,-0.2017139699416322,-0.2122674212101357,9.934872141068128
c1ccc(P(N(C2CCCCC2)C2CCCCC2)N(C2CCCCC2)C2CCCCC2)cc1,0.7411555676125935,-1.2010732382082958,0.40864813088158103,-6.079884320879408,6.488532451760989,1.609721369089877,-0.3200241277952484,-0.22412560464715375,-0.09589852314809466,6.079884320879408
CC(C)(C)c1cccc(O)c1O,0.33878974880735097,-1.7809913834520068,0.5105125802169946,-8.149410345238383,8.65992292545538,2.2915039636690016,-0.3779959150532931,-0.22107681647887692,-0.1569190985744162,8.149410345238383
Oc1ccc2ccccc2c1,0.5099008518630102,-0.3101280983795549,0.870837369848301,-7.849936846116448,8.720774215964745,1.1809654682278556,-0.3694194041716329,-0.26384984793178784,-0.10556955623984504,7.849936846116448
c1ccc(OC[C@@H]2CCCN2)nc1,0.677967313941674,-1.1790390387006568,0.5814403920379911,-7.551752744713406,8.1331931367514,1.7604794307386482,-0.3520425528356788,-0.2543123272983659,-0.09773022553731292,7.551752744713406
Clc1c(Cl)c(Cl)c2c(c1Cl)OBO2,0.696376286916913,0.7365706386508935,1.4042446538886668,-8.753551746893256,10.157796400781923,0.6676740152377729,-0.4183223248243902,-0.29524254269357714,-0.12307978213081305,8.753551746893256
CC(C)(C)[C@H]1COC(c2ccccc2P(c2ccccc2)c2ccccc2)=N1,0.5898616591904242,0.18098117174124528,0.9362627746246207,-6.927739468525026,7.864002243149647,0.7552816028833755,-0.35549051272008675,-0.2568460936629534,-0.09864441905713334,6.927739468525026
O=C(OO)c1cccc(Cl)c1,1.1738917725958293,0.8258969799999418,1.512492768264025,-9.300290308067254,10.812783076331279,0.6865957882640827,-0.42061816831827137,-0.30984947650514844,-0.11076869181312293,9.300290308067254
CC(C)(OOC(=O)Cl)C(Cl)(Cl)Cl,0.69273418700962,0.3848543305946146,1.3524843367157582,-9.601027818409316,10.953512155125077,0.9676300061211436,-0.4456342359631145,-0.2991624689803101,-0.1464717669828044,9.601027818409316
C1CCOC1,0.8266058413819484,-8.381635252132218,0.0031429443436757566,-9.043549973789398,9.046692918133076,8.384778196475892,-0.38765916761108604,0.008758448394888207,-0.39641761600597425,9.043549973789398
CC(C)c1cc(C(C)C)c(-c2cc3c(c4c2OP(=O)(O)Oc2c(-c5c(C(C)C)cc(C(C)C)cc5C(C)C)cc5c(c2-4)CCCC5)CCCC3)c(C(C)C)c1,2.782692889314595,0.22126399775291805,0.930119519447864,-6.747155846011243,7.677275365459107,0.708855521694946,-0.36961675366385904,-0.2549470069900251,-0.11466974667383395,6.747155846011243
C[C@H](c1ccccc1)N(C1c2ccccc2-c2ccccc21)p1oc2ccc3c(c2c2c4c(ccc2o1)CCCC4)CCCC3,1.0990703364917773,0.38836488612163667,0.962309958597413,-6.4335856544924965,7.39589561308991,0.5739450724757763,-0.3414732206250932,-0.24829970084703024,-0.09317351977806299,6.4335856544924965
O=S(=O)(Cl)Cl,0.5657120131587164,1.6351152725274494,2.1840723392030346,-11.481058913338856,13.66513125254189,0.5489570666755845,-0.4896455903569838,-0.33349357078147296,-0.15615201957551084,11.481058913338856
C#CN(CC1COC(C)(C)O1)S(=O)(=O)c1ccccc1,2.5290687146810007,-0.4167619345197453,0.8288131627250338,-7.79619772255135,8.625010885276383,1.2455750972447788,-0.37689613530334537,-0.26603119453754964,-0.11086494076579573,7.79619772255135
CN(Cc1ccccc1)C(=O)[C@@H](NC(=S)N[C@@H]1CCCC[C@H]1N)C(C)(C)C,1.2356099365846853,-0.45392588729461814,0.6877732979008254,-6.749547738818853,7.437321036719676,1.1416991851954434,-0.32900224526034877,-0.2331891252468648,-0.09581312001348397,6.749547738818853
C(=NCCN1CCOCC1)=NC1CCCCC1,0.7788357544808634,-2.3774994573483244,0.3086130678311085,-7.253862055817436,7.562475123648545,2.6861125251794324,-0.3552999163788138,-0.21638845999456652,-0.1389114563842473,7.253862055817436
COc1cccc(OC)c1-c1ccccc1P(C(C)(C)C)C(C)(C)C,0.27740871393536676,-0.8339528497890889,0.5224090311683475,-6.290666511186934,6.813075542355282,1.3563618809574365,-0.32126770818822276,-0.22723395740976282,-0.09403375077845993,6.290666511186934
O=S(C[C@@H]1CCCN1)c1ccccc1,1.332933686268372,-0.6945444167968731,0.726084661053457,-7.661388657262634,8.387473318316092,1.42062907785033,-0.3666274063610072,-0.2522448791212572,-0.11438252723975001,7.661388657262634
[NH3+]C(=O)O,2.569762463434504,-5.376056360687718,0.04421852103462751,-3.5946596203654124,3.638878141400041,5.420274881722345,-0.34964950599452577,-0.14439165711062824,-0.20525784888389753,3.5946596203654124
CN1C(=O)[C@H](Cc2c[nH]c3ccccc23)NC1(C)C,1.5951176055780434,-1.099354123717153,0.5277701602708983,-6.917180278894843,7.4449504391657415,1.6271242839880518,-0.3484988687517968,-0.22295326617561645,-0.12554560257618036,6.917180278894843
CCN=C=NCCC[N+](C)(C)C,5.468083209375236,-3.4303343366261334,0.12677702824226086,-1.2513002107260958,1.3780772389683567,3.557111364868394,-0.2800035766660898,-0.13620281943999948,-0.14380075722609034,1.2513002107260958
[Pb+4],0.0,-2.942557905501362,0.08238682512711469,-5.268965111126754,5.351351936253869,3.024944730628477,-0.2165937525477027,-0.2165937525477027,0.0,5.268965111126754
CC(C)(C)[C@@H](O)c1cccc(-c2cccc([C@H](O)C(C)(C)C)n2)n1,0.6191362438902439,0.44817212467688616,1.109492527867274,-7.416119736694652,8.525612264561923,0.6613204031903879,-0.3719368674979734,-0.28148497103750764,-0.09045189646046575,7.416119736694652
NC(N)=O,1.616817509733658,-3.8371165850731863,0.3578716145275688,-10.169651420688375,10.527523035215943,4.194988199600755,-0.3988682627381823,-0.1916672639760935,-0.20720099876208883,10.169651420688375
O=S(=O)(Cl)c1ccccc1,2.3199488573187086,0.3984577164556562,1.3729127001558639,-9.719797234690626,11.092709934846491,0.9744549837002077,-0.4455979633119904,-0.2906889003497917,-0.1549090629621987,9.719797234690626
CCOC(=O)N[Si](C)(C)C,0.9376910418331428,-2.682172534613709,0.36123485045481585,-8.321174046832981,8.682408897287798,3.0434073850685244,-0.3916453733364697,-0.19821834601561525,-0.19342702732085446,8.321174046832981
COc1c(OC(C)=O)c2c(OC(C)=O)cc3c4c5c(cc(OC(C)=O)c6c(OC(C)=O)c(OC)c(C[C@@H](C)OC(C)=O)c(c(c1C[C@@H](C)OC(C)=O)c24)c65)OCO3,1.3360790543147203,1.9003859716187828,1.9288676940243379,-6.752634583152689,8.681502277177026,0.02848172240555465,-0.3640044525720326,-0.3115108369815772,-0.0524936155904554,6.752634583152689
COc1ccnc(-c2cc(OC)ccn2)c1,1.1413838400100602,0.031312275777734655,0.9678775396463357,-7.648568628018978,8.616446167665313,0.9365652638686011,-0.36350342553889786,-0.26787938844578524,-0.09562403709311262,7.648568628018978
CN1CCCC1,0.39578812853717316,-8.636777309729823,0.001849889701612816,-8.138520740444456,8.14037063014607,8.638627199431436,-0.34743180468030294,0.031500697700453426,-0.3789325023807564,8.138520740444456
CC(C)(C)[C@@H](CP(c1ccccc1)c1ccccc1)NC(=O)[C@@H](NC(=S)Nc1ccc([N+](=O)[O-])cc1)c1ccccc1,5.197116222006445,1.6520657926847058,1.7268779812909296,-6.693175015050532,8.420052996341461,0.07481218860622371,-0.3514287239272357,-0.32056760345045876,-0.030861120476776915,6.693175015050532
COc1ccc(-c2cc(-c3ccc(OC)cc3)[o+]c(-c3ccc(OC)cc3)c2)cc1,0.5514126471414209,1.0687317512455312,1.1741660612979552,-5.035326616770012,6.209492678067968,0.10543431005242407,-0.36910597306579723,-0.29016668679289265,-0.07893928627290459,5.035326616770012
CCCC[Sn+](CCCC)CCCC,0.39109914127634643,0.2815972707356664,0.6822487633412542,-4.538690149988787,5.22093891333004,0.4006514926055877,-0.38876987921760575,-0.26956003767275666,-0.1192098415448491,4.538690149988787
[La],0.0,-0.6663051674747136,0.5395658989311394,-6.051076239565196,6.590642138496335,1.2058710664058532,-0.3481130789349543,-0.23957633935861564,-0.10853673957633866,6.051076239565196
O=C(O)CCOC[C@H]1OCCC[C@H]1NC(=O)[C@@H]1CCC[NH2+]1,3.007992957661292,-2.77705037339804,0.0009420758086707483,-2.5761890802174383,2.577131156026109,2.7779924492067103,-0.35630708802021854,-0.17299985590266626,-0.1833072321175523,2.5761890802174383
O=c1c(NCc2cc(C(F)(F)F)cc(C(F)(F)F)c2)c(N[C@@H]2CCCC[C@H]2N2CCCCC2)c1=O,3.9288497804326314,1.048278526074725,1.362377715620842,-7.017861423863559,8.380239139484402,0.31409918954611704,-0.3558701204666055,-0.3113924177859395,-0.044477702680665976,7.017861423863559
COc1cccc(OC)c1-c1cccc2c1[P@@](C(C)(C)C)[C@@H](C(C)(C)OC)O2,1.5764921038166548,-0.3913038700098337,0.696695349566962,-6.660622266758272,7.3573176163252345,1.0879992195767958,-0.34772229447487696,-0.24006429526900666,-0.1076579992058703,6.660622266758272
c1ccc2c(c1)nnn2OC[C@@H]1CCCN1,1.7458876984340355,0.0899931430061276,1.0066825048618477,-7.779267590380972,8.785950095242818,0.9166893618557201,-0.3627814884334871,-0.28725156845046174,-0.07552991998302538,7.779267590380972
C=CC[Pd](Cl)=C1N(c2c(C(C)C)cccc2C(C)C)CCN1c1c(C(C)C)cccc1C(C)C,3.3303905767956286,0.42871644593650426,0.8546710318065107,-5.403433389877861,6.258104421684371,0.42595458587000645,-0.29607277240808494,-0.27318490966760006,-0.022887862740484877,5.403433389877861
O=c1c(Nc2cc(C(F)(F)F)cc(C(F)(F)F)c2)c(N[C@@H]2CCCC[C@H]2N2CCCCC2)c1=O,4.873712142979302,1.1152097243748589,1.4472399069904534,-7.446553050170904,8.893792957161356,0.3320301826155943,-0.37469431328489966,-0.3027583317755297,-0.07193598150936997,7.446553050170904
O=C[C@H](O)[C@@H](O)[C@H](O)[C@H](O)CO,1.3996295886834107,-1.075368377685486,0.7610078152198311,-8.848030111730733,9.609037926950563,1.8363761929053173,-0.4115827629949566,-0.29604058723169696,-0.11554217576325965,8.848030111730733
[O]CCCN=C=NC1CCCCC1,0.5075791671834341,2.2334053641807525,2.269429616745334,-7.988022895999368,10.257452512744704,0.03602425256458153,-0.3863654109146282,-0.38400010916798505,-0.002365301746643178,7.988022895999368
Cn1c(=O)c2c(n(C)c1=O)n(C)c(=[Pd-2](I)I)n2C,4.192866098866887,2.2514279670508675,2.2584335520615433,-7.285442775188683,9.543876327250226,0.007005585010675662,-0.3612562114180823,-0.34112648283328373,-0.020129728584798556,7.285442775188683
O=S(=O)(OS(=O)(=O)C(F)(F)F)C(F)(F)F,0.9679286643583161,0.15539807763290714,1.5538541389382277,-11.95645365742287,13.510307796361095,1.3984560613053205,-0.5237472116022861,-0.282691885077846,-0.24105532652444012,11.95645365742287
CC(=O)OC[C@H]1O[C@@H](NC(=S)N[C@@H]2CCCC[C@H]2N)[C@H](OC(C)=O)[C@@H](OC(C)=O)[C@@H]1OC(C)=O,2.5414177075157105,0.386898214770377,1.0424262241589795,-7.08938095178881,8.131807175947788,0.6555280093886023,-0.3373461093134648,-0.2653493635811511,-0.07199674573231374,7.08938095178881
CC(C)c1cccc(C(C)C)c1NC(=O)[C@@H]1Cc2ccccc2C[N+]1([O-])CCC[N+]1([O-])Cc2ccccc2C[C@H]1C(=O)Nc1c(C(C)C)cccc1C(C)C,2.0679528910576837,0.4000138913211204,0.9409112803480042,-6.217222524832437,7.158133805180441,0.5408973890268838,-0.31993729132978266,-0.2423460617285396,-0.07759122960124307,6.217222524832437
Cc1c(/N=C(/C=C(\O[Pd]O/C(=C\C(=N\c2c(C)n(C)n(-c3ccccc3)c2=O)c2ccccc2)c2ccccc2)c2ccccc2)c2ccccc2)c(=O)n(-c2ccccc2)n1C,1.169730585035631,1.3247478567906237,1.3538580145811778,-4.884772563674872,6.238630578256051,0.029110157790554234,-0.30607067075503963,-0.2897461472129537,-0.01632452354208591,4.884772563674872
O=S(=O)(NS(=O)(=O)C(F)(F)F)C(F)(F)F,0.7610867181151352,-0.09961099586715605,1.4198092837003857,-11.653930453527,13.073739737227385,1.5194202795675418,-0.5134908453019926,-0.27117650461669074,-0.2423143406853019,11.653930453527
BOP,0.9989439183807941,-1.1335766755433436,0.7625009902477168,-8.99317288162487,9.755673871872586,1.8960776657910603,-0.39178508128633655,-0.2672924844585959,-0.12449259682774066,8.99317288162487
CNc1ccccc1,0.7447055821295008,-2.1757559385031477,0.38482714046662797,-7.685720595691283,8.070547736157911,2.560583078969776,-0.3514810209697998,-0.21370129120245948,-0.1377797297673403,7.685720595691283
CC(C)n1ccn(Cc2ccncc2)c1=[Pd-2]=c1n(Cc2ccncc2)ccn1C(C)C,1.861891099470462,0.02093924187971208,0.5152762527475171,-4.058957972599844,4.574234225347362,0.49433701086780507,-0.2540464188738795,-0.2481245350979212,-0.005921883775958314,4.058957972599844
O=c1n(Cl)c(=O)n(Cl)c(=O)n1Cl,4.115682710344533e-05,2.06884370760421,2.292968410708595,-9.970533000345307,12.263501411053904,0.22412470310438418,-0.46035206074067775,-0.32881737236435826,-0.1315346883763195,9.970533000345307
BrB1Oc2ccccc2O1,2.2679145298160615,-0.11741519561105829,1.1082197355117636,-9.212092621853516,10.320312357365282,1.2256349311228216,-0.42067147676784017,-0.2761762206996355,-0.14449525606820468,9.212092621853516
c1ccc(P(c2ccccc2)c2cn(P(c3ccccc3)c3ccccc3)c3ccccc23)cc1,1.3185860081651806,0.36213536075616126,0.9558352355589359,-6.474454352313934,7.430289587872869,0.5936998748027746,-0.3482949993280766,-0.25069268754838303,-0.09760231177969358,6.474454352313934
CC(C)(C)[C@H](N)C(=O)Nc1cccc2ccccc12,1.296188414044398,0.22408374298665557,0.9972099127272579,-7.2769497072544915,8.27415961998175,0.7731261697406022,-0.36845417551709425,-0.27155276868397843,-0.09690140683311582,7.2769497072544915
O=C(NC(c1ccccc1)(c1ccccc1)c1ccccc1)[C@@H]1CCCN1,1.5123307170411764,-0.2591713992047122,0.8003426379213369,-7.143962664060137,7.944305301981474,1.0595140371260492,-0.3512575000962587,-0.24048299772769932,-0.1107745023685594,7.143962664060137
N[C@@H](c1ccccc1)[C@@H](Nc1c(N[C@H](c2ccccn2)[C@H](Nc2c(N[C@@H](c3ccccc3)[C@@H](N)c3ccccc3)c(=O)c2=O)c2ccccn2)c(=O)c1=O)c1ccccc1,4.356869661729745,1.2973487166239597,1.4596191880816671,-6.487830247336438,7.947449435418105,0.16227047145770745,-0.35237477375800896,-0.28925156219064985,-0.06312321156735912,6.487830247336438
COc1ccc(-c2c(OC)ccc3ccccc23)c(OC)c1P(C1CCCCC1)C1CCCCC1,1.571486021712889,0.12565439909680354,0.8219606648245653,-6.188304876854826,7.0102655416793915,0.6963062657277618,-0.32993279864443753,-0.26303595963833587,-0.06689683900610166,6.188304876854826
Cn1n[n+](-c2ccc(Cl)cc2)cc1-c1ccccc1,2.098285944995313,0.20480728932309944,0.6601744224001105,-4.629049707064189,5.289224129464299,0.45536713307701104,-0.38170496111954705,-0.2611785446028683,-0.12052641651667872,4.629049707064189
O=C1CCCN1,1.7397847068797336,-3.1534848747201973,0.36731167329236397,-9.171541823545473,9.538853496837836,3.5207965480125614,-0.3911761012414741,-0.20948919114485634,-0.18168691009661778,9.171541823545473
O=C1C[C@@H](c2ccccc2)NC(=S)N1C[C@@H]1C[C@H](F)CN1,1.603809314123835,0.38518610372038253,1.0791241676396475,-7.392744571687285,8.471868739326931,0.6939380639192649,-0.3516778885929429,-0.27877745055172704,-0.07290043804121588,7.392744571687285
CC(C)C1CN2CC(C(C)C)NC2=N1,1.5452599769642192,-3.500471353070288,0.1741947772109307,-7.397519570320714,7.571714347531644,3.674666130281218,-0.34490114467786476,-0.17293370360058488,-0.17196744107727988,7.397519570320714
CC(C)[C@@H](C[P+](C)(c1ccccc1)c1ccccc1)NC(=O)c1cc(C(F)(F)F)cc(C(F)(F)F)c1,5.628588756102185,0.7822112850824174,0.9060931366683015,-4.182301525770509,5.088394662438809,0.12388185158588402,-0.39052443592626285,-0.2684659577618543,-0.12205847816440857,4.182301525770509
O=C[C@H](N=Cc1ccccc1O)[C@@H](O)[C@H](O)[C@H](O)CO,2.0478282479414442,0.6306183333298501,1.2324292057450579,-7.743953889807354,8.976383095552414,0.6018108724152081,-0.38249470109976297,-0.2986528362833255,-0.08384186481643746,7.743953889807354
N[C@@H](c1ccccc1)[C@@H](N)c1ccccc1,0.8994369872101563,-0.8112835538250156,0.6824974314545934,-7.58008832489425,8.262585756348845,1.493780985279609,-0.364113381354091,-0.2294721497233579,-0.1346412316307331,7.58008832489425
CN(C)c1ccc2ccccc2c1-c1c(P(C2CCCCC2)C2CCCCC2)ccc2ccccc12,0.7704294970229907,0.504921557497676,0.9748485761147418,-6.101818857015763,7.076667433130504,0.4699270186170659,-0.3328034969021652,-0.26641008151399903,-0.06639341538816618,6.101818857015763
CCOC(=O)CCc1cccc2cccc(P(c3ccccc3)c3ccccc3)c12,0.7129029867976311,0.5729621609883333,1.0853582793955434,-6.751444961022051,7.836803240417593,0.5123961184072101,-0.3512574236699407,-0.2737612819123301,-0.0774961417576106,6.751444961022051
CCCC[n+]1ccn([C@@H]2O[C@H](COC(C)=O)[C@@H](OC(C)=O)[C@H](OC(C)=O)[C@H]2OC(C)=O)c1,1.5972898140945722,-0.3486936068273163,0.3166624840711369,-3.4513971917213606,3.7680596757924976,0.6653560908984532,-0.40525965915130213,-0.23006666687999386,-0.17519299227130827,3.4513971917213606
CC(C)Oc1cc(N(c2ccccc2)c2ccccc2)cc2c1[P@](C(C)(C)C)[C@@H](P(=O)(C13CC4CC(CC(C4)C1)C3)C13CC4CC(CC(C4)C1)C3)O2,1.177513852894117,-0.16286127109637416,0.7214090522474371,-6.243294790449317,6.964703842696754,0.8842703233438114,-0.3462147836038144,-0.23909680479090603,-0.10711797881290838,6.243294790449317
CC(C)(C)[C@@H](CN1CCCCC1)NC(=S)Nc1cc(C(F)(F)F)cc(C(F)(F)F)c1,3.937004513487935,0.815104159022102,1.2520736414399989,-7.151887338967697,8.403960980407696,0.436969482417897,-0.3557456069804584,-0.29918306987331744,-0.05656253710714093,7.151887338967697
CCC#N,1.5107445854867754,-3.678463783588474,0.39720599871080825,-10.356697152877663,10.753903151588473,4.075669782299283,-0.42573170983610564,-0.21421156662646526,-0.21152014320964038,10.356697152877663
C[NH+]1C=CN=C1,2.3348290938137284,-2.0172277166542334,0.15942917322195466,-5.011289404115917,5.170718577337872,2.176656889876188,-0.3526679461544854,-0.2322305413471186,-0.12043740480736678,5.011289404115917
O=P1(O)Oc2c(-c3c(C4CCCCC4)cc(C4CCCCC4)cc3C3CCCCC3)cc3ccccc3c2-c2c(c(-c3c(C4CCCCC4)cc(C4CCCCC4)cc3C3CCCCC3)cc3ccccc23)O1,1.1583370924374419,1.1124730018618845,1.3438957499680835,-6.493833818211796,7.837729568179876,0.23142274810619912,-0.367992341454671,-0.2830557680712008,-0.08493657338347022,6.493833818211796
C[n+]1cccc(I)c1-c1c(I)ccc[n+]1C,2.6042086742024706,0.11451642704804676,0.6292817597957884,-4.679213114016763,5.308494873812551,0.5147653327477417,-0.2683329109179218,-0.2634132810185483,-0.004919629899373501,4.679213114016763
Oc1ccccn1,0.5537006989485016,-1.2141121720119123,0.7523229992370399,-9.08861850066504,9.84094149990208,1.9664351712489523,-0.3886695856368367,-0.2573027457230261,-0.1313668399138106,9.08861850066504
O=C(O)c1cccc([N+](=O)[O-])c1,1.398990938429851,1.6047806130395292,1.99185211623511,-9.874867462803161,11.866719579038271,0.38707150319558115,-0.44416406148482723,-0.3411868915664659,-0.10297716991836131,9.874867462803161
OC(c1ccccc1)(c1ccccc1)[C@@H]1CCCN1,1.030189243954861,-0.906899842249528,0.6432760141346703,-7.474381840050405,8.117657854185078,1.5501758563841983,-0.36016953911725813,-0.22764574895111,-0.13252379016614813,7.474381840050405
N=C(N)NCCC[C@H](N)C(=O)O,1.297433279132698,-1.5372533777963637,0.5053889713507262,-7.622952795453767,8.128341766804493,2.0426423491470893,-0.35160171692059666,-0.2516893181057659,-0.09991239881483077,7.622952795453767
CC(C)OC(=O)C(O)C(O)C(=O)OC(C)C,1.0276879688679,-0.7390770953444292,0.8503756779782213,-8.79096814326301,9.64134382124123,1.5894527733226507,-0.41383343993789484,-0.25781730933136576,-0.15601613060652908,8.79096814326301
OB(O)Cc1ccccc1,1.2763796782117351,-1.4026434127386462,0.6317750844794577,-8.464577671225634,9.096352755705093,2.0344184972181036,-0.39017713779143365,-0.2242878057927374,-0.16588933199869624,8.464577671225634
c1ccc(P(c2ccccc2)c2ccccc2-c2ccccc2C2CC3CCC2C3)cc1,0.4563743344095494,-0.0010743963970938353,0.8464457839485127,-6.774788779344361,7.621234563292872,0.8475201803456065,-0.35282491787668396,-0.24498430869061877,-0.1078406091860652,6.774788779344361
Cc1cc(C)c(-c2c(I)n(-c3c(C)cc(C)cc3C)n[n+]2C)c(C)c1,0.8733730192971808,-0.37468386366863804,0.39007215422082236,-4.1196830878461,4.509755242066923,0.7647560178894605,-0.3795803533736309,-0.23409158754264672,-0.14548876583098416,4.1196830878461
CCCCO[Ti](OCCCC)(OCCCC)OCCCC,1.045247245440114,-0.15102344838271797,0.871088321205073,-7.409710317727145,8.280798638932215,1.0221117695877908,-0.37529094840888383,-0.27703857876168236,-0.09825236964720147,7.409710317727145
CCCCCCCCCCCCNC(=O)C(C)(C)N(C(=O)[C@@H]1C[C@@H](O)CN1)[C@@H](C)c1ccccc1,2.3433541420442547,-0.8935298752192344,0.5811185001157391,-6.92085780652585,7.501976306641587,1.4746483753349735,-0.34808002307289365,-0.22837463956096163,-0.11970538351193202,6.92085780652585
[C-]#[O+],0.23878304209191037,-3.4562750430351383,0.7745405476460913,-13.79536338940467,14.569903937050764,4.230815590681231,-0.47449404150572233,-0.2837835439361677,-0.1907104975695546,13.79536338940467
COc1ccccc1,0.5780427257195776,-1.9340177164643944,0.5020183268413805,-8.365546213765787,8.867564540607168,2.436036043305775,-0.37737675541202637,-0.22412251869545174,-0.15325423671657462,8.365546213765787
C=C[C@H]1C[N@]2CC[C@H]1C[C@@H]2C(O)c1ccnc2ccc(O)cc12,1.1166575917367159,0.36535880490797457,1.0357431691558514,-7.110710992361337,8.14645416151719,0.6703843642478768,-0.3603393399475905,-0.2829595966367359,-0.07737974331085457,7.110710992361337
Cc1ccc([C@H]2N[C@@H](Cc3ccccc3)C(=O)N2C)o1,1.6241184766978098,-0.5924322426717445,0.7336809817370751,-7.472673225477299,8.206354207214375,1.3261132244088196,-0.37526484971828866,-0.22844169884303644,-0.14682315087525222,7.472673225477299
CC(C)C[Al](CC(C)C)CC(C)C,0.4607909370044254,-3.8597528547496824,0.09804463196284666,-6.743648213922668,6.841692845885515,3.957797486712528,-0.3411809941622781,-0.2118311795223707,-0.12934981463990738,6.743648213922668
[N-]=[N+]=[N-],8.952482902169769e-08,3.058042360905241,3.1633187630233706,-11.903557861085677,15.066876624109051,0.10527640211813034,-0.4559499191080756,-0.4559499191033911,-4.6844750301033855e-12,11.903557861085677
C[N+](C)(C)c1ccccc1,3.8564557677165903,-3.4158736090313533,0.017913028282014055,-2.4954812300233256,2.5133942583053397,3.4337866373133674,-0.32849944418618743,-0.1586673392584908,-0.16983210492769663,2.4954812300233256
O=C(O)[C@H](CC[C@H](Cc1ccccc1)C(=O)N[C@H]1CCCCN(c2ccccc2)C1=O)Cc1ccccc1,2.572303019022604,0.24880319014374574,0.9928992220710051,-7.160961515444596,8.153860737515599,0.7440960319272594,-0.3862368282597341,-0.25307617320520365,-0.13316065505453045,7.160961515444596
OB(O)c1cc(F)c(F)c(F)c1,1.4728017883751026,-0.1878286352576728,1.1520519274899637,-9.765723635049353,10.917775562539317,1.3398805627476364,-0.437525104536797,-0.27942068442356355,-0.15810442011323345,9.765723635049353
CC(C)(C)P(c1nnn(-c2ccccc2)c1-c1ccccc1)C(C)(C)C,1.2830690067431123,0.32910569882977825,0.9780921981979364,-6.770157837797189,7.748250035995126,0.648986499368158,-0.34027930218329105,-0.270332437814843,-0.06994686436844805,6.770157837797189
CC(C)(C)[Mg]Cl,2.185951247169238,0.18965422545700772,0.9924606082892327,-7.350630670015535,8.343091278304769,0.8028063828322248,-0.3550941524486106,-0.28404057614762734,-0.07105357630098325,7.350630670015535
c1ccc(-c2cn(C[C@@H]3CCCN3)nn2)cc1,1.7267164132593715,-0.6084074662751311,0.7198346017252462,-7.3989903810304,8.118824982755646,1.3282420680003777,-0.35444685257830705,-0.248289887779619,-0.10615696479868805,7.3989903810304
CC1CNC(C)CN1,0.736442105186519,-7.761837160999276,6.628398753665417e-05,-7.67137281673857,7.671439100726108,7.76190344498681,-0.34894685038356393,0.006937324773201527,-0.35588417515676546,7.67137281673857
O=C(O)c1ccc(S(=O)(=O)O)cc1C(=O)O,1.0441190477608306,1.1691174368780857,1.6880012022954063,-9.326418154601994,11.014419356897399,0.5188837654173207,-0.43675340985435984,-0.3153440355661194,-0.12140937428824045,9.326418154601994
CCC1(n2c(=[Pd+2])n(C3(CC)c4ccccc4-c4ccccc43)c3ccccc32)c2ccccc2-c2ccccc21,1.2483056316381538,0.2214798578379611,0.7543193969905532,-5.331719495057255,6.086038892047808,0.5328395391525921,-0.29165731967344233,-0.24470873800773044,-0.04694858166571189,5.331719495057255
Cc1cc(C)c(B(c2ccccc2P(c2ccccc2)c2ccccc2)c2c(C)cc(C)cc2C)c(C)c1,0.4849547968516512,0.5180714269193265,0.9423180047278764,-5.780311704500074,6.7226297092279514,0.4242465778085499,-0.31308642901733497,-0.26517839802716847,-0.047908030990166495,5.780311704500074
Ic1cccc2cccc(I)c12,2.3855318908705865,0.8483962438401811,1.3577975204682906,-7.909446907600721,9.267244428069011,0.5094012766281095,-0.3870831503339957,-0.297585025631892,-0.08949812470210372,7.909446907600721
O=P(Cl)(Nc1ccccc1)Oc1ccccc1,2.4840077935914406,-0.140636547024382,0.9846039151315197,-8.2893560721248,9.273959987256319,1.1252404621559016,-0.3985113346509928,-0.2547545824614866,-0.14375675218950623,8.2893560721248
Oc1ccccc1-c1cc2ccccc2c(-c2c(O)c(-c3ccccc3O)cc3ccccc23)c1O,1.1624798441443782,0.8137278715792027,1.213915746041321,-6.8298931099292925,8.04380885597061,0.4001878744621184,-0.3706543243677734,-0.2731839783343475,-0.09747034603342591,6.8298931099292925
COc1cccc(OC)c1-c1cn(Cc2ccccc2)nn1,1.7746000026447608,-0.29404694654791363,0.8254452324995049,-7.440989994356153,8.266435226855661,1.1194921790474184,-0.37069058823766404,-0.24029219216521905,-0.130398396072445,7.440989994356153
CC(C)(C)c1ccc(O)c(O)c1,1.0011121996423167,-1.905692672026797,0.4562528528176709,-7.883090161513657,8.339343014331327,2.361945524844468,-0.36750435232605555,-0.2185749482636768,-0.14892940406237876,7.883090161513657
O=C(Nc1cc(C(F)(F)F)cc(C(F)(F)F)c1)N[C@@H](Cc1ccccc1)C[P+](Cc1cc(C(F)(F)F)cc(C(F)(F)F)c1)(c1ccccc1)c1ccccc1,4.122323657479671,1.5032884087232041,1.5035083704056662,-4.583487273113699,6.086995643519366,0.00021996168246225323,-0.4155137418561712,-0.28689214174299044,-0.12862160011318075,4.583487273113699
CC(C)(C)c1cc(C=O)c(O)c(C(C)(C)C)c1,1.4440743300030767,0.24885070355230532,1.0877225927914553,-7.922950357767004,9.010672950558462,0.83887188923915,-0.3821927692890858,-0.29143064861083207,-0.09076212067825373,7.922950357767004
COC(OC)N(C)C,0.6163566571592225,-7.483654519894396,0.005078634762132272,-8.284046393812448,8.28912502857458,7.4887331546565274,-0.3652263288231131,-0.008931229549911662,-0.35629509927320147,8.284046393812448
Oc1ccc2ccccc2c1C(c1ccccn1)N1CCOCC1,1.4836301320275347,0.41414265926294025,1.0539444887063536,-7.086304197004148,8.140248685710505,0.6398018294434135,-0.36301861608807945,-0.2702132417752379,-0.09280537431284153,7.086304197004148
CC1CCC(C(C)C)C(P(c2ccccc2)C2CC(C)CCC2C(C)C)C1,0.5719430342027839,-1.0427603331775965,0.503198938518792,-6.5835585011088735,7.0867574396276645,1.5459592716963886,-0.33506106960006304,-0.2336821610951475,-0.10137890850491554,6.5835585011088735
[Eu+3],0.0,1.9268186531936982,1.9757584481503063,-4.732393844614663,6.708152292764968,0.04893979495660818,-0.2375161691530184,-0.1925214938654498,-0.04499467528756859,4.732393844614663
c1ccc([C@H]2N=C(c3cccc(C4=N[C@H](c5ccccc5)[C@@H](c5ccccc5)O4)n3)O[C@@H]2c2ccccc2)cc1,1.3395635632937026,0.7939088875663476,1.2345464583159977,-7.0944974184622005,8.329043876778197,0.44063757074965015,-0.3763957167395484,-0.28176770993926126,-0.09462800680028716,7.0944974184622005
O=C(NCCCNC(=O)[C@H](Cc1ccccc1)/N=C/c1cccc(C(F)(F)F)c1O)[C@H](Cc1ccccc1)/N=C/c1cccc(C(F)(F)F)c1O,2.5234382270756366,1.7676681688565754,1.8421461552115337,-7.0825336020613765,8.924679757272912,0.07447798635495824,-0.3625791909884988,-0.3174014533614307,-0.04517773762706806,7.0825336020613765
c1ccc(-n2cc[n+](Cc3ccccc3[As](c3ccccc3)c3ccccc3)c2)cc1,1.087522671601333,0.05293916511562902,0.4901515930705221,-3.759370717223387,4.2495223102939095,0.437212427954893,-0.34846577260669503,-0.23776191694697038,-0.11070385565972465,3.759370717223387
O=C(O)c1ccccc1[N+](=O)[O-],1.916379331692346,1.3259267221127828,1.8313496261896982,-9.847808662803923,11.679158288993623,0.5054229040769155,-0.44306475819807584,-0.3340590521522348,-0.10900570604584103,9.847808662803923
[O][V+5],2.777288281630555,-1.7254646392951467,0.7517626556054435,-10.19114068539678,10.942903341002221,2.4772272949005902,-0.3404132630384582,-0.3292044520221505,-0.011208811016307718,10.19114068539678
CCCCCCNC(=O)Nc1ccc2c(c1)CCN(CC(=O)NCc1ccccc1)C2Cc1ccc(OC)c(OC)c1,2.7376312654046573,-0.1981675005678163,0.7124761692670775,-6.270026648950154,6.982502818217231,0.9106436698348938,-0.3390757582151761,-0.23501988297625456,-0.10405587523892154,6.270026648950154
Pc1c(-c2ccccc2)ccc(C2CCCCC2)c1C1CCCCC1,0.6294244801262869,-0.5408876007621801,0.7113715516037418,-7.161707511587464,7.873079063191203,1.2522591523659217,-0.368033297364486,-0.23518757689809816,-0.13284572046638782,7.161707511587464
c1ccc(-c2ccccc2P(C2CCCCC2)C2CCCCC2)cc1,0.6372437555324909,-0.6032012535538485,0.6289369930011913,-6.640170204139963,7.269107197141155,1.23213824655504,-0.3389698398987836,-0.23623652454856414,-0.10273331535021946,6.640170204139963
CC(=O)c1cc2ccccc2oc1=O,2.057753807910357,1.3021800435463877,1.702268162799342,-8.807940363060938,10.510208525860284,0.4000881192529541,-0.4056444980010036,-0.3181159588187979,-0.08752853918220571,8.807940363060938
O=C1[C@@H]2Cc3ccccc3N2[C@@H](c2ccccc2P(c2ccccc2)c2ccccc2)N1c1ccccc1,1.567639834026905,0.42261490334640683,1.003897399560855,-6.648587200068249,7.652484599629105,0.5812824962144483,-0.36028751251215385,-0.2575333464268084,-0.10275416608534543,6.648587200068249
CCOC(=O)N=NC(=O)OCC,0.2137660762626636,2.412101950628931,2.4685723410345566,-8.955646452614152,11.424218793648707,0.05647039040562547,-0.39509587308554467,-0.38640234798481615,-0.008693525100728516,8.955646452614152
C[n+]1ccccc1C=O,1.717667545473901,0.08956626626781539,0.7699009813047412,-5.884972172124421,6.654873153429161,0.6803347150369257,-0.3684168708999556,-0.2880553846700955,-0.08036148622986011,5.884972172124421
Cc1ccc(S(=O)(=O)Nc2ccccc2)cc1,2.1068880186385828,-0.1756561006230939,0.9556261178902726,-8.157165904647654,9.112792022537926,1.1312822185133664,-0.391476085895656,-0.25773460129842457,-0.13374148459723145,8.157165904647654
BrCBr,1.2690643387161675,-0.7318825866957619,1.0303918100094198,-10.243563896553207,11.273955706562626,1.7622743967051817,-0.43127043016939404,-0.2677730425369473,-0.16349738763244676,10.243563896553207
C[C@H](O[Si](C)(C)C(C)(C)C)[C@H](CP(c1ccccc1)c1ccccc1)NC(=O)[C@H](Cc1ccccc1)NC(=S)Nc1cc(C(F)(F)F)cc(C(F)(F)F)c1,3.9162229403703672,1.3005954137046611,1.4742539105803496,-6.6203440142351155,8.094597924815464,0.1736584968756885,-0.3589223806239659,-0.30154450823569506,-0.057377872388270856,6.6203440142351155
CC[C@H](C)[C@H](N)CN1CCOCC1,0.7380258526535387,-6.858926041520543,0.0012583122579736593,-7.2355989884173155,7.236857300675289,6.860184353778516,-0.3384994698256345,-0.019906097984608673,-0.3185933718410258,7.2355989884173155
CC[C@H](C)[C@@H](C[P+](c1ccccc1)(c1ccccc1)c1ccccc1)NC(=O)c1cc(C(F)(F)F)cc(C(F)(F)F)c1,5.064380368035105,0.9417819293703262,1.0137945232434689,-4.194180865739163,5.207975388982632,0.07201259387314252,-0.3886199859985263,-0.27101626834712833,-0.11760371765139799,4.194180865739163
CC(C)(C)c1ccc(O[C@@H]2CN[C@H](Cn3ccc4ccccc4c3=O)C2)cc1,1.8846192562159927,0.05769842932424929,0.8751222835313116,-6.825915485016235,7.701037768547546,0.8174238542070623,-0.35482858423967073,-0.25806030091302645,-0.09676828332664428,6.825915485016235
O=C(O)c1cc2sc(Cl)c(Cl)c2[nH]1,0.9888869321153896,0.8515690389385968,1.3918129210354415,-8.184211821929777,9.576024742965217,0.5402438820968444,-0.3951725053555885,-0.2960297892213946,-0.0991427161341939,8.184211821929777
CC(C)(C)N=C=NC(C)(C)C,0.5175988259054491,-2.7969293727581075,0.3268278354753865,-8.1458855420389,8.472713377514287,3.123757208233494,-0.3670779361144175,-0.2005037488185304,-0.16657418729588713,8.1458855420389
CC(C)(C)N1CCC[C@H](NC(=S)Nc2cc(C(F)(F)F)cc(C(F)(F)F)c2)C1,3.695065751456275,0.8723672506904139,1.277584870577754,-7.116026853644563,8.393611724222318,0.40521761988734006,-0.35479623624320805,-0.30028862652426913,-0.05450760971893892,7.116026853644563
Oc1ccc2c(c1-c1c(O)ccc3c1CCCC3)CCCC2,1.2897952455742332,-1.021771937978694,0.5751466829910534,-7.155816530115413,7.730963213106466,1.596918620969747,-0.3609898663091231,-0.22794876240760878,-0.13304110390151433,7.155816530115413
CC[C@H](C)[C@H](NC(C)=O)C(=O)O,1.243784747106993,-1.2383244703790912,0.6947503776802993,-8.65284878790178,9.347599165582078,1.933074848059391,-0.39535174650449034,-0.2567167382353211,-0.13863500826916925,8.65284878790178
CC(C)[C@@H]1CC[C@@H](C)C[C@H]1N1NN(C)C(c2ccccc2)C1=[Pd-2]=C1C(c2ccccc2)N(C)NN1[C@@H]1C[C@H](C)CC[C@H]1C(C)C,1.2087181658685953,-0.4953331540045909,0.3792153666117748,-4.315730121772459,4.694945488384234,0.8745485206163658,-0.26337057705231587,-0.2238111854714983,-0.03955939158081756,4.315730121772459
C1=CNc2ccccc2C1,0.5354889403416067,-1.6280143537908365,0.41760174840606046,-6.995453369662146,7.413055118068206,2.0456161021968966,-0.334762890085392,-0.21691019086316046,-0.11785269922223154,6.995453369662146
CC(C)(C)[Si](C)(C)OC(c1ccccc1)(c1ccccc1)[C@H]1CCCN1,1.1092805906726493,-0.6972412260001866,0.5976173963288622,-6.606415205811459,7.204032602140321,1.2948586223290486,-0.34340805553216763,-0.23282816586204066,-0.11057988967012697,6.606415205811459
CO[SiH](C)OC,0.6387403561366355,-4.093401517549271,0.22168760421107506,-8.892392764118291,9.114080368329367,4.315089121760346,-0.4011018244513674,-0.1402051585021642,-0.2608966659492032,8.892392764118291
COc1c(C(C)(C)C)cc(P(c2cc(C(C)(C)C)c(OC)c(C(C)(C)C)c2)c2ccc3c(c2-c2c(P(c4cc(C(C)(C)C)c(OC)c(C(C)(C)C)c4)c4cc(C(C)(C)C)c(OC)c(C(C)(C)C)c4)ccc4c2OCO4)OCO3)cc1C(C)(C)C,1.5080658649701095,0.4470085518950091,0.9313798158424452,-5.9651699563057505,6.896549772148195,0.48437126394743607,-0.336844614968332,-0.24421703219788596,-0.09262758277044605,5.9651699563057505
CC(C)(C)c1ccc2c(c1)c1cc(C(C)(C)C)ccc1n2-c1ccccc1P(c1ccccc1)c1ccccc1,0.9309374968352522,0.27110537884148656,0.9025148912014593,-6.358507761845733,7.261022653047192,0.6314095123599728,-0.3476487857619688,-0.25171824532077225,-0.09593054044119653,6.358507761845733
CCC(=O)[C@H]1CC[C@H]2[C@@H]3CCC4=CC(=O)CC[C@]4(C)[C@H]3CC[C@]12C,2.255981940998888,0.3242973683485886,1.056786266213241,-7.422129912904845,8.478916179118087,0.7324888978646523,-0.3783561049083372,-0.2722092232871952,-0.106146881621142,7.422129912904845
CCNC,0.45398781430113366,-9.221819836357376,0.0029347140884585675,-8.575415642707451,8.578350356795912,9.224754550445834,-0.35308862512430933,0.039726876571079435,-0.39281550169538876,8.575415642707451
c1ccc(C2=C(P(C3CCCCC3)C3CCCCC3)C3c4ccccc4C2c2ccccc23)cc1,0.51846370367492,-0.2132949008994709,0.7425597675258852,-6.553469805108971,7.296029572634856,0.955854668425356,-0.3438942970794103,-0.2378371847841347,-0.10605711229527562,6.553469805108971
c1ccc(NC[C@@H]2CCCN2)nc1,0.6796412416226584,-1.4352175738279183,0.49204417662721756,-7.298617860359537,7.790662036986757,1.927261750455136,-0.3542456885477514,-0.2435069654502372,-0.1107387230975142,7.298617860359537
[Sm+2],0.0,2.1748274691252005,2.374594709013914,-4.568581368185489,6.943176077199405,0.1997672398887136,-0.2309791136690574,-0.1884883741620518,-0.042490739507005604,4.568581368185489
CCOp1oc2c([Si](c3ccccc3)(c3ccccc3)c3ccccc3)cc3ccccc3c2c2c(o1)c([Si](c1ccccc1)(c1ccccc1)c1ccccc1)cc1ccccc12,0.19130717338837017,1.0806371824267709,1.3162911005000033,-6.412312326472927,7.728603426972929,0.2356539180732323,-0.358823200976612,-0.2775777512128818,-0.08124544976373022,6.412312326472927
c1ccc([P+](c2ccccc2)(c2ccccc2)c2ccccc2)cc1,0.0018860802365697734,0.30183679251540774,0.603249783757005,-3.8168109430774315,4.4200607268344365,0.30141299124159715,-0.3996579254535669,-0.2536382338617189,-0.14601969159184797,3.8168109430774315
O=C(N[C@H](C(=O)NC(c1ccccc1)(c1ccccc1)c1ccccc1)c1ccccc1)[C@@H]1CCCN1,1.3568577760460374,0.06908306698938471,0.8975727485845005,-6.970566733116961,7.86813948170146,0.8284896815951158,-0.3532450893559277,-0.24128764217673107,-0.11195744717919662,6.970566733116961
CN(C)c1cc[n+]([O-])cc1,2.926458359116253,-1.1006309787719109,0.5846287630327955,-7.409539096059747,7.994167859092544,1.6852597418047066,-0.34911650309384645,-0.24764830761164075,-0.1014681954822057,7.409539096059747
OB(O)c1cc(C(F)(F)F)cc(C(F)(F)F)c1,1.5672603603254385,0.2633478739715054,1.3377822680269689,-9.883377979394274,11.221160247421242,1.0744343940554635,-0.44325712806454626,-0.29422490877151064,-0.14903221929303562,9.883377979394274
O=c1nccc[nH]1,2.5591151115799664,-0.19809162617822196,1.0757482838929446,-9.1835304427392,10.259278726632145,1.2738399100711666,-0.3922919330026033,-0.29585509984499303,-0.09643683315761026,9.1835304427392
C[Si](OC(c1ccccc1)(c1ccccc1)[C@H]1CCCN1)(c1ccccc1)c1ccccc1,0.5948111169051901,-0.20492690308569106,0.7805271691820103,-6.835137465189339,7.615664634371348,0.9854540722677013,-0.35506217965529413,-0.23193943886519433,-0.1231227407900998,6.835137465189339
[Ag],0.0,-0.1689959073055718,0.8145831595651893,-7.007735101193811,7.822318260759002,0.9835790668707612,-0.3524658146721053,-0.2970800635524294,-0.05538575111967592,7.007735101193811
Fc1ccc2c(c1)[C@@H]([C@H]1NCc3ccc(F)cc31)NC2,1.7577011794407829,-0.29293438507646385,0.8268367037646124,-7.4491622553368355,8.275998959101447,1.1197710888410761,-0.35864020420899617,-0.24745116777676918,-0.111189036432227,7.4491622553368355
CNCc1ccccc1,0.438468917242842,-1.8158736460604765,0.4856996816459318,-7.9878537261484865,8.47355340779442,2.3015733277064085,-0.35508528030927283,-0.2227634037541132,-0.13232187655515965,7.9878537261484865
C[Si](C)(C)C#N,1.528997123881015,-1.6446297263690455,0.6311505985044392,-8.963161805492376,9.594312403996817,2.2757803248734847,-0.4045029211452908,-0.24220554318913187,-0.16229737795615892,8.963161805492376
I[Pd-2](I)([PH](c1ccccc1)(c1ccccc1)c1ccccc1)[PH](c1ccccc1)(c1ccccc1)c1ccccc1,5.706565300025435,1.5057695423943853,1.594955225019648,-6.382678126637252,7.977633351656899,0.08918568262526261,-0.34125699459538306,-0.2924596190180483,-0.04879737557733477,6.382678126637252
CC[n+]1ccccc1F,0.9345567677066265,-1.2396733739486243,0.2932623776603544,-5.094669590451026,5.387931968111379,1.5329357516089785,-0.4030653218458017,-0.24900276458194318,-0.1540625572638585,5.094669590451026
CC(C)(C)[Si](C)(C)n1cc(P(c2ccccc2)c2ccccc2)c2ccccc21,1.40588355661613,-0.13382947138548928,0.7524952406565478,-6.410503263129026,7.162998503785574,0.8863247120420371,-0.34484297001043995,-0.23819453851911562,-0.10664843149132433,6.410503263129026
c1c[n+](C2CCCCC2)cn1C1CCCCC1,0.17678935444176969,-3.557126050743694,0.011053209307010899,-2.8069603161935133,2.8180135255005236,3.568179260050705,-0.35454048432586516,-0.16078469182331717,-0.19375579250254799,2.8069603161935133
C(=NN(c1ccccc1)c1ccccc1)c1nc2ccccc2s1,0.7180479780096307,1.2035571777588272,1.4214941493055067,-6.708792721390674,8.130286870696182,0.2179369715466794,-0.3483774545417934,-0.3020321607347245,-0.04634529380706892,6.708792721390674
B,0.014781113110505228,-2.811229650603819,0.6488061009781575,-11.39963992545879,12.04844602643695,3.460035751581977,-0.43829315153369564,-0.2755214020348755,-0.16277174949882012,11.39963992545879
Oc1c(Br)cc2ccccc2c1-c1c(O)c(Br)cc2ccccc12,2.1380338126933647,1.3053690914258018,1.5741723391236635,-7.593296858945376,9.167469198069039,0.26880324769786146,-0.3928329492336988,-0.2930710407432823,-0.09976190849041655,7.593296858945376
Cc1cccnc1,1.008903167582354,-1.3189674060993042,0.6675164808406351,-8.59513490620854,9.262651387049175,1.9864838869399393,-0.3675411096039495,-0.2513752852230354,-0.11616582438091405,8.59513490620854
CN1C(C)(C)CCCC1(C)C,0.2799788444247952,-6.725185744935058,0.0021273144024087382,-7.212211208508771,7.214338522911179,6.727313059337466,-0.32898585299857536,-0.030383425457282537,-0.29860242754129285,7.212211208508771
C[S+](C)Br,2.8345396437221875,-0.4461127945100758,0.54002650731673,-5.5252360909908464,6.065262598307577,0.9861393018268059,-0.38642027563181247,-0.2720981303228097,-0.11432214530900275,5.5252360909908464
CC1(C)NC(Cc2ccccc2)C(=O)N1CCOC(=O)CCCC[N+]12CCN(CC1)CC2,9.31854304114839,-1.2910518480775082,0.012940034827931858,-1.8624072203178965,1.8753472551458283,1.30399188290544,-0.33074304000787663,-0.184923819260172,-0.14581922074770462,1.8624072203178965
CCCOP(=O)(O)OP(=O)(O)OCCC,2.031344609292938,-4.07006214885728,0.21094611638687485,-8.715029730800762,8.925975847187635,4.2810082652441555,-0.4250736638202302,-0.11892692325767465,-0.30614674056255553,8.715029730800762
Cc1cccc[n+]1C,1.0811302084062786,-1.6650503882593548,0.164008683042589,-4.51190805071443,4.6759167337570195,1.8290590713019441,-0.38377424138139493,-0.23059012999302078,-0.15318411138837415,4.51190805071443
Cc1ccc(S(=O)(=O)NC[C@@H](N)C(C)(C)C)cc1,2.738769248871135,-0.5758545557984522,0.7850702415135459,-7.85071469619675,8.635784937710298,1.360924797311998,-0.36779068540375376,-0.2590898990888426,-0.10870078631491115,7.85071469619675
CC1(c2ccccc2P(C2CCCCC2)C2CCCCC2)OCCO1,0.6610065413156363,-0.9469035140081692,0.5472539079028997,-6.752953263596439,7.300207171499339,1.4941574219110687,-0.3385373638654591,-0.23612122943541808,-0.102416134430041,6.752953263596439
CCCCCCCC[n+]1c(I)n(-c2ccc(C(F)(F)F)cc2)c2ccccc21,3.1348439480567385,0.45997063125618,0.7875242020570263,-4.721702370870116,5.509226572927142,0.32755357080084624,-0.39930255069171616,-0.27223767931246595,-0.1270648713792502,4.721702370870116
O=C1CCC(=O)N1Cl,1.0927791103325144,-0.0390298549576622,1.196081125667468,-9.685111952621927,10.881193078289394,1.2351109806251301,-0.4275717148424599,-0.28775677069168826,-0.13981494415077167,9.685111952621927
CCOP(=S)(N[C@@H](c1ccccc1)[C@@H](N)c1ccccc1)OCC,2.452168674905286,-0.5618275171631284,0.6999478101229084,-7.120718388579119,7.820666198702026,1.2617753272860366,-0.3465423881880514,-0.23614533410115787,-0.11039705408689351,7.120718388579119
CC(C)(C1=N[C@@H](c2ccccc2)CO1)C1=N[C@@H](c2ccccc2)CO1,0.8140478423245464,-0.2719164615938423,0.8523060475134101,-7.596610775681757,8.448916823195168,1.1242225091072522,-0.39176529494326867,-0.23316572620643305,-0.15859956873683562,7.596610775681757
OB(O)c1ccco1,0.7140940896027373,-1.7557056915788656,0.620209981938274,-9.092167708348244,9.712377690286518,2.3759156735171394,-0.3870918092668674,-0.23479834444872574,-0.15229346481814168,9.092167708348244
N[C@H](c1ccccc1)[C@H](Nc1c(N[C@@H](c2ccccn2)[C@@H](Nc2c(N[C@H](c3ccccc3)[C@H](N)c3ccccc3)c(=O)c2=O)c2ccccn2)c(=O)c1=O)c1ccccc1,7.143989075082283,1.4177638815947775,1.5437578478156837,-6.52137260463684,8.065130452452527,0.1259939662209062,-0.3589953515330648,-0.29364708066728606,-0.06534827086577871,6.52137260463684
CN(C)C(N(C)C)=[N+]1N=[N+]([O-])c2cc(Cl)ccc21,4.462742304167702,0.47537666072405216,0.8314458460121806,-5.026834052690871,5.858279898703052,0.3560691852881285,-0.3623078184037976,-0.27918322077197033,-0.08312459763182728,5.026834052690871
FC(F)(F)c1cc(NC(=S)Nc2ccnc(-c3cc(NC(=S)Nc4cc(C(F)(F)F)cc(C(F)(F)F)c4)ccn3)c2)cc(C(F)(F)F)c1,0.2808619477976339,2.370578550536317,2.3707085133040304,-7.042043954931019,9.412752468235052,0.0001299627677130952,-0.37096788338547165,-0.31713647068727513,-0.053831412698196524,7.042043954931019
O=S(=O)(O)C(F)(F)F,0.9945401708439923,-1.393436791862014,1.063350492372903,-12.112039105778148,13.17538959815105,2.456787284234917,-0.5017845479151454,-0.251132340644538,-0.2506522072706074,12.112039105778148
CC(C)(C)[Si](O[C@H]1CN[C@H](CNS(=O)(=O)C(F)(F)F)C1)(c1ccccc1)c1ccccc1,1.398182558662779,0.014397954356689446,0.9020063247329092,-7.172740897320031,8.07474722205294,0.8876083703762198,-0.3731941782770846,-0.24069791238297106,-0.13249626589411356,7.172740897320031
COc1ccccc1P(c1ccccc1OC)c1ccccc1OC,0.4863031457335106,-0.24098708270656033,0.7437475902258768,-6.639178378420333,7.38292596864621,0.9847346729324371,-0.3407972758693568,-0.2385889431832735,-0.10220833268608331,6.639178378420333
Cc1cc2nc(P(C3CCCCC3)C3CCCCC3)n(C(=O)N(C(C)C)C(C)C)c2cc1C,1.1263040448300374,-0.30923353000599096,0.7206467243786656,-6.637814813643926,7.358461538022589,1.0298802543846566,-0.3489510338599729,-0.24391289551235087,-0.10503813834762202,6.637814813643926
C=CC1C[N+]2(Cc3cc(-c4ccc5ccccc5c4)ccc3-c3ccc4ccccc4c3)CCC1CC2[C@@H](O)c1ccnc2ccc(O)cc12,3.147331870249478,0.8994353901020293,0.939345182451706,-3.632429128315678,4.571774310767384,0.03990979234967667,-0.3367547826077631,-0.2581548881330383,-0.07859989447472482,3.632429128315678
O=C(O)c1ccc([N+](=O)[O-])cc1C(=O)O,1.946595144924959,2.1307868348230805,2.320122597123375,-9.800838195461345,12.120960792584722,0.18933576230029464,-0.4499893098836704,-0.3527559942460494,-0.097233315637621,9.800838195461345
CC(C)(C)[C@@H]1NC(=S)N(C[C@@H]2CCCN2)C1=O,1.5896887885089392,-0.055638495552529754,0.8945505708779591,-7.321641580230045,8.216192151108006,0.9501890664304888,-0.35060582540633833,-0.2763934517961727,-0.07421237361016564,7.321641580230045
CC(C)CN,0.5395037912314747,-8.953558906596225,0.0005658815763581924,-8.671091703965308,8.671657585541666,8.954124788172583,-0.3610570764674821,0.038278543695959726,-0.3993356201634418,8.671091703965308
C1=[N+](C23CC4CC(CC(C4)C2)C3)CCN1C12CC3CC(CC(C3)C1)C2,0.31107283480788417,-4.141047133133094,0.04690647325394376,-2.555801304554773,2.602707777808717,4.187953606387038,-0.3263137002267795,-0.14997423005183386,-0.17633947017494567,2.555801304554773
CC(C)(C)c1cc(Cc2cc(C(C)(C)C)c(O)c(C(C)(C)C)c2)cc(C(C)(C)C)c1O,0.46299402375758764,-0.9403035868556362,0.5659098429795731,-6.896922255919836,7.462832098899411,1.5062134298352094,-0.3624076712976077,-0.21566653300734012,-0.14674113829026758,6.896922255919836
c1cc(N=Nc2ccncc2)ccn1,0.45142433375352853,0.7572487690732066,1.303314101543014,-7.830487503796354,9.133801605339364,0.5460653324698077,-0.37803010003480975,-0.3313996112212528,-0.04663048881355697,7.830487503796354
O=C1C=CCCC1,1.708831324160012,-0.5202267657352095,0.922729165958381,-8.826695441393667,9.749424607352047,1.4429559316935905,-0.3874187778690596,-0.28169457793433766,-0.10572419993472193,8.826695441393667
CC(C)(C1=N[C@H](C(C)(C)C)CO1)C1=N[C@H](C(C)(C)C)CO1,0.7980554839251481,-1.466037913535227,0.5326978828174382,-7.72424476585711,8.256942648674551,1.9987357963526657,-0.38692834372950397,-0.2239836702651384,-0.16294467346436556,7.72424476585711
I[Fe]C1=CC=CC1,3.069388459028137,1.09479508242607,1.4065213378247452,-7.179911434018107,8.586432771842851,0.3117262553986755,-0.3380566063070899,-0.336136768140242,-0.001919838166847876,7.179911434018107
CC(C)(C)OC(=O)N1C=Cc2ccccc2C1OC(C)(C)C,0.826615273480332,-0.34783911293391157,0.7956443956411596,-7.3457672589059975,8.141411654547158,1.1434835085750712,-0.36369748222189435,-0.25347943468974793,-0.11021804753214642,7.3457672589059975
ClC(Cl)(Cl)C(Cl)(Cl)Cl,5.418285654450348e-06,0.6555449682075825,1.516300644991905,-9.979409268712107,11.495709913704012,0.8607556767843224,-0.4610355824824902,-0.28520516312847627,-0.17583041935401394,9.979409268712107
CCCCCCCCCCCCc1ccc(S(=O)(=O)[O-])cc1,4.704221312303089,3.8993130215970417,4.30827351363861,-8.024297207217195,12.332570720855806,0.4089604920415679,-0.4212715470176596,-0.41569524953479786,-0.005576297482861758,8.024297207217195
NCC1=CC=CCN1c1ccccc1,0.28114984476517985,-0.8210078650350683,0.5634184486319417,-6.6074116540945536,7.170830102726494,1.3844263136670096,-0.32542934191809897,-0.2346007886727982,-0.09082855324530076,6.6074116540945536
O=[N+]([O-])c1ccc(S(=O)(=O)O)c([N+](=O)[O-])c1,1.1169203605538307,3.1325588699152283,3.149400501448096,-10.386268778549505,13.535669279997599,0.016841631532867763,-0.4723345771069252,-0.3838205567867467,-0.08851402032017852,10.386268778549505
CCOC(=O)C(C#N)=NO[C+](N(C)C)N1CCOCC1,2.2314581859874316,1.113082739197508,1.324668860498112,-6.303257628888723,7.627926489386834,0.21158612130060409,-0.38739248613635247,-0.31480111165325597,-0.0725913744830965,6.303257628888723
OB(O)c1ccccc1Cc1cccs1,1.48866119277947,-0.02640607667069972,0.9835443701212323,-7.947223397509664,8.930767767630895,1.009950446791932,-0.38488770224145963,-0.2606847154007342,-0.12420298684072545,7.947223397509664
Cc1cc(C)c(C)c(Cn2c(=[Pd-4](Cl)(Cl)=c3n(Cc4c(C)c(C)cc(C)c4C)c4ccccc4n3C(C)CN(C)C)n(C(C)CN(C)C)c3ccccc32)c1C,3.8346173605232554,0.0957403410931974,0.64155758161244,-4.837507311291972,5.479064892904413,0.5458172405192427,-0.2838931105997354,-0.2490664286578184,-0.03482668194191699,4.837507311291972
[Hf+4],0.0,-0.9213645330234272,0.7320240555591191,-8.25004293497997,8.98206699053909,1.6533885885825463,-0.2970528187464909,-0.2970528187464909,0.0,8.25004293497997
N[C@H](c1ccccc1)[C@H](NP(=O)(c1ccccc1)c1ccccc1)c1ccccc1,1.7546633093067092,0.32634469864264926,1.0513050565349067,-7.370933923433645,8.422238979968549,0.7249603578922574,-0.37590350201863065,-0.25768892694573936,-0.11821457507289129,7.370933923433645
[N-]=[N+]=NP(=O)(Oc1ccccc1)Oc1ccccc1,1.3419359250049083,0.46301738183803476,1.2125132672766965,-8.200220612999306,9.412733880276003,0.7494958854386614,-0.4027651701122178,-0.30497328869294943,-0.09779188141926837,8.200220612999306
COCCN1C(=C2NC=CC(Br)=C2Br)N(CC2CCC2)c2ccccc21,2.1333450890867334,0.2657488952992928,0.8363347793851929,-5.842779161093938,6.679113940479132,0.5705858840859,-0.3168213157151467,-0.273227666600522,-0.04359364911462471,5.842779161093938
O=c1[nH]nnc2ccccc12,0.8842225982365763,0.6290805691946773,1.3571963922479566,-8.776027256730684,10.133223648978639,0.7281158230532794,-0.3922478445843817,-0.3085363831770596,-0.08371146140732211,8.776027256730684
C=CCO,0.7260084143046935,-2.907817010984772,0.44918494666714387,-9.616444003702563,10.065628950369709,3.3570019576519154,-0.4079662315348269,-0.22275988741059688,-0.18520634412423004,9.616444003702563
CN(C)[C@@H]1CCCC[C@H]1Nc1nc2ccccc2[nH]1,1.8805096904338696,-1.6413002770172183,0.39085940523390655,-6.769652987533519,7.1605123927674255,2.032159682251124,-0.35054518474025226,-0.21781131589849184,-0.13273386884176042,6.769652987533519
CN(C)Cc1ccccc1-[n+]1[c-]n(C(C)(C)C)nc1-c1ccccc1,0.5264052042163606,-0.21967586354094948,0.7440487096974038,-6.583041852943838,7.327090562641243,0.9637245732383533,-0.3284557898408701,-0.24749407234519288,-0.08096171749567721,6.583041852943838
COc1ccc(-c2cccc(CN[C@@H](C)c3cccc4ccccc34)n2)cc1,0.9027740180293493,0.5439497361070167,1.061736889182741,-6.668812976470063,7.730549865652803,0.5177871530757244,-0.35377891424984964,-0.26148061432851377,-0.09229829992133587,6.668812976470063
O=C=O,8.85890697231238e-07,0.5543653230430392,1.994579872707118,-14.203479759612538,16.198059632319662,1.440214549664079,-0.529364304829855,-0.3750713579689991,-0.15429294686085587,14.203479759612538
Cl[Pd](CC=Cc1ccccc1)=C1N(c2c(N3CCCCC3)ccc3ccccc23)CCN1c1c(N2CCCCC2)ccc2ccccc12,3.3630371794230105,1.1166552431306913,1.2048311107072969,-5.0064300886342,6.211261199341498,0.0881758675766055,-0.28979806815732206,-0.28297123434681165,-0.006826833810510413,5.0064300886342
Cc1ccc(C(=O)O)s1,1.3433026900351601,0.16319006159989957,1.1737862727374107,-8.888511394027967,10.06229766676538,1.0105962111375109,-0.40246741005246545,-0.28620879094555723,-0.11625861910690821,8.888511394027967
CC(C)(C)CP(C(C)(C)C)C(C)(C)C,0.6305693087264721,-3.558448725066035,0.1331965439138778,-6.896128884269993,7.029325428183873,3.6916452689799137,-0.33415661376678263,-0.1350372949625035,-0.19911931880427913,6.896128884269993
COc1ccc(I)c(B(O)O)c1,2.203636666436858,-0.6451061129213409,0.8224200468846146,-8.329188072081529,9.151608118966143,1.467526159805956,-0.3956313529555066,-0.2536962788175112,-0.1419350741379954,8.329188072081529
Cc1cccc(C)c1-c1ccc(C(=O)N(C(C)C)C(C)C)c(P(C2CCCCC2)C2CCCCC2)c1,1.2900756108398053,-0.5149132655743269,0.635306904568948,-6.47548074029374,7.110787644862689,1.1502201701432748,-0.33998617898567135,-0.23612213017739997,-0.10386404880827138,6.47548074029374
Cc1cc(C)c(-n2ccn(-c3c(C)cc(C)cc3C)c2=[Cu-2]Cl)c(C)c1,2.2435622227654464,-0.43230333607975613,0.6707639536494828,-6.556051584244406,7.226815537893886,1.103067289729239,-0.30361632944587097,-0.22897844387617494,-0.07463788556969603,6.556051584244406
CC(C)(C)[Si](OC[C@@H]1CCCN1)(c1ccccc1)c1ccccc1,0.9102014059926828,-0.5754895829479008,0.675698617422981,-6.956166350107328,7.631864967530307,1.2511882003708816,-0.350833888970136,-0.23679360488689008,-0.11404028408324593,6.956166350107328
ClP(Cl)(Cl)(Cl)Cl,0.7338682589125356,2.5847436531421364,2.584763475041055,-7.782941676000016,10.367705151041074,1.9821898919233496e-05,-0.36960108170957173,-0.3660669639869884,-0.00353411772258333,7.782941676000016
CN1C(c2ccccn2)=NC(c2ccccc2)C1c1ccccc1,0.6838339454115694,0.19311503510076022,0.9623461027855337,-7.097819073786265,8.060165176571799,0.7692310676847736,-0.35520735573047424,-0.2687120455131177,-0.08649531021735651,7.097819073786265
O=C(O)C(=O)NCc1cc([N+](=O)[O-])cc[n+]1[O-],1.486323527755358,2.175377947900089,2.294534477731212,-9.094300126423281,11.388834604154495,0.11915652983112306,-0.4235222666517066,-0.3500946966204482,-0.07342757003125844,9.094300126423281
CCN(c1cc(C#CC2CCN(C(=O)OC(C)(C)C)CC2)cc(C(=O)O)c1C)C1CCOCC1,0.2584945934965371,0.10427069175278803,0.8955887061157606,-6.845446249523775,7.7410349556395355,0.7913180143629724,-0.35079441775439857,-0.26985654537998516,-0.08093787237441341,6.845446249523775
c1ccc(CN[C@@H]2CCCC[C@H]2NCc2ccccc2)cc1,0.8038894548679546,-0.8083382993293755,0.6169707024687205,-7.027218621492128,7.644189323960848,1.4253090017980965,-0.3457936167404962,-0.22425393878989347,-0.12153967795060272,7.027218621492128
NS(=O)(=O)O,1.2557885478522222,-4.033073853002824,0.4056111730158641,-11.02264848953588,11.428259662551746,4.438685026018688,-0.4407674824167961,-0.1565444612230757,-0.2842230211937204,11.02264848953588
O=P(Cl)(Cl)Oc1ccccc1,1.382497441543191,-0.3976190427188646,1.0099035901449727,-9.20623692208881,10.216140512233782,1.4075226328638373,-0.418079001425206,-0.2512694630048056,-0.16680953842040036,9.20623692208881
CC(C)c1ccc(OO)cc1,1.0208486299067852,-1.4335683888665796,0.614214246334032,-8.376452155996434,8.990666402330467,2.047782635200612,-0.38682846135581495,-0.23106669227053273,-0.15576176908528222,8.376452155996434
CO[BH-](OC)OC,0.4896472319575922,3.205080834668099,3.2227484116707075,-8.731444116052609,11.954192527723318,0.017667577002608705,-0.4035148248758529,-0.40054556428752086,-0.0029692605883320233,8.731444116052609
FB(F)F,0.2951140896989136,-1.0067824137424113,1.4664568744599091,-14.49037730773546,15.956834182195376,2.47323928820232,-0.549932972947141,-0.33083427537685145,-0.2190986975702896,14.49037730773546
CCOCCO,1.1145217963591214,-7.611989928513853,0.016496778507890022,-9.096965164024214,9.113461942532103,7.628486707021742,-0.40889667410835895,-0.009266855371994051,-0.3996298187363649,9.096965164024214
c1ccc(P(Oc2cccc(OP(c3ccccc3)c3ccccc3)c2)c2ccccc2)cc1,0.5416123675208233,0.3664949465994214,0.9727851723137639,-6.596557568717515,7.569342741031279,0.6062902257143424,-0.3596894723314831,-0.2468603495845851,-0.11282912274689796,6.596557568717515
Cc1cccc(N)c1C,0.7508175936213192,-2.1651750520282094,0.3798042468673205,-7.617012429842713,7.996816676710035,2.54497929889553,-0.35083010547923027,-0.20734809592390266,-0.1434820095553276,7.617012429842713
CC[Mg]Cl,1.9362162141125199,0.18825816408262774,1.0653192347521994,-7.939490093607642,9.00480932835984,0.8770610706695716,-0.36795162681961036,-0.2917216449777511,-0.07622998184185925,7.939490093607642
CCN=C=NCCCN(CC)CC,0.25448965838559084,-2.1975735123638898,0.32625059187170585,-7.132229544402065,7.45848013627377,2.5238241042355956,-0.34257142135101704,-0.22742720431142474,-0.1151442170395923,7.132229544402065
FC(F)(F)C(F)(F)C(F)(F)C(F)(F)C(F)(F)C(F)(F)C(F)(F)C(F)(F)C(F)(F)C(F)(F)CC[n+]1ccccc1Cl,0.9541459023999529,-0.01820281189871409,0.6679758536966875,-5.398170568430814,6.066146422127502,0.6861786655954015,-0.4105108937702812,-0.26918114435111,-0.1413297494191712,5.398170568430814
C=CC1CN2CCC1CC2[C@@H](Nc1c(Nc2cc(C(=O)NCc3cc(C(F)(F)F)cc(C(F)(F)F)c3)cc(C(F)(F)F)c2)c(=O)c1=O)c1ccnc2ccc(OC)cc12,4.502805534845487,2.076977012796309,2.092638165901102,-7.017709635196182,9.110347801097282,0.01566115310479283,-0.37052732326820376,-0.30986720382267613,-0.06066011944552763,7.017709635196182
C(=Nc1ccccc1)c1ccccc1,0.8138434569172786,0.11187201763251053,1.0122506071329598,-7.755839666909999,8.768090274042958,0.9003785895004494,-0.3676887001987547,-0.2792662533770733,-0.08842244682168143,7.755839666909999
O[Si](O)(c1cccc2ccccc12)c1cccc2ccccc12,0.2154992826127914,0.5524487228170747,1.108237862049087,-7.019793262841743,8.128031124890828,0.5557891392320123,-0.3685006083006141,-0.26546456482271574,-0.10303604347789835,7.019793262841743
O=C(O)C[C@@H]1NC(=O)[C@@H](CNC(=O)[C@@H]2CCCN2)N(Cc2ccccc2)C1=O,1.4153128527088898,0.07018779317413948,0.9525546729246518,-7.4071882598391845,8.359742932763837,0.8823668797505123,-0.35513466808300914,-0.25920568161384416,-0.09592898646916498,7.4071882598391845
N#CSc1ncnc(SC#N)c1[N+](=O)[O-],1.8177283779392022,2.676894476656363,2.717435307192629,-9.520503842071719,12.237939149264346,0.040540830536265886,-0.446572831411164,-0.3681193122869026,-0.0784535191242614,9.520503842071719
CN(C)[C@@H]1CCCC[C@H]1NS(=O)(=O)c1cccc(S(=O)(=O)Nc2cc(C(F)(F)F)cc(C(F)(F)F)c2)c1,2.6444468218149395,1.509564326901227,1.6853563622259347,-7.40909689302279,9.094453255248723,0.17579203532470739,-0.34906011495317923,-0.30907956138409454,-0.0399805535690847,7.40909689302279
N[C@@H]1CCCC[C@H]1NS(=O)(=O)NCc1ccccc1,1.9588806342114193,-1.2230317652833254,0.5773473550850727,-7.610546486876798,8.187893841961868,1.800379120368398,-0.3575722897814949,-0.23967612592400428,-0.11789616385749063,7.610546486876798
c1ccc(P(c2ccccc2)c2nc3ccccc3nc2P(c2ccccc2)c2ccccc2)cc1,1.1004112534230321,1.4559547008596097,1.5689597015399455,-6.504165754621049,8.073125456160993,0.11300500068033571,-0.3558163059881016,-0.3098834918329917,-0.04593281415510991,6.504165754621049
C1CN[C@H](CN2CCOCC2)C1,0.7821303635690743,-6.761861027352073,0.0022376430760933223,-7.262919531815978,7.265157174892072,6.764098670428167,-0.34819297967677376,-0.021668367056384082,-0.3265246126203897,7.262919531815978
C[n+]1ccn(CCC[Si](C)(C)OC(c2ccccc2)(c2ccccc2)[C@@H]2CCCN2)c1,3.329729606038333,-0.9769140301984902,0.13510361729088471,-3.0677483478784984,3.202851965169382,1.1120176474893746,-0.3430454079527301,-0.20445196029967472,-0.13859344765305537,3.0677483478784984
c1ccc(P([Pd]P(c2ccccc2)c2ccccc2)c2ccccc2)cc1,1.0929867957376065,1.2256078462408952,1.3358280424576765,-5.652554043668303,6.988382086125981,0.11022019621678135,-0.3167555957130588,-0.2889050394508727,-0.027850556262186077,5.652554043668303
Cc1sc2ccccc2c1-c1c(N(C(C)C)C(C)C)c1=O,2.0772204153175005,-0.18087342204369694,0.7867293169046222,-6.817756745308808,7.6044860622134305,0.967602738948319,-0.3445571638035317,-0.25347952754337383,-0.09107763626015786,6.817756745308808
O=c1c2ccccc2sc2ccccc12,0.9343608841360335,0.7650752296611891,1.3073043640972428,-7.831891656335451,9.139196020432694,0.5422291344360537,-0.3809198081047014,-0.29295957414018825,-0.08796023396451313,7.831891656335451
COC(C)(C)C,0.6085816944448438,-8.089950026841851,0.004544327600905098,-8.875293907009976,8.87983823461088,8.094494354442759,-0.3894859992886098,0.007275335241834341,-0.3967613345304441,8.875293907009976
O=c1c(N[C@H](c2ccccn2)[C@H](Nc2c(N[C@@H]3CCCC[C@H]3N3CCCCC3)c(=O)c2=O)c2ccccn2)c(N[C@@H]2CCCC[C@H]2N2CCCCC2)c1=O,4.3215056765349384,1.2511880063027183,1.3992893184590782,-6.166899070245025,7.566188388704103,0.14810131215635988,-0.3488832681984465,-0.2877524639292965,-0.06113080426915002,6.166899070245025
Cc1cccc(P(c2cccc(C)c2)c2cccc(C)c2)c1,0.6523992864275564,-0.2628237687558075,0.763924477083054,-6.86108146751843,7.625005944601483,1.0267482458388615,-0.35122190693778743,-0.23663814944115408,-0.11458375749663335,6.86108146751843
Nc1cccc2c(=O)[nH][nH]c(=O)c12,0.7864996800464268,0.09972765705850328,1.0437899129739363,-8.046129988780267,9.089919901754206,0.9440622559154329,-0.37660344011017477,-0.27699814280718155,-0.09960529730299322,8.046129988780267
COc1nc(OC)nc([N+]23C(=O)C[C@@H]4OCC=C5CN6CC[C@@]7(c8ccccc82)[C@@H]6C[C@@H]5[C@@H]4[C@@H]73)n1,2.856884249987504,0.04387380241360361,0.5577441803394767,-4.328535010744567,4.886279191084044,0.5138703779258731,-0.3552471306689794,-0.2526589393093798,-0.10258819135959957,4.328535010744567
CCCCc1ccc(-c2cc3c(C)c4cc(-c5ccc(CCCC)cc5)c5cccc6c5c4c4c3c3c(cccc23)B(O)N4B6O)cc1,1.6504322187060518,1.0237979783978384,1.2688349099192684,-6.281918895502674,7.550753805421943,0.24503693152142988,-0.34896563470987024,-0.2746052485031807,-0.07436038620668955,6.281918895502674
Cc1cc(C)c(P)c(C)c1,0.6892608067346695,-0.9157469987318683,0.6916078385757596,-7.899588373138942,8.591196211714703,1.607354837307628,-0.3809902638690996,-0.23446509321194775,-0.14652517065715187,7.899588373138942
ClC1(Cl)C=CC=CC=C1,1.1980523991517855,0.44053492200703737,1.2441165925811866,-8.535429996596797,9.779546589177981,0.8035816705741493,-0.39571471934173225,-0.29696629841440714,-0.09874842092732511,8.535429996596797
FC(F)(F)COc1nnc(OCC(F)(F)F)nn1,1.7273583848351348,2.3058128308903196,2.422759706616458,-9.514391760184628,11.937151466801087,0.11694687572613827,-0.4095311129791915,-0.3898244796932049,-0.019706633285986597,9.514391760184628
O=P(Oc1ccccc1)(Oc1ccccc1)C1CCCN1,0.8429948799775123,-0.5477887219552677,0.7668189206513389,-7.631164031977452,8.39798295262879,1.3146076426066067,-0.37363755801300086,-0.23387344283175066,-0.1397641151812502,7.631164031977452
CC1(C)COC(c2ccccc2N)=N1,1.126107841565353,-0.5934845954056911,0.7497448470376282,-7.606597718968825,8.356342566006454,1.3432294424433193,-0.3635221754911261,-0.2527131167599402,-0.1108090587311859,7.606597718968825
NCCNCCO,0.8089026341883793,-7.733953797333324,2.4648033146398263e-05,-7.789279535990049,7.789304184023196,7.733978445366471,-0.3515956261977099,0.01048446112733134,-0.36208008732504127,7.789279535990049
CC(C)c1cccc(C(C)C)c1-n1ccn(-c2c(C(C)C)cccc2C(C)C)c1=[Pd-2](Cl)CC=Cc1ccccc1,3.2189277456933443,0.39597450875898055,0.7619811564427162,-4.764352232775925,5.5263333892186415,0.36600664768373575,-0.27702215364113214,-0.25765162378330464,-0.0193705298578275,4.764352232775925
CC(C)(C)C(=O)Nc1cccc(NC(=O)C(C)(C)C)c1C(=O)O,2.5297242214431424,0.7002964925998878,1.249864373870208,-7.614302787657227,8.864167161527435,0.54956788127032,-0.383806507682469,-0.2922739749546529,-0.09153253272781608,7.614302787657227
CN(C)Cc1ccncc1,1.2778127885668444,-1.1955581735031902,0.5909488183213879,-7.66931051856773,8.260259336889117,1.786506991824578,-0.3593662597496753,-0.25116543912427874,-0.10820082062539654,7.66931051856773
CC1(C)CCCC(C)(C)[N-]1,0.6960301078932988,0.4444766127021671,1.119093993696734,-7.507437327037971,8.626531320734706,0.6746173809945668,-0.35377385103512127,-0.34026845409926176,-0.013505396935859504,7.507437327037971
O=C(O)C[C@@H]1CCCN1,1.1015977426724726,-2.4165008401576182,0.42295133432946524,-8.491820906026556,8.91477224035602,2.839452174487083,-0.3637679455863794,-0.24289004401977604,-0.12087790156660339,8.491820906026556
[O-]Cl,1.07553425572174,2.9280682801184774,3.086498838002225,-12.215056265366425,15.301555103368642,0.15843055788374774,-0.4543303134901589,-0.4543303134901587,-2.220446049250313e-16,12.215056265366425
O=C(OOC(=O)c1ccccc1)c1ccccc1,0.31339950466061517,0.9663831995668399,1.501199799987329,-8.622528886062593,10.123728686049922,0.534816600420489,-0.42323910244933044,-0.2893965342699793,-0.13384256817935114,8.622528886062593
C[C@@]12C[C@]3(C)O[C@@](C)(C[C@](C)(O1)P3c1ccccc1-c1ccccc1)O2,0.6597188612858572,-0.26994154064921805,0.8018846390084663,-7.185807912083714,7.98769255109218,1.0718261796576845,-0.36389779609091766,-0.24871354337862772,-0.11518425271228994,7.185807912083714
Oc1cccc2nn[nH]c12,1.417711350175707,-0.1843948883278399,1.0037253287637882,-8.5674470350484,9.571172363812188,1.188120217091628,-0.3886019559823392,-0.2814072716578249,-0.10719468432451429,8.5674470350484
CN(C=O)c1ccccc1,1.6482280267792395,-0.8962738855745882,0.7478446589826117,-8.32304701991235,9.07089167889496,1.6441185445571997,-0.3843435801125992,-0.24738107601583353,-0.1369625040967657,8.32304701991235
O=C1OCCN1P(Cl)N1CCOC1=O,0.39729661945549816,-0.017032203615168662,1.0654256009782845,-8.574366355232229,9.639791956210514,1.0824578045934532,-0.400339172216879,-0.2626909412554303,-0.13764823096144868,8.574366355232229
CN1C(=O)[C@H](Cc2ccccc2)NC1(C)C,1.5905213802043379,-1.2607507199975854,0.5747180119550277,-7.667910860215153,8.242628872170183,1.8354687319526133,-0.37383452343482365,-0.21977807464143673,-0.15405644879338692,7.667910860215153
O=C1NC2NC(=S)NC2N1,1.9829120566720662,-0.8146124660608187,0.7411072144993057,-8.074071156786403,8.815178371285707,1.5557196805601243,-0.3527999839541995,-0.256173865120044,-0.0966261188341555,8.074071156786403
CCCCCCCCCCCC[N+](C)(C)C,0.16749916442581067,-6.133189405075939,0.8416700826638018,0.1918013784693846,0.6498687041944171,6.97485948773974,-0.4052820641334681,-0.061941968480113026,-0.3433400956533551,-0.1918013784693846
c1ccc([SiH2]c2ccccc2)cc1,0.06836090443261654,-0.5756676107267253,0.7756481478012334,-7.77341942266402,8.549067570465253,1.3513157585279587,-0.38114487541666553,-0.23849211938390782,-0.1426527560327577,7.77341942266402
Cc1cncc(C)c1,1.0886683729309685,-1.3560126772641783,0.6322089960380309,-8.369438503048546,9.001647499086577,1.9882216733022091,-0.36382983534291574,-0.2464554001274756,-0.11737443521544014,8.369438503048546
COc1ccc(P(=NC[C@H](NC(=S)Nc2cc(C(F)(F)F)cc(C(F)(F)F)c2)C(c2ccccc2)c2ccccc2)(c2ccc(OC)cc2)c2ccc(OC)cc2)cc1,4.353533678623649,1.237722240342901,1.386186872268066,-6.121631426480443,7.507818298748511,0.14846463192516496,-0.3176079909311301,-0.29437443834959043,-0.023233552581539696,6.121631426480443
C[C@@H](N)C(=O)O,0.6156403406133576,-2.249513135871471,0.5228800617245362,-9.157055187178203,9.67993524890274,2.7723931975960068,-0.3821381792657671,-0.25303583908091176,-0.12910234018485534,9.157055187178203
CC(C)P(c1ccnn1-c1c(-c2ccccc2)nn(-c2ccccc2)c1-c1ccccc1)C(C)C,0.9223315194834997,0.3239718191040186,0.9658045270580824,-6.688557159667408,7.654361686725489,0.6418327079540638,-0.34891164273017883,-0.2578390024620311,-0.09107264026814771,6.688557159667408
CC(C)Cn1c(=[Pd-2](Cl)Cl)n(C)c2c1c(=O)n(C)c(=O)n2C,2.707524985943186,1.0464249409305717,1.309898621316594,-6.543059110050276,7.852957731366871,0.2634736803860222,-0.33016326373232935,-0.2938493032072435,-0.03631396052508584,6.543059110050276
Nc1ccccc1,0.7221730435942617,-2.1708578791564666,0.4243979152960859,-8.066394082758206,8.49079199805429,2.5952557944525525,-0.3593233537729107,-0.21562058316189214,-0.14370277061101855,8.066394082758206
O=P1([O-])Oc2ccc3ccccc3c2-c2c(ccc3ccccc23)O1,5.366143764857961,3.992679789500375,4.540204359328894,-7.861476485171222,12.401680844500115,0.5475245698285189,-0.400231980968464,-0.3978110564070646,-0.002420924561399418,7.861476485171222
O=C(N[C@@H]1CCCC[C@H]1NC(=S)Nc1cc(C(F)(F)F)cc(C(F)(F)F)c1)[C@@H]1CCCN1,2.9017422574182694,1.0453388591765718,1.3852489546598576,-7.240426835271185,8.625675789931043,0.33991009548328566,-0.36304924628502233,-0.3019559285070308,-0.06109331777799154,7.240426835271185
CC(=O)Oc1ccccc1-c1ccccc1-p1c2ccccc2c2ccccc21,0.8842272681247918,0.41936782758294466,1.0740587542587436,-7.231092038516055,8.3051507927748,0.654690926675799,-0.37005270556773384,-0.2596891853600827,-0.11036352020765117,7.231092038516055
c1cc(N2CCCC2)ccn1,2.093034872509842,-1.909447080767845,0.4152553709075485,-7.500547808016728,7.915803178924277,2.324702451675393,-0.35073222514905356,-0.2174401882441053,-0.13329203690494826,7.500547808016728
O=C(O)C(=O)O,2.2261923201504985e-05,0.32054805142343756,1.487588280210743,-10.900213580157134,12.387801860367878,1.1670402287873052,-0.4429386027408412,-0.32594473044818406,-0.11699387229265712,10.900213580157134
CCN(CC)c1ccncc1,1.954993924128137,-1.8643881435687257,0.42799875869865756,-7.53848110472005,7.966479863418709,2.2923869022673826,-0.35165664522810897,-0.21921887730545847,-0.1324377679226505,7.53848110472005
Oc1ccc2ccccc2c1C(c1ccccc1)N1CCCCC1,0.8061122857118134,-0.02258952769477851,0.8268850138038941,-6.682544277957939,7.509429291761833,0.8494745414986726,-0.3339318177825913,-0.26114786771048737,-0.07278395007210392,6.682544277957939
[Sm],0.0,2.1748274691252005,2.374594709013914,-4.568581368185489,6.943176077199405,0.1997672398887136,-0.2309791136690574,-0.1884883741620518,-0.042490739507005604,4.568581368185489
CC(C)(N)C(C)(C)N,1.0180608433195676e-05,-7.689774104093692,5.852519219604184e-05,-7.774865631887749,7.774924157079947,7.689832629285887,-0.35452105243216053,0.0022014853822809235,-0.35672253781444146,7.774865631887749
O=S(CCS(=O)c1ccccc1)c1ccccc1,2.6348269343629207,0.17232778566602658,1.0130329734915433,-7.57122568000425,8.584258653495793,0.8407051878255168,-0.37373481008574816,-0.2599910046136527,-0.11374380547209545,7.57122568000425
Br[Mg]c1ccccc1,2.4782213997079867,0.20483364161971185,1.0622099538437806,-7.861258909499854,8.923468863343636,0.8573763122240684,-0.37343657912225603,-0.2845602561209791,-0.0888763230012769,7.861258909499854
[S-2],0.0,2.1315172194714815,2.3765784775699768,-10.427421297098837,12.80399977466881,0.24506125809849538,-0.41812256079923593,-0.41812256079923593,0.0,10.427421297098837
O=C(NCc1ccccc1)C(=O)NCc1ccccc1,0.4222744280784806,0.11484946096843807,1.0134969492034684,-7.75652275502161,8.770019704225076,0.8986474882350305,-0.3823696805013579,-0.26955633103104876,-0.11281334947030913,7.75652275502161
c1ccc([C+](c2ccccc2)c2ccccc2)cc1,1.0276957770770882e-05,1.3790389138816135,1.4754136036027987,-6.0309524828124434,7.50636608641524,0.0963746897211853,-0.39647349205117566,-0.31471467513957807,-0.08175881691159759,6.0309524828124434
OC(Cc1ccccc1)(Cc1ccccc1)[C@@H]1Cc2ccccc2N1,0.6220103880428067,-0.44276085567172796,0.7242201457927797,-7.016925547568807,7.741145693361587,1.1669810014645075,-0.3539750114722559,-0.23046454472986458,-0.12351046674239133,7.016925547568807
O=C(O[IH]c1ccccc1[IH]OC(=O)C(F)(F)F)C(F)(F)F,3.3857030666323067,1.7152486292055755,1.7846103376035531,-6.830508588188751,8.615118925792306,0.06936170839797776,-0.35091873542916513,-0.31610612884449546,-0.03481260658466967,6.830508588188751
Cc1nn(C)cc1Cl,1.0207973654735611,-2.0101495032670393,0.48102596336625764,-8.31296564004399,8.793991603410246,2.491175466633297,-0.3816763202590295,-0.22367194176249935,-0.15800437849653012,8.31296564004399
N[C@@H](CS)C(=O)O,1.202025495542571,-0.7676873763220051,0.8252724982479734,-8.655062969308988,9.480335467556962,1.5929598745699785,-0.3838939328042353,-0.2660878997589337,-0.11780603304530157,8.655062969308988
FC(F)(F)C(F)(F)P(F)(F)(C(F)(F)C(F)(F)F)C(F)(F)C(F)(F)F,2.5159753410574264,0.15165650979030065,0.8506641035834356,-6.3354659346291715,7.186130038212609,0.6990075937931349,-0.3075782384359196,-0.2779459304477959,-0.029632307988123663,6.3354659346291715
Fc1c(F)c(F)c(C2=[N+](Cc3ccccc3)CCN2Cc2ccccc2)c(F)c1F,4.157059170714691,0.2821617998238226,0.6831422645004076,-4.543927557232347,5.227069821732756,0.40098046467658505,-0.39904542590636277,-0.2562753827967448,-0.142770043109618,4.543927557232347
O=P(O)(O)O,1.4751317701032307,-6.591915481686083,0.1508648359180597,-11.229724232629579,11.380589068547641,6.742780317604143,-0.4356320865717008,-0.053222575698255205,-0.3824095108734456,11.229724232629579
B1NCCO1,0.3242795389783772,-1.4616821105842481,0.6901176118644381,-9.096567207071109,9.786684818935548,2.1517997224486867,-0.37495056881203565,-0.2811857921665716,-0.09376477664546407,9.096567207071109
CCCCn1ccnc1,1.7452924881197207,-2.941162649744356,0.3321539299717887,-8.440619946089733,8.772773876061521,3.273316579716145,-0.3689149531546619,-0.19747861696046118,-0.1714363361942007,8.440619946089733
CC(C)(C)[C@H]1COC(c2ccc(C3=N[C@@H](C(C)(C)C)CO3)s2)=N1,0.3247110256663247,0.8015129091593947,1.2875636897840752,-7.513096663264552,8.800660353048626,0.4860507806246804,-0.3830431997741413,-0.29177542754526675,-0.09126777222887456,7.513096663264552
O=C([O-])[C@@H]1COCCN1,3.154736429101689,3.068409283463283,3.069842843547301,-8.945607862126797,12.015450705674096,0.0014335600840169969,-0.42814181313453975,-0.40292773938809373,-0.02521407374644602,8.945607862126797
CC(C)(C1=N[C@H](c2ccccc2)CO1)C1=N[C@H](c2ccccc2)CO1,0.6844542241355833,-0.2711046919409714,0.8454990746657886,-7.539667498841132,8.385166573506917,1.1166037666067599,-0.3916536647311418,-0.231132418960999,-0.16052124577014282,7.539667498841132
O=C1OC2(c3cc(I)c([O-])c(I)c3Oc3c2cc(I)c([O-])c3I)c2c(Cl)c(Cl)c(Cl)c(Cl)c21,1.841991592000404,5.026049357677659,6.759241222147655,-8.320006490989249,15.079247713136905,1.733191864469997,-0.42504259424355995,-0.42501219093987186,-3.0403303688086858e-05,8.320006490989249
C1=NCCCN2CCCCC12,0.7484461210088114,-1.9358830868529306,0.3881611739360292,-7.2876934774245505,7.675854651360578,2.32404426078896,-0.34027752036941256,-0.24633972769876344,-0.09393779267064911,7.2876934774245505
COc1cc(-c2cc(OC)cc([C@@H](O)C(C)(C)C)n2)nc([C@@H](O)C(C)(C)C)c1,2.381499967728259,0.2109419222941682,0.9951321381009846,-7.303135296555352,8.298267434656335,0.7841902158068164,-0.36573741859466546,-0.26949785789479885,-0.09623956069986661,7.303135296555352
N#N,3.001732196835701e-11,1.0939681965366361,2.1906837110967157,-13.86883995509919,16.059523666195908,1.0967155145600795,-0.49108190848465916,-0.4129330469180222,-0.07814886156663697,13.86883995509919
OB(O)c1ccc(C(F)(F)F)cc1C(F)(F)F,0.4261949514478368,0.4644905330964262,1.4236674343649698,-9.904447349228278,11.328114783593247,0.9591769012685436,-0.44042813296196104,-0.30199666786081436,-0.13843146510114668,9.904447349228278
Oc1c(C(O)(c2ccccc2)c2ccccc2)cc2ccccc2c1-c1c(O)c(C(O)(c2ccccc2)c2ccccc2)cc2ccccc12,2.43171403229878,0.8085550036733737,1.2049704972827555,-6.775870996943336,7.980841494226093,0.39641549360938194,-0.3666299120727462,-0.2712455379943212,-0.09538437407842498,6.775870996943336
CSCCC(CO)[N+](C)(C)Cc1ccccc1,4.305342808306657,-1.6585000476920753,0.014760740322801608,-2.3461741311427113,2.360934871465513,1.6732607880148769,-0.34050135953370414,-0.1877377253061873,-0.15276363422751685,2.3461741311427113
COc1ccc(C(O)(c2ccc(OC)cc2)[C@@H]2CCCN2Cc2cccc(C(F)(F)F)c2O)cc1,0.8355687003956813,0.049309737425223155,0.8530964076603664,-6.675374239447484,7.52847064710785,0.8037866702351433,-0.34020122613308645,-0.264577067262037,-0.07562415887104945,6.675374239447484
CCOC(=O)/C(C#N)=N/OS(=O)(=O)c1ccccc1[N+](=O)[O-],4.410332140980048,2.4042832010051205,2.4883291684595257,-9.378280453678137,11.866609622137661,0.08404596745440468,-0.4477904285687523,-0.35289582442503875,-0.09489460414371353,9.378280453678137
CC(=O)N[Si](C)(C)C,1.4809568198339738,-2.366057827047486,0.4099340540845353,-8.27282787205529,8.682761926139825,2.7759918811320214,-0.38696321443718745,-0.2143677479587036,-0.17259546647848384,8.27282787205529
c1ccc([Te][Te]c2ccccc2)cc1,0.42387963894467956,-0.22447269901187905,0.8146864196341179,-7.163628836831071,7.978315256465188,1.039159118645997,-0.3524348449278444,-0.2530080897984799,-0.0994267551293645,7.163628836831071
C[Si](OC(c1ccccc1)(c1ccccc1)[C@@H]1CCCN1)(c1ccccc1)c1ccccc1,1.2003782976791018,-0.23353623188837425,0.7640278984598553,-6.781734482359079,7.545762380818934,0.9975641303482295,-0.358489670075871,-0.23205718034660103,-0.12643248972927,6.781734482359079
CC(C)(C)OC(=O)N[C@@H](Cc1c[nH]c2ccccc12)C(=O)O,1.4614203045168086,-0.4150235474604429,0.7728100204788058,-7.338693008168274,8.11150302864708,1.1878335679392487,-0.36346939688694646,-0.25215401998762993,-0.11131537689931653,7.338693008168274
O=[N+]([O-])c1cc2c(Nc3ccc(OCc4ccccn4)c(Cl)c3)ncnc2cc1O,1.8376593920588538,2.308595077873245,2.3113445320188517,-7.255654455141164,9.566998987160018,0.0027494541456071775,-0.3817893987299357,-0.34733027403101446,-0.03445912469892126,7.255654455141164
C[C@@H](O[Si](C)(C)C)[C@@H](CP(c1ccccc1)c1ccccc1)NC(=O)c1cc(C(F)(F)F)cc(C(F)(F)F)c1,1.4761540025826987,1.3594383058313397,1.544330944479229,-6.955306060628137,8.499637005107365,0.18489263864788932,-0.3562263063290116,-0.3175232596821202,-0.03870304664689139,6.955306060628137
Cc1cc(C)c(-n2ccn(-c3c(C)cc(C)cc3C)c2=[Pd+2]c2ccccc2CN(C)C)c(C)c1,2.390278484549028,-0.171312383037594,0.4181724593886996,-3.8299783587361045,4.248150818124803,0.5894848424262936,-0.3085695981300147,-0.2403225670687296,-0.06824703106128513,3.8299783587361045
C[C@H]1[C@@H](C(O)(c2ccccc2)c2ccccc2)N=C2C=Cc3cc(C(F)(F)F)ccc3N21,1.7734375903780342,0.7800973150433048,1.2482447434224393,-7.2706260995596885,8.51887084298213,0.4681474283791345,-0.3715027674598539,-0.28735318905921625,-0.08414957840063764,7.2706260995596885
Cc1c(C)c2c(c(C)c1[O-])CCC(C)(C)O2,2.3647907289507013,1.7965820955747454,1.8589976235676575,-7.0019373310128135,8.860934954580472,0.06241552799291218,-0.368431427721257,-0.3423269580961561,-0.02610446962510088,7.0019373310128135
O=P(Oc1c(F)c(F)c(F)c(F)c1F)(c1ccccc1)c1ccccc1,2.644246236216066,1.0851657514757775,1.5440451787524025,-8.457985274814016,10.00203045356642,0.4588794272766248,-0.4133909273137737,-0.29921986409368656,-0.11417106322008713,8.457985274814016
B1C2CCCC1CCC2,0.15108477068761125,-2.101462405506189,0.39570996682754644,-7.660543707375091,8.056253674202638,2.4971723723337353,-0.36422000983418623,-0.24336516651157314,-0.12085484332261309,7.660543707375091
CO[Si](C)(OC)OC,0.4336490439976365,-4.801953823209439,0.1367426542704035,-8.63606414518097,8.772806799451375,4.9386964774798425,-0.39901891831000574,-0.11191835418856727,-0.2871005641214385,8.63606414518097
Fc1ccc(P(c2ccc(F)cc2)c2ccc(F)cc2)cc1,0.304818590454121,0.4078309588968416,1.1155968414524227,-7.608892087327499,8.724488928779923,0.7077658825555809,-0.3774395817623919,-0.262607021022067,-0.11483256074032488,7.608892087327499
CC(=NO)C(C)=NO,0.15802422875728558,-0.8504034078431171,0.8081578173866,-8.714024584152336,9.522182401538936,1.658561225229717,-0.39457567989897385,-0.2639534431783549,-0.13062223672061896,8.714024584152336
CCCCCCCCCCN(CCCCCCCCCC)c1ccncc1,1.9613580742767303,-1.829294223039621,0.37706353912890006,-6.985971746189708,7.363035285318608,2.206357762168521,-0.3506334282269773,-0.21780778962217834,-0.13282563860479896,6.985971746189708
CCC[PH+](CCC)CCC,0.449546440040707,-3.2862630844915737,0.06843368136658029,-1.643441525133536,1.7118752065001157,3.354696765858155,-0.4140508382969392,-0.14599548076593014,-0.26805535753100906,1.643441525133536
C#CN(C)S(=O)(=O)c1ccc(C)cc1,2.536807589101203,-0.515132669340562,0.8382642889897985,-8.128714373278807,8.966978662268605,1.3533969583303602,-0.3759935421233025,-0.25939985180239195,-0.11659369032091055,8.128714373278807
CCCCN(CCCC)N=CC=O,1.6587951920998427,0.26371900476870014,1.0250623389478208,-7.370195595781304,8.395257934729125,0.7613433341791207,-0.34182191690057023,-0.30927426427235327,-0.03254765262821696,7.370195595781304
C=CC=O,1.1723431810429652,-0.32475173139283964,1.1276407487344806,-9.95434110836413,11.08198185709861,1.45239248012732,-0.40752670331257856,-0.30375828639186747,-0.10376841692071109,9.95434110836413
O=S(=O)(C(c1c(F)c(F)c(F)c(F)c1F)S(=O)(=O)C(F)(F)F)C(F)(F)F,1.2222053008844345,1.9766279841611132,2.315217513832867,-10.825786161753387,13.141003675586257,0.33858952967175315,-0.49321979064476257,-0.35123912199026974,-0.14198066865449283,10.825786161753387
S=[Sn](c1ccccc1)c1ccccc1,2.983254375993194,0.5695451238360505,1.157687795725106,-7.361837740160862,8.519525535885967,0.5881426718890553,-0.35275863204739744,-0.2795396855483693,-0.07321894649902816,7.361837740160862
O=C(NC(=S)NC[C@@H]1CCCN1)c1ccccc1,3.5871900300081174,0.6343706244564284,1.1692469013661424,-7.2059125521261915,8.375159453492332,0.5348762769097141,-0.3464207088384728,-0.28705845327712115,-0.05936225556135166,7.2059125521261915
Ic1ccccc1,1.4245893934881577,-1.04834346869128,0.778504615007266,-8.932619220022772,9.711123835030037,1.826848083698546,-0.3994240854355507,-0.2493072280730173,-0.15011685736253338,8.932619220022772
Cc1cccc(C)c1-c1nc(Cl)nc(-c2c(C)cccc2C)n1,0.9862896712227276,0.71584544665581,1.2626864892315695,-7.65872673007852,8.921413219310091,0.5468410425757598,-0.39258626686920756,-0.28840781613830524,-0.10417845073090232,7.65872673007852
C=CCn1c(-[n+]2ccc(N(C)C)cc2)nc(=O)n(CC=C)c1=O,4.065698930632883,0.47058782173564584,0.8204831155052689,-4.954550391426395,5.775033506931664,0.3498952937696231,-0.379874219627879,-0.2773149508489676,-0.10255926877891136,4.954550391426395
c1cc[nH+]cc1,0.8804374710996995,-1.6974221431225867,0.2016427226941032,-4.979254992128032,5.180897714822134,1.8990648658166895,-0.3983280210848282,-0.23802355353641577,-0.1603044675484124,4.979254992128032
C[N+](C)(C)CC(=O)[O-],5.192432936259698,-2.91550128785276,0.30090552901624157,-8.054266795991591,8.355172325007832,3.2164068168690023,-0.3363404673178665,-0.18285193385525783,-0.15348853346260866,8.054266795991591
O=C(O)c1ccccc1Cl,0.8829436984111475,-0.0183406170447471,1.1239290447689463,-9.04630577404893,10.170234818817873,1.1422696618136934,-0.4103873750673823,-0.2794750364413778,-0.13091233862600454,9.04630577404893
C[Si](C)(C)OC(c1cc(C(F)(F)F)cc(C(F)(F)F)c1)(c1cc(C(F)(F)F)cc(C(F)(F)F)c1)[C@@H]1CCC[NH2+]1,7.799343845789847,0.2907457339688637,0.6695056506402631,-4.401553530612725,5.071059181252989,0.3787599166713994,-0.4174005020937816,-0.2626150742722727,-0.1547854278215089,4.401553530612725
CO[Si](OC)(OC)OC,9.025195920016146e-06,-5.063287634307292,0.1345700081111535,-8.946954329249074,9.081524337360229,5.197857642418445,-0.4198543156578302,-0.10156191423429059,-0.31829240142353965,8.946954329249074
CC(C)(C)OC[C@H](N)C(=O)O,0.6619919604916821,-2.160644395481376,0.4474546169419296,-8.271584837089677,8.719039454031606,2.608099012423305,-0.385595694135399,-0.2513553769207948,-0.13424031721460422,8.271584837089677
N#Cc1c(-n2c3ccccc3c3ccccc32)c(-n2c3ccccc3c3ccccc32)c(-n2c3ccccc3c3ccccc32)c(-n2c3ccccc3c3ccccc32)c1-n1c2ccccc2c2ccccc21,1.236912459076081,1.4584936808284743,1.5666634789204597,-6.4548085746899595,8.021472053610418,0.10816979809198535,-0.3697357433056802,-0.3017990024970577,-0.0679367408086225,6.4548085746899595
CCCC[PH+](C(C)(C)C)C(C)(C)C,0.22541100765645916,-3.0858878814566024,0.06986912840930014,-1.487109921383194,1.556979049792494,3.1557570098659022,-0.4039623506975938,-0.1479144424678892,-0.2560479082297046,1.487109921383194
CCN,0.6197568199913295,-9.85762678810514,0.0019149480783310995,-9.315661100646214,9.317576048724545,9.859541736183472,-0.365494393064125,0.05542066398481082,-0.42091505704893584,9.315661100646214
CN(C)C[C@@H](Nc1c(NCc2cc(C(F)(F)F)cc(C(F)(F)F)c2)c(=S)c1=S)C(C)(C)C,4.5901344659772985,1.510798463902895,1.6221702786708536,-6.678066395195069,8.300236673865925,0.11137181476795831,-0.34127613254282874,-0.3081210964520397,-0.033155036090789014,6.678066395195069
FC(F)(F)C(F)(F)C(F)(F)C(F)(F)C(F)(F)C(F)(F)F,3.620133380147436e-06,-2.3340431596786724,0.8596371608409947,-12.400298837443351,13.259935998284346,3.1936803205196673,-0.5438934036326024,-0.1969108593521588,-0.3469825442804436,12.400298837443351
O=S(=O)([O-])C(F)(F)C(F)(F)C(F)(F)C(F)(F)C(F)(F)C(F)(F)C(F)(F)C(F)(F)F,0.44113927118313784,6.371394481404941,7.515850583144022,-11.960640626750351,19.476491209894377,1.144456101739081,-0.5339394719158227,-0.5330897191606067,-0.0008497527552160378,11.960640626750351
CN(C)[C@@H]1CCCC[C@H]1Nc1nc(=O)c2cccc(F)c2[nH]1,2.456866816840676,-0.10907839469416736,0.8668071968996028,-7.255230185877419,8.122037382777023,0.9758855915937702,-0.3656776767263165,-0.2683055459325043,-0.09737213079381224,7.255230185877419
Cc1ccc(SC(Sc2ccc(C)cc2)[C@@H]2CCCN2)cc1,1.3119551044302038,0.020743073572166537,0.8764131044167522,-6.948827190900985,7.825240295317738,0.8556700308445857,-0.3563788346923197,-0.24834755774316464,-0.10803127694915504,6.948827190900985
OB(O)c1cccc2c1Sc1ccccc1S2,0.6878589514944253,-0.0005563662508318856,0.9061347133628832,-7.250746634903681,8.156881348266563,0.9066910796137151,-0.36038860029820524,-0.2576865544435603,-0.10270204585464493,7.250746634903681
O=C(O)[C@@H]1CCC(=O)N1C[C@@H]1CCCN1,0.9517040138851848,-1.155007170819951,0.6255124480416344,-7.8784068619269085,8.503919309968541,1.780519618861585,-0.36267493248004606,-0.2607595912911877,-0.10191534118885837,7.8784068619269085
CC(C)(C)P(c1ccccc1)C(C)(C)C,0.616363059210956,-1.0718832509572511,0.5255455359001353,-6.839081777279743,7.364627313179875,1.5974287868573864,-0.33324595137257346,-0.23600627582536374,-0.09723967554720972,6.839081777279743
Oc1ccccc1/C=N/c1cc(C(F)(F)F)ccc1C(F)(F)F,1.2270085691085912,1.298067348352637,1.6784053228675757,-8.61145451958007,10.289859842447642,0.38033797451493867,-0.40441213087061095,-0.30823532620172306,-0.0961768046688879,8.61145451958007
O=C(O)C(=O)Nc1c(F)cccc1F,1.110460512080924,0.8430108660754385,1.4856919071528687,-9.00836474310266,10.494056650255528,0.6426810410774303,-0.4141282285459338,-0.3105284490981788,-0.103599779447755,9.00836474310266
Nc1ccc(O)cc1,0.9414998892261683,-2.064311017166593,0.39847830600937817,-7.620785266717064,8.019263572726441,2.4627893231759708,-0.34970212565852926,-0.21971316444925548,-0.12998896120927378,7.620785266717064
[O-][Cl+3]([O-])([O-])OC(c1ccccc1)(c1ccccc1)c1ccccc1,2.48979288378609,0.4272290149026432,1.202657305999925,-8.246196086835736,9.44885339283566,0.7754282910972821,-0.4087026535983755,-0.2722983165277825,-0.13640433707059296,8.246196086835736
N[C@@H](c1ccccc1)[C@@H](NC(=S)NCc1ccccc1)c1ccccc1,2.1869189175374895,0.04774400286153835,0.8725670628713393,-6.8359612905889175,7.708528353460255,0.824823060009801,-0.3290099686158978,-0.2445816749573798,-0.084428293658518,6.8359612905889175
CC(C)C[C@@H](CN1CCCC1)NC[C@@H](N)Cc1ccccc1,0.9263458720982468,-1.8207830491468462,0.35768049913804567,-6.782383529713064,7.14006402885111,2.1784635482848924,-0.3404820257372635,-0.220720198741267,-0.1197618269959965,6.782383529713064
O=S(=O)(O)c1c(F)c(F)c(F)c(F)c1F,1.1355517031000315,1.4324014865005559,1.9992655623280222,-10.82294553548281,12.822211097810836,0.5668640758274665,-0.47789665832329914,-0.3409225338846359,-0.13697412443866325,10.82294553548281
CN(C)[C@H](c1ccccc1)[C@H](NC(=S)Nc1cc(C(F)(F)F)cc(C(F)(F)F)c1)c1ccccc1,3.272346986478225,1.069652204884175,1.3936547883930654,-7.192859065448399,8.586513853841465,0.32400258350889055,-0.36143560947350584,-0.30055442433715224,-0.0608811851363536,7.192859065448399
CN1CC=CC(I)=C1Cl,2.217846354621174,-0.6717772241189213,0.676765097095751,-7.200138699732978,7.8769037968287305,1.3485423212146723,-0.34974350588613395,-0.2574468460976113,-0.09229665978852264,7.200138699732978
[SiH3]c1ccccc1,0.1433122799899247,-1.145167107903923,0.7010331581056266,-8.49989988180425,9.200933039909877,1.8462002660095493,-0.39278240341061993,-0.23900967545763058,-0.15377272795298935,8.49989988180425
C[Si](C)(n1ccnc1)n1ccnc1,2.0443861697545973,-1.0593781961560018,0.6643379043493827,-7.997159589925129,8.66149749427451,1.7237161005053843,-0.3796244559243196,-0.22631444227037442,-0.15331001365394517,7.997159589925129
O=[N+]([O-])c1cc2cccnc2c2ncccc12,1.1373533107805915,1.766747957842492,1.9245236376395973,-8.135499129049752,10.060022766689347,0.15777567979710522,-0.38318104990645413,-0.3325201988084076,-0.05066085109804652,8.135499129049752
NC1Cc2ccccc2C1,0.526287150519162,-1.857632318525015,0.47276813164413894,-7.947255198371863,8.420023330016,2.330400450169154,-0.3677959966715739,-0.21822132483113693,-0.149574671840437,7.947255198371863
COc1ccc(-c2cc(OC)cc(B(O)O)c2I)cc1,2.147961950840674,0.3590914860992882,1.0656608894114308,-7.374490570026687,8.440151459438118,0.7065694033121426,-0.37368657088351404,-0.2812396975354237,-0.09244687334809032,7.374490570026687
CCOCC,0.5883791085165668,-8.516233409237735,0.0018610617764915733,-9.027307679730692,9.029168741507185,8.518094471014226,-0.39295559817194037,0.018021609728585134,-0.4109772079005255,9.027307679730692
[B]F,0.32556888613778767,-3.9630788380216693,0.49245048544411035,-11.85791590644665,12.350366391890763,4.455529323465779,-0.37547323265158594,-0.2896904136860272,-0.08578281896555873,11.85791590644665
CCP(C#N)CC,1.5976564055586349,-1.5324079116995812,0.5999658084749533,-8.45660769010226,9.056573498577213,2.1323737201745345,-0.38534267753324186,-0.24183292974251028,-0.14350974779073158,8.45660769010226
Cn1cc[n+](CCCCC(=O)O[C@H]2CN[C@@H](C(O[Si](C)(C)C)(c3ccccc3)c3ccccc3)C2)c1,5.171663075773552,-0.46597579954721,0.27127376531795655,-3.3399094357161623,3.6111832010341183,0.7372495648651666,-0.34339150926361267,-0.21575186278528483,-0.12763964647832785,3.3399094357161623
COc1cc(OC)c(P(c2c(OC)cc(OC)cc2OC)c2c(OC)cc(OC)cc2OC)c(OC)c1,0.8997794235469845,-0.4900264350139487,0.5670346968071129,-5.854977359621714,6.4220120564288266,1.0570611318210617,-0.3184023201231144,-0.22383928950231705,-0.09456303062079738,5.854977359621714
Cc1cccc(C)c1NC(=O)C(=O)NCc1ccccn1,0.916657861481324,0.4833648411769147,1.116689492231988,-7.347264666332,8.463954158563988,0.6333246510550734,-0.37778344772765843,-0.2760889290692834,-0.10169451865837503,7.347264666332
O=[N+]([O-])c1ccccc1B(O)O,1.70274788360911,1.68231550797333,1.9726437215688584,-9.235374513855481,11.208018235424339,0.2903282135955283,-0.41782272941899073,-0.3533118000293716,-0.06451092938961911,9.235374513855481
O=C(Cl)OCc1ccccc1,1.1077460357995186,-0.23982176037359615,1.0578285451039173,-9.157612714992986,10.215441260096902,1.2976503054775135,-0.41483531131813356,-0.2761748820816178,-0.13866042923651578,9.157612714992986
O=C(C(Br)(Br)Br)C(Br)(Br)Br,0.1354304555394326,2.7511335220457918,2.8042470597535303,-10.009582578736888,12.813829638490416,0.05311353770773814,-0.46223055394795387,-0.3848447121545218,-0.07738584179343205,10.009582578736888
O=C1CCC(=O)N1[Pd]Br,2.2642100227337365,2.9600133009936798,2.960567942653538,-8.72016939199535,11.68073733464889,0.0005546416598577969,-0.40687521042220814,-0.383179156749428,-0.02369605367278016,8.72016939199535
C=C(C)C(=O)N(C)c1ccccc1,1.5558588318452744,-0.7252083749604576,0.7457688166790443,-7.897811385126209,8.643580201805253,1.470977191639502,-0.37806932307874463,-0.24246536856558618,-0.13560395451315846,7.897811385126209
CC1(C)C(=O)OC2(OC1=O)C(C#N)(C#N)C2(C#N)C#N,1.014541641624602,2.108413248018869,2.3382149692066068,-10.176547103022214,12.514762072228818,0.22980172118773812,-0.46817123885172374,-0.33904363464592796,-0.12912760420579578,10.176547103022214
C#CN(C)S(C)(=O)=O,2.0637780671200217,-2.7515587675758533,0.397010293143407,-8.81176152180713,9.20877181495054,3.14856906071926,-0.3830550538685899,-0.18724865490276515,-0.19580639896582475,8.81176152180713
O=C1c2ccccc2[Te]2(c3ccccc3C(=O)N2c2cccc3cccnc23)N1c1cccc2cccnc12,1.716448828583697,1.8311435322571894,1.8317430019803007,-5.36327964872339,7.195022650703688,0.0005994697231114503,-0.3127142761276618,-0.3044616918245042,-0.008252584303157562,5.36327964872339
CC(C)(C)P(C(C)(C)C)C12CC3CC(CC(C3)C1)C2,0.591767907947544,-3.479686839068854,0.11433947733797001,-6.501225991802304,6.615565469140274,3.594026316406823,-0.32312410969322414,-0.13199172069379442,-0.19113238899942972,6.501225991802304
CN(C)c1cccc2cccc(N(C)C)c12,0.5888940804034701,-0.49661306189001486,0.6470794971843863,-6.526000665870791,7.17308016305518,1.143692559074401,-0.33417393074997515,-0.2493193324873926,-0.08485459826258254,6.526000665870791
Cn1cc[n+](C)c1Cl,0.7037978074451063,-2.8950460229393777,0.004961958467608952,-3.3947224788735824,3.399684437341191,2.9000079814069872,-0.37055695036725683,-0.18509772547192593,-0.1854592248953309,3.3947224788735824
O=P(Cl)(Oc1ccccc1)Oc1ccccc1,1.4496433706021958,-0.23250317385437302,0.9577035606771479,-8.333896258083644,9.291599818760792,1.190206734531521,-0.4085730033334454,-0.24485797153756375,-0.16371503179588162,8.333896258083644
CN(C)c1ccccc1-c1ccccc1[Pd-](Cl)P(C1CC2CCC1C2)C1CC2CCC1C2,2.7090959566646884,1.3743970557421594,1.4182915634136297,-5.29680895592316,6.715100519336789,0.04389450767147023,-0.33242542841683886,-0.30109583695399006,-0.031329591462848805,5.29680895592316
C(=C(\c1ccccc1)c1cccc(/C(=C/c2ccccc2)c2ccccc2)c1-c1ccccc1P(C1CCCCC1)C1CCCCC1)\c1ccccc1,0.5557046105648029,0.585211692691896,1.030501302956811,-6.246395773551669,7.2768970765084795,0.44528961026491504,-0.33963200442574715,-0.25458665706162226,-0.08504534736412489,6.246395773551669
[2H]Cl,0.3577943917273118,-4.526733124432667,0.410385260184583,-11.861948708498165,12.27233396868275,4.93711838461725,-0.43785451116977664,-0.14092078568333244,-0.2969337254864442,11.861948708498165
CS(=O)(=O)O[Pd]c1ccccc1-c1ccccc1N,2.5133129484574397,1.1607692833576362,1.4205740960865103,-6.9515789094937155,8.372153005580227,0.2598048127288742,-0.35408826774701063,-0.30631651053234127,-0.047771757214669364,6.9515789094937155
O=C([O-])c1ccc(S)cc1,2.9908085119144037,3.6066519602273672,3.6801531439112916,-9.03359290862904,12.713746052540332,0.07350118368392425,-0.4211943909990231,-0.41810874940157566,-0.0030856415974474527,9.03359290862904
O=c1c(NC2CCCCC2N2CCCCC2)c(NC2CCCCC2N2CCCCC2)c1=O,3.964927572010418,-1.0189613041236245,0.4950510475246628,-6.4621431739626765,6.957194221487339,1.5140123516482873,-0.3469021786557914,-0.24875127416885265,-0.09815090448693878,6.4621431739626765
CC(C)(C)[Si](OC[C@@H](N)CC(=O)O)(c1ccccc1)c1ccccc1,0.8632446076511096,-0.18437987646107956,0.8278158427118392,-7.1571438189461265,7.9849596616579674,1.0121957191729187,-0.37080094997090046,-0.24972632549982254,-0.12107462447107792,7.1571438189461265
CC(C)(C)[Si](OC[C@@H](N)CC(=O)[O-])(c1ccccc1)c1ccccc1,3.1678162965520364,3.2450705095106915,3.384641528273477,-7.544247368161873,10.92888889643535,0.13957101876278563,-0.3939853251080711,-0.39020946632349607,-0.003775858784575037,7.544247368161873
C=Cc1sc[n+](C)c1C,1.9418393284939333,-0.8110844807452757,0.33526996503397644,-4.6319650262684675,4.967234991302444,1.1463544457792523,-0.364193342374563,-0.2476384486775738,-0.11655489369698921,4.6319650262684675
CC(C)(C)OC(=O)N[C@@H](Cc1ccccc1)C(=O)O,0.5457916045157076,-0.58715606562793,0.8042660646600018,-8.035671330261057,8.839937394921058,1.3914221302879317,-0.39813603563507977,-0.25776693035811804,-0.14036910527696173,8.035671330261057
Cc1ccc(S(=O)(=O)N[C@H](c2ccccc2)[C@H](NC[C@@H](N)C(C)C)c2ccccc2)cc1,3.197860179200726,0.05179936823676723,0.9249251038144501,-7.242510147598745,8.167435251413195,0.8731257355776829,-0.3556611964939457,-0.25845527877900915,-0.09720591771493653,7.242510147598745
CCCCCCCC[n+]1ccn(-c2ccc(C(F)(F)F)cc2)c1I,4.219619634396081,-0.07336559426384692,0.5496994130298223,-4.613097995712991,5.162797408742814,0.6230650072936692,-0.4041898874519821,-0.2610059775130505,-0.1431839099389316,4.613097995712991
Cn1cc[n+](CCCCC(=O)OC2CCN([C@H]3CCCC[C@@H]3Nc3c(Nc4cc(C(F)(F)F)cc(C(F)(F)F)c4)c(=O)c3=O)CC2)c1,13.176284858450773,0.7178604210280328,0.8453620062858361,-3.9768126170855105,4.822174623371347,0.1275015852578033,-0.3428309838423385,-0.25748152793146434,-0.08534945591087417,3.9768126170855105
Cn1cc[n+](CCCCC(=O)OC2CCN([C@@H]3CCCC[C@H]3Nc3c(Nc4cc(C(F)(F)F)cc(C(F)(F)F)c4)c(=O)c3=O)CC2)c1,13.247822320909666,0.6804008595061495,0.8138565408360507,-3.8932894907873727,4.707146031623425,0.13345568132990132,-0.34239361627839676,-0.25558546879814975,-0.08680814748024701,3.8932894907873727
CN(C)C(n1nnc2ccccc21)=[N+](C)C,2.968832374109981,0.03685617988092993,0.641809108515045,-5.0228145656754695,5.664623674190514,0.6049529286341151,-0.35125303124464063,-0.2704130195421017,-0.08084001170253896,5.0228145656754695
COC(=O)[C@@H](N)CC(C)C,0.8097255554681225,-2.136694013366527,0.4582180649802549,-8.331282616809126,8.78950068178938,2.5949120783467823,-0.3746557161546506,-0.24808323964788367,-0.12657247650676692,8.331282616809126
CN(CCN(C)C(=O)OC(C)(C)C)Cc1cncc(Br)c1,0.7511282197733153,-0.045825738051838094,0.9072123446065447,-7.394046920356381,8.301259264962926,0.9530380826583827,-0.36480644027398884,-0.28254806726085896,-0.08225837301312988,7.394046920356381
CC(C)(C)c1ccc(P(c2ccc(C(C)(C)C)cc2)c2ccc(C(C)(C)C)cc2)cc1,0.8602599048227122,-0.24135365238819162,0.7458767678264376,-6.657299471708825,7.403176239535262,0.9872304202146294,-0.34825061209152036,-0.23484312195457968,-0.11340749013694068,6.657299471708825
c1ccc(CP(c2ccccc2)c2ccccc2)cc1,0.6492008277999688,-0.26741501245067045,0.8016163685156112,-7.176750840040324,7.978367208555935,1.0690313809662817,-0.3600407865391559,-0.24113958789081308,-0.11890119864834281,7.176750840040324
CC(C)c1cccc(C(C)C)c1OP(=O)(O)Oc1c(C(C)C)cccc1C(C)C,0.7189673220037325,-0.5192370081224826,0.7610297535213523,-7.511664212925304,8.272693966446655,1.280266761643835,-0.38862586123455445,-0.2285020217368129,-0.16012383949774156,7.511664212925304
N[C@H]1CCCC[C@@H]1NC(=Nc1ccccc1)Nc1ccccc1,1.2671042554579592,-0.8319919703385619,0.5886375566781439,-6.844379577204478,7.433017133882623,1.4206295270167058,-0.3519154682394471,-0.22368128826502928,-0.1282341799744178,6.844379577204478
CC(C)(C)[P+](CCCS(=O)(=O)O)(C(C)(C)C)[Pd-2](Cl)(Cl)[P+](CCCS(=O)(=O)O)(C(C)(C)C)C(C)(C)C,4.60450733385722,2.0876147966109713,2.089164773680062,-6.041425054889158,8.130589828569219,0.0015499770690907255,-0.33016338416958774,-0.3238761500464439,-0.006287234123143859,6.041425054889158
CCCCCCCCCC[n+]1ccn(CCCC)c1,0.14320533870887447,-3.6122971470628666,0.010039096162043161,-2.8896693485820073,2.8997084447440504,3.6223362432249098,-0.356228277194745,-0.1614373998070919,-0.19479087738765308,2.8896693485820073
O=C1NNN(O)c2ccccc21,1.3798077150254628,-0.3225878218053211,0.8554955517787284,-7.760229547805036,8.615725099583763,1.1780833735840495,-0.36205445980189443,-0.2680175858829706,-0.09403687391892385,7.760229547805036
[O-]c1ccc2ccccc2c1-c1c(O)ccc2ccccc12,2.0956959837957414,2.8388920855231348,2.891496673550995,-7.16706388438813,10.058560557939126,0.05260458802786027,-0.3794134676295487,-0.364831670007796,-0.014581797621752712,7.16706388438813
C[Se]CCC[SiH2]O[SiH3],1.4062865811983474,-1.6474994131527327,0.4620166426489726,-7.444503108020129,7.906519750669101,2.109516055801705,-0.3536022834425961,-0.1964184263713197,-0.15718385707127638,7.444503108020129
CCCOC(=O)Cl,1.167397937647258,-1.2219146533001246,0.8450549087219058,-9.888649623741761,10.733704532463666,2.06696956202203,-0.45135456559616055,-0.2769744104434996,-0.17438015515266098,9.888649623741761
CC(C)OP(OC(C)C)OC(C)C,0.7974390617108619,-3.753234052844034,0.1950061614192653,-8.043087568525246,8.238093729944513,3.948240214263299,-0.3763483208915537,-0.13864838918856182,-0.23769993170299186,8.043087568525246
CN1C(=O)[C@@H](Cc2ccccc2)NC1(C)C,1.7492968201688237,-1.1761924175619,0.5856992628175045,-7.582364732550516,8.168063995368021,1.7618916803794047,-0.3684726570770422,-0.22226074398956647,-0.14621191308747572,7.582364732550516
CCOc1ccccc1CN1C=[N+](Cc2ccccc2OCC)CCC1,0.9062768259425809,-1.0474726458573747,0.11005100170984225,-2.915327236937034,3.0253782386468764,1.1575236475672168,-0.35703593704627773,-0.20822269252785577,-0.14881324451842196,2.915327236937034
CCON=C=NCCCN(C)C,0.43534789358596143,-1.5856408493625231,0.4598603510290943,-7.304556238528983,7.764416589558079,2.0455012003916178,-0.34751881117724587,-0.25058505540880793,-0.09693375576843793,7.304556238528983
COCCn1c(=[Pd](Cl)Cl)n(Cc2cccc(OC)c2)c2ccccc21,3.457747876895068,1.6395053245171791,1.7052653889045826,-6.52103888808168,8.226304276986264,0.06576006438740352,-0.337285558086347,-0.3203966760659619,-0.016888882020385132,6.52103888808168
CC(C)(C)OC(=O)N1CCC[C@H]1C(NCc1ccccc1)(c1ccccc1)c1ccccc1,1.2638243302707228,-0.4335932383801122,0.7244014375271534,-6.994755747434356,7.71915718496151,1.1579946759072655,-0.34952375660533963,-0.22879627543246794,-0.12072748117287169,6.994755747434356
c1ccc([C@H]2COC(c3ccccc3Nc3ccccc3C3=N[C@@H](c4ccccc4)CO3)=N2)cc1,1.1006149710177133,0.5220556095157001,1.068004820843639,-6.804341226510843,7.8723460473544815,0.5459492113279389,-0.3564432615860939,-0.26448665631975865,-0.09195660526633526,6.804341226510843
Cc1cc(C(C)(C)C)c(OC(c2c(C(C)(C)C)cc(C)cc2C(C)(C)C)C(CO)(COP(O)O)COP(O)O)c(C(C)(C)C)c1,1.6727849543326376,0.34104193412298134,0.9267573527929523,-6.313029576229898,7.239786929022851,0.5857154186699709,-0.33913591336084414,-0.2768813077779991,-0.06225460558284507,6.313029576229898
C[C@H](NC(=S)NC1CCCC[C@H]1N)c1ccccc1,2.2962531177965393,-0.7579477523324307,0.6292435044395298,-7.012045985824491,7.641289490264019,1.3871912567719606,-0.32703753812396785,-0.23380097889118395,-0.0932365592327839,7.012045985824491
CSc1ccccc1CC(=O)O,1.2846963677965595,-0.5349818112936324,0.8012945511839058,-7.879243911055498,8.680538462239408,1.3362763624775384,-0.3598947727230187,-0.2472375232319845,-0.11265724949103417,7.879243911055498
CN(Cc1ccccc1)C(=O)[C@@H](NC(=S)Nc1cc(C(F)(F)F)cc(C(F)(F)F)c1)C(C)(C)C,2.222518448587357,1.1413745898552081,1.469896803627226,-7.5178349067460815,8.987731710373309,0.3285222137720181,-0.3603618834926088,-0.3067105742061091,-0.05365130928649969,7.5178349067460815
C[SiH](C)O[SiH](C)C,0.05418782836558668,-2.850402887832372,0.3101917311584358,-8.051756266727242,8.361947997885677,3.160594618990808,-0.3901963489347925,-0.16308258454798388,-0.2271137643868086,8.051756266727242
CCC(=O)O,0.7113361970487272,-2.58655456909547,0.5594132458269135,-10.1306505291818,10.690063775008712,3.1459678149223835,-0.4245190161307948,-0.24172473162652833,-0.18279428450426646,10.1306505291818
CC(C)(C)P(c1cn(CC2=CC=CCC2)nn1)C(C)(C)C,2.1687193499320356,-0.2274866325698781,0.7443037727337717,-6.60660064022542,7.350904412959191,0.9717904053036498,-0.3368391406924196,-0.2598801501600168,-0.0769589905324028,6.60660064022542
CC(C)(C)P(c1cn(Cc2ccccc2)nn1)C(C)(C)C,1.2896651297201303,-0.4639624494951997,0.7031725561658351,-6.900346491955615,7.603519048121448,1.1671350056610346,-0.3423336269845206,-0.2465787679928105,-0.09575485899171007,6.900346491955615
OC(c1ccccc1)(c1ccccc1)[C@@H]1CCc2n[n+](-c3ccccc3)cn21,2.026244986672513,-0.002835488372524786,0.4906219383114838,-3.9334738015255226,4.424095739837007,0.49345742668400866,-0.3732819329402808,-0.2422436250882545,-0.13103830785202628,3.9334738015255226
C[N+]1([C@H](c2ccccc2)[C@H](O)c2ccccc2)CCCCCC1,3.112874355793968,-1.4127508308081618,0.04489046997485551,-2.6155171129413457,2.6604075829162017,1.4576413007830173,-0.35623284879423056,-0.19844878172445996,-0.1577840670697706,2.6155171129413457
CC(C)c1cccc(C(C)C)c1N1[C]N(c2c(C(C)C)cccc2C(C)C)CC1,0.9600654160710793,-0.5195499713975824,0.67099134127745,-6.7786358373868385,7.449627178664288,1.1905413126750324,-0.3281523620036713,-0.2356920610164546,-0.09246030098721672,6.7786358373868385
CC(C)(C)N1N(Cl)P(C(C)(C)C)P1Cl,0.19440866909827836,-0.04147964885406363,0.8653988085183486,-7.046658462257385,7.912057270775735,0.9068784573724122,-0.35068981806591365,-0.2557544827090873,-0.09493533535682636,7.046658462257385
Fc1c(F)c(F)c([B-](c2c(F)c(F)c(F)c(F)c2F)(c2c(F)c(F)c(F)c(F)c2F)c2c(F)c(F)c(F)c(F)c2F)c(F)c1F,0.13660908501852936,6.382728306188991,9.446932027633128,-9.883912740608755,19.330844768241885,3.064203721444139,-0.4800648844813447,-0.47946332843074013,-0.0006015560506045792,9.883912740608755
Fc1c(F)c(F)c([P+](F)(c2c(F)c(F)c(F)c(F)c2F)c2c(F)c(F)c(F)c(F)c2F)c(F)c1F,0.4542116287201901,2.6367352201316825,2.7039473081486163,-6.473824669677777,9.177771977826396,0.06721208801693403,-0.4785077085548205,-0.34503420429626813,-0.13347350425855237,6.473824669677777
C=C[C@H]1C[N@]2CC[C@H]1C[C@H]2C(NC(=O)Nc1cc(C(F)(F)F)cc(C(F)(F)F)c1)c1ccnc2ccccc12,2.3508342298957694,1.4269952303002853,1.6111038348637923,-7.195926308709753,8.807030143573547,0.18410860456350694,-0.36893226295094766,-0.29984170880834893,-0.06909055414259874,7.195926308709753
Brc1ccc([NH+](c2ccc(Br)cc2Br)c2ccc(Br)cc2Br)c(Br)c1,1.4201094155941567,1.3646554506414033,1.382081356583144,-4.784431053384049,6.1665124099671935,0.01742590594174074,-0.4162097129134202,-0.2902228554430348,-0.1259868574703854,4.784431053384049
CCCNCCC,0.4203037681470039,-8.297233155446808,0.00015207088329356324,-8.155754665470553,8.155906736353845,8.297385226330102,-0.3498024427867657,0.023725860250688794,-0.3735283030374545,8.155754665470553
CC1(C)CC(O)(c2ccccc2)CC(C)(C)P1,1.1131314917465231,-1.2623547126170802,0.5377865811272369,-7.349167347998874,7.886953929126112,1.800141293744317,-0.3594129170029131,-0.23127236817477007,-0.12814054882814305,7.349167347998874
Cc1cccc(N)c1-c1c(C)cccc1N,0.08183259296793875,-1.3078503406251492,0.48604376384823056,-6.987072474668391,7.47311623851662,1.7938941044733796,-0.3519003859176351,-0.21417904925839548,-0.13772133665923963,6.987072474668391
CC(N)=O,1.7048972767868409,-3.3053946964501515,0.41891344535705094,-9.977307486786154,10.396220932143205,3.724308141807203,-0.3950758750210687,-0.21049931581025977,-0.18457655921080895,9.977307486786154
N[C@H](c1ccccc1)[C@H](NC(=S)Nc1cc(C(F)(F)F)cc(C(F)(F)F)c1)c1ccccc1,1.2030156664632847,1.2135184381790207,1.5017788664761944,-7.425412885290482,8.927191751766673,0.28826042829717374,-0.36116402096016964,-0.31032452975566754,-0.050839491204502096,7.425412885290482
Cc1ccccc1Cn1c(=[Pd-2](Br)Br)n(CCc2ccc([N+](=O)[O-])cc2)c2ccccc21,6.38235290943656,2.4904568274193997,2.498881351354049,-6.924697858482704,9.423579209836754,0.008424523934649578,-0.3482328090345315,-0.3392424389938962,-0.008990370040635298,6.924697858482704
CN1CCN(C)CC1,1.5895576032614348e-05,-7.822637473496098,0.0013018751388284427,-7.424146232399879,7.425448107538709,7.823939348634927,-0.3477347739685921,0.009699412404974267,-0.3574341863735664,7.424146232399879
NP(=O)(Cl)N(N1CCOC1=O)N1CCOC1=O,4.459617436442201,-1.0294220979424118,0.7807695872325708,-8.907863927988986,9.688633515221557,1.8101916851749826,-0.42343338173581907,-0.23638787564204136,-0.1870455060937777,8.907863927988986
Nc1ccccc1C(=O)O,0.47278800239633906,-0.3404509479339355,0.9143358381970293,-8.282271450350676,9.196607288547703,1.2547867861309647,-0.37307340249700105,-0.27012083768700107,-0.10295256480999998,8.282271450350676
CC[Al](CC)CC,0.3443126391297576,-1.5035676896769496,0.4546744215224503,-7.096626458886359,7.551300880408808,1.9582421111994004,-0.3447535846486407,-0.24437622613341256,-0.10037735851522814,7.096626458886359
O=[SH](=O)Nc1ccccn1,2.1859721301789663,-0.4011594684005457,1.005802624156637,-9.182732985702046,10.188535609858683,1.4069620925571824,-0.4054989447705885,-0.2798728623384095,-0.125626082432179,9.182732985702046
C=CCn1c(OC(C)C)nc([N+]2(C)CCOCC2)nc1=O,4.1839069945960246,-1.450885120331456,0.14131471549532781,-3.913515919752845,4.054830635248173,1.5921998358267835,-0.33859905226602804,-0.21815870052011685,-0.1204403517459112,3.913515919752845
O=P(O)(c1ccccc1)c1ccccc1,1.7442851502564287,0.08734990453712133,1.0747413916124129,-8.332179702692477,9.40692109430489,0.9873914870752917,-0.4004092176562296,-0.2619296313208656,-0.138479586335364,8.332179702692477
CC1(C)O[C@H]2O[C@H](NC(=S)Nc3cc(C(F)(F)F)cc(C(F)(F)F)c3)[C@@H](NCc3ccccc3)[C@H]2O1,2.9677366893672423,1.1594653275098352,1.477787133548978,-7.495146329945346,8.972933463494325,0.3183218060391429,-0.3673855027513382,-0.3028390551846173,-0.0645464475667209,7.495146329945346
CC(C)(C)P(CCCCCCP(C(C)(C)C)C(C)(C)C)C(C)(C)C,1.0559813615128115,-2.7778213140992727,0.14129236337993614,-5.911876815588398,6.053169178968334,2.9191136774792095,-0.32518255682841407,-0.1395043666477231,-0.18567819018069098,5.911876815588398
Cc1cc(C)c(Cn2c(=[Pd-2](Br)Br)n(CCc3ccc(O)cc3)c3ccccc32)c(C)c1,3.9030770343545433,1.0252530025756732,1.273004748820835,-6.313146724458168,7.586151473279003,0.24775174624516155,-0.3277608102169969,-0.29494817550392505,-0.03281263471307183,6.313146724458168
Nc1cccnc1N,1.8451992419093945,-1.5157258282341153,0.5550421860800344,-8.02422964440587,8.5792718304859,2.0707680143141496,-0.35995568319002963,-0.24148891015364227,-0.11846677303638736,8.02422964440587
COc1c(CN2CCC[C@H]2C(O)(c2ccccc2)c2ccccc2)cccc1C(F)(F)F,1.4700507614406197,0.2818586601794788,1.0417465864106845,-7.444027859856584,8.485774446267268,0.7598879262312057,-0.36813966305205087,-0.26951619730846876,-0.0986234657435821,7.444027859856584
O=S(=O)(Cl)C(F)(F)F,0.5167597518293127,0.9848228990114833,1.9154777223533583,-12.017722531446019,13.933200253799376,0.9306548233418751,-0.4956181174074271,-0.3160590458426287,-0.1795590715647984,12.017722531446019
CCOP(OCl)OCC,0.7891808425018909,-0.47274608153870457,0.919803914391725,-8.678988025299208,9.598791939690933,1.3925499959304293,-0.3991068189055804,-0.2797643089455094,-0.11934250996007101,8.678988025299208
COc1ccccc1P(c1ccccc1)c1ccccc1,0.8292662353410251,-0.17511885882820089,0.7979755036930469,-6.891802771133925,7.6897782748269705,0.9730943625212478,-0.34943760112852473,-0.24495882975159056,-0.10447877137693418,6.891802771133925
[OH3+],0.3214469566360553,-7.629759916569033,0.8248593838461222,-0.3659615335096076,1.1908209173557298,8.454619300415157,-0.5104379986999071,-0.04223587851805375,-0.46820212018185337,0.3659615335096076
C[PH+](C(C)(C)C)C(C)(C)C,0.4733223275404646,-3.3755662268323836,0.09060830230474225,-1.4963422291544397,1.5869505314591819,3.466174529137126,-0.402653810934356,-0.1414100764242685,-0.2612437345100875,1.4963422291544397
CC(C)(C)C1(C(C)(C)C)COCCOCCOCCOc2ccccc2Oc2ccccc2O1,1.4455828407284286,-0.5266831712686315,0.7118744838152408,-7.130131247600685,7.842005731415923,1.2385576550838722,-0.37607337637078125,-0.23831173752050705,-0.1377616388502742,7.130131247600685
O=C(NCCNC(=S)Nc1ccccc1)[C@@H]1CCCN1,2.6061136443543735,-0.03559666613328716,0.8775075548380991,-7.126142719288289,8.003650274126388,0.9131042209713861,-0.34035457626058213,-0.25883139966936874,-0.08152317659121339,7.126142719288289
CC(Cn1cc[n+](C)c1)OCc1ccccc1,2.7932094932234683,-1.482032085173734,0.08313773283480068,-3.257494906661117,3.3406326394959174,1.5651698180085347,-0.3662408770525375,-0.19934837582391227,-0.16689250122862523,3.257494906661117
ClCl,2.3642766707597644e-14,0.3515334183185388,1.5182005236981715,-11.044778211160885,12.562978734859055,1.1666671053796327,-0.44087341655752904,-0.3176968919277219,-0.12317652462980716,11.044778211160885
O=C(Oc1ccccc1)c1ccncc1,0.9974838951793271,0.6588208202579517,1.2979566219882488,-8.176236203811266,9.474192825799516,0.6391358017302967,-0.3835182908531822,-0.30096577314405226,-0.08255251770912991,8.176236203811266
CN(C)c1ccnc(C[C@@H]2CCCN2)c1,1.304291695736808,-1.8027166822312082,0.3836337983873075,-7.000601030825525,7.384234829212831,2.1863504806185157,-0.34927266691665176,-0.21801266179139603,-0.13126000512525574,7.000601030825525
CC(=O)N[C@H](C(=O)O)C(C)C,1.8279857485787059,-1.3358477115311524,0.6629148942220595,-8.591869570200265,9.254784464422322,1.9987626057532115,-0.3939964457408484,-0.2536654540665015,-0.14033099167434693,8.591869570200265
CN(C)c1ccccc1-c1ccccc1P1[C@]2(C)C[C@@]3(C)O[C@](C)(C[C@]1(C)O3)O2,0.9136871371741412,-0.20139325839463051,0.7620609432526848,-6.677081134962691,7.439142078215377,0.9634542016473153,-0.34651723014200264,-0.24913170593096362,-0.09738552421103902,6.677081134962691
CC(C)[C@H]1COC(C(CC2=N[C@@H]3c4ccccc4C[C@@H]3O2)(Cc2cc(C(C)(C)C)cc(C(C)(C)C)c2)C2=N[C@@H](C(C)C)CO2)=N1,1.1520331985963437,-0.31612256043250664,0.767826904843593,-7.036617624550852,7.804444529394447,1.0839494652760997,-0.3724276217653863,-0.23041138590661275,-0.14201623585877354,7.036617624550852
COc1ccccc1SC(Sc1ccccc1OC)[C@@H]1CCCN1,2.084923250794355,0.011467502567723109,0.8405857296747974,-6.690204570125063,7.530790299799863,0.8291182271070743,-0.34710633721768414,-0.24911706237637338,-0.09798927484131076,6.690204570125063
O=C1c2ccccc2S(=O)(=O)N1S(=O)(=O)O,3.452692720901834,1.5959426940125345,1.9947563580330774,-9.950795937300324,11.945552295333401,0.39881366402054264,-0.45592406488108156,-0.336185305857211,-0.11973875902387054,9.950795937300324
c1ccc(P(c2ccccc2)C2CCCCC2)cc1,0.628794562422576,-0.3434340996795342,0.7730866582484406,-7.152052631469839,7.925139289718279,1.1165207579279748,-0.35457228071199576,-0.2437009285143941,-0.11087135219760166,7.152052631469839
Cc1ncc(=O)n(O)c1C,1.60792441962995,-0.25460841499305875,0.961801488629161,-8.428373937734056,9.390175426363214,1.2164099036222196,-0.38071874012487167,-0.28386895717314736,-0.0968497829517243,8.428373937734056
Cc1cc2c(c(P(c3ccccc3)c3ccccc3)c1C)C(P(c1ccccc1)c1ccccc1)c1ccccc1O2,0.6596148156763578,0.35040903191332884,0.9034222764653299,-6.09058829006776,6.994010566533089,0.5530132445520012,-0.34087698099995284,-0.2464044924276521,-0.09447248857230073,6.09058829006776
COc1nc(Cl)nc(N2CCCCC2=O)n1,3.2253838600051212,0.4508511752604534,1.2331434691457024,-8.410444902074362,9.643588371220066,0.782292293885249,-0.3972005743299965,-0.2907249313422699,-0.1064756429877266,8.410444902074362
CC1CCC(C(C)C)C(P(c2ccccc2Cl)C2CC(C)CCC2C(C)C)C1,1.1615876794701587,-0.6094367552460076,0.6292206946860137,-6.65763974291869,7.286860437604704,1.238657449932021,-0.3404573120850537,-0.2468474128550476,-0.0936098992300061,6.65763974291869
CC(C)CO,0.6799247942279344,-8.917438156820634,0.0007584530305230294,-9.249446940526688,9.25020539355721,8.918196609851158,-0.40569249560044723,0.032656277811521334,-0.43834877341196854,9.249446940526688
COc1ccc(S(=O)(=O)[O-])c(OC)c1-c1ccccc1P(C1CCCCC1)C1CCCCC1,6.812383246658143,3.524815249810066,3.892568544308253,-7.259638360407303,11.152206904715557,0.36775329449818644,-0.38080586031303065,-0.37955570915535497,-0.001250151157675683,7.259638360407303
O=C1C(Cl)=C(Cl)C(=O)C(Cl)=C1Cl,1.115580137493205e-06,3.2580067566463438,3.263033103347003,-9.281857981819279,12.54489108516628,0.0050263467006590205,-0.4372545705291372,-0.38793034916779173,-0.049324221361345455,9.281857981819279
O=C(O)c1ccccc1B(O)O,1.427684878856261,0.3209180596784238,1.2188253653884962,-8.738911475562395,9.957736840950892,0.8979073057100722,-0.40351959372839147,-0.2908620508578981,-0.11265754287049334,8.738911475562395
c1ccc([C@H]2N=C(CC3=N[C@H](c4ccccc4)[C@H](c4ccccc4)O3)O[C@H]2c2ccccc2)cc1,0.9314208065802442,0.16339907772544304,0.9772223248583523,-7.31264313816556,8.289865463023911,0.8138232471329092,-0.3913184149670681,-0.23882129568239968,-0.15249711928466841,7.31264313816556
Cc1cc(C)c(Cn2c(=[Pd-4](Cl)(Cl)=c3n(Cc4c(C)cc(C)cc4C)c4ccccc4n3C(C)CN(C)C)n(C(C)CN(C)C)c3ccccc32)c(C)c1,4.112113596203046,0.22171199726119628,0.6997806022052324,-4.890998572881978,5.59077917508721,0.4780686049440361,-0.28682553618267975,-0.2476768144097872,-0.03914872177289255,4.890998572881978
O=P1(O)Oc2c(-c3ccc(-c4ccccc4)cc3)cc3ccccc3c2-c2c(c(-c3ccc(-c4ccccc4)cc3)cc3ccccc23)O1,1.4384567386774576,1.2293573994291496,1.4360909093521719,-6.694503847095618,8.130594756447792,0.20673350992302225,-0.37333489528738334,-0.28634818284220315,-0.08698671244518019,6.694503847095618
C[Si](C)(C)OC(c1ccccc1)(c1ccccc1)C1CCCN1,0.7785251649429569,-0.7021650536814281,0.6555195496704803,-7.097811960700406,7.753331510370887,1.3576846033519085,-0.3512955826528844,-0.23106945742653362,-0.12022612522635079,7.097811960700406
O=S(=O)(O)c1nc2ccccc2s1,2.7005806313176954,0.9428886921527475,1.5517515128849113,-9.152158106520105,10.703909619405014,0.6088628207321636,-0.42162552639221185,-0.30963628024600565,-0.1119892461462062,9.152158106520105
O=S(=O)([O-])c1ccccc1P(c1ccccc1S(=O)(=O)[O-])c1ccccc1S(=O)(=O)[O-],6.259823880178417,5.385283901696354,7.396257438923678,-8.77318279714282,16.1694402360665,2.010973537227324,-0.4397808479896745,-0.4397794210097143,-1.4269799601951405e-06,8.77318279714282
C1CCN(P(N2CCCCC2)N2CCCCC2)CC1,0.5961100754142806,-4.026280903062666,0.05596382556990976,-6.162027549229304,6.2179913747992135,4.082244728632577,-0.31235627463370713,-0.11475063400719211,-0.19760564062651503,6.162027549229304
CC(C)CCCCc1cccc(CCCCC(C)C)c1-n1c(Cl)c(Cl)n(-c2c(CCCCC(C)C)cccc2CCCCC(C)C)c1=[Pd-]c1ncccc1Cl,1.4213161100757596,0.7364558961626537,0.9400245582038882,-4.7734287995081495,5.713453357712039,0.20356866204123444,-0.319928192808742,-0.27743946719333223,-0.042488725615409784,4.7734287995081495
CCO,0.7985778730436159,-9.7927308283498,0.00034427211908460493,-10.026365798231893,10.02671007035098,9.793075100468883,-0.41180075177990466,0.048519533211919055,-0.4603202849918237,10.026365798231893
COc1ccc(C)c(-c2c(C(C)C)cc(C(C)C)cc2C(C)C)c1P(C1CCCCC1)C1CCCCC1,0.785785962865734,-0.7470470872363499,0.49854326842414554,-5.893313273843342,6.391856542267489,1.2455903556604955,-0.31319720936188017,-0.2224801497241806,-0.09071705963769958,5.893313273843342
CC(C)[PH+](C(C)C)C(C)C,0.3568069958287192,-3.214987438326422,0.08515428808682476,-1.4351472086984272,1.520301496785252,3.3001417264132478,-0.4042911384379151,-0.1433122444096563,-0.2609788940282588,1.4351472086984272
Clc1nc(Oc2ccccc2)nc(Oc2ccccc2)n1,1.2210706293657247,0.627936759135963,1.2898367711572705,-8.227338840677408,9.517175611834677,0.6619000120213073,-0.41075481646723366,-0.29485126569712744,-0.11590355077010622,8.227338840677408
CC(C)[C@H]1COC(C(=Cc2cccs2)C2=N[C@@H](C(C)C)CO2)=N1,0.7253041211662902,0.5697320547419036,1.1792870434870375,-7.538794129443438,8.718081172930475,0.6095549887451339,-0.38214057637237037,-0.28456528385610014,-0.09757529251627023,7.538794129443438
CCCCCCN,0.5444747284988034,-8.636355802410264,0.0011093479078825078,-8.249243373070547,8.250352720978427,8.637465150318146,-0.3626345802194323,0.03674095256517931,-0.3993755327846116,8.249243373070547
CN1C(=O)[C@H](CSCc2ccccc2)NC1(C)C,2.2394880150447483,-0.7243894334068459,0.6706067666674552,-7.275653826706389,7.946260593373844,1.3949962000743015,-0.350886663139753,-0.23319501849462926,-0.11769164464512372,7.275653826706389
C[n+]1ccccc1,0.9673786327964308,-1.639666885335497,0.19038923417157066,-4.762318426086418,4.952707660257989,1.8300561195070673,-0.39427004955289047,-0.23531931053032992,-0.15895073902256054,4.762318426086418
CCCCC[n+]1cn(CCCc2ccccc2)c2ccccc21,1.1439649532520024,-0.6602776450379455,0.2781418123793496,-3.816424846142626,4.094566658521975,0.938419457417295,-0.360871787482187,-0.22617627288158884,-0.13469551460059817,3.816424846142626
O=C(NCCNC(=O)c1ccccc1O)c1ccccc1O,3.1894993182518143,0.3829914774045742,1.088765720292872,-7.478460547994768,8.56722626828764,0.7057742428882978,-0.38449783289138634,-0.26138091237425193,-0.12311692051713441,7.478460547994768
CC(C)B(Cc1ccccc1B(O)O)C(C)C,0.5358642195448816,-0.9298158329532944,0.6364054923549086,-7.468936225899899,8.105341718254808,1.5662213253082027,-0.37500978252952,-0.24172262408354384,-0.13328715844597616,7.468936225899899
O[C@@H]1Cc2ccccc2[C@@H]1N1CCCC1,1.101691807155972,-1.551355413955351,0.5120710167795287,-7.7113220961324895,8.223393112912015,2.0634264307348795,-0.36101270128311796,-0.22792881665204792,-0.13308388463107004,7.7113220961324895
Cc1ccccc1P,0.7319509013459009,-0.8694868424383015,0.7584852675774331,-8.348277267178634,9.106762534756067,1.627972110015734,-0.38992650555357117,-0.24158962889894356,-0.1483368766546276,8.348277267178634
C[C@@H](O[Si](c1ccccc1)(c1ccccc1)C(C)(C)C)[C@H](N)C(=O)O,0.6318200722615502,-0.17153402690681485,0.8275117388504432,-7.1185513672591405,7.946063106109585,0.9990457657572579,-0.36631738131636105,-0.25794000908545095,-0.1083773722309101,7.1185513672591405
O=C(O)CCl,0.7784475739361704,-0.8545262681113601,0.9823975074396208,-10.157516470509677,11.139913977949297,1.8369237755509809,-0.4290147009889163,-0.278282194303758,-0.1507325066851583,10.157516470509677
O=C1c2ccccc2C(=O)N1OC[C@@H]1CCCN1,1.7691950745227025,1.2410822379539015,1.5684286448231786,-7.898764177284162,9.46719282210734,0.32734640686927685,-0.36055005624444736,-0.3230537538606993,-0.03749630238374807,7.898764177284162
C#CN(CC1COC(C)(C)O1)S(=O)(=O)c1ccc(C)cc1,1.9108788020415937,-0.3294979986884474,0.8609808253490591,-7.823072031652313,8.684052857001372,1.1904788240375064,-0.37688090802115615,-0.26480506806879406,-0.11207583995236209,7.823072031652313
O=[PH](O)O,0.83182509425983,-4.257950377716772,0.37819781853535644,-11.067353601743418,11.445551420278775,4.63614819625213,-0.4366611052976185,-0.14005789241441885,-0.29660321288319963,11.067353601743418
O=C(O)c1ccccc1-c1cc(O)c(-c2c(O)cc(-c3ccccc3C(=O)O)c3ccccc23)c2ccccc12,1.0400933087006403,0.9614594490871529,1.2782489207514534,-6.6969188778771365,7.97516779862859,0.31678947166430044,-0.3592439757857854,-0.27187599612816316,-0.08736797965762222,6.6969188778771365
c1c[nH]nn1,1.7703095102074609,-1.8833243377098041,0.6791100136640167,-9.876391841598377,10.555501855262394,2.5624343513738204,-0.38957648285637597,-0.25291353468226335,-0.13666294817411262,9.876391841598377
Cc1ncc(C[n+]2csc(CCOP(=O)(O)OP(=O)(O)O)c2C)c(N)n1,2.034683064399339,-0.395322703253731,0.40378877229181,-4.28264765098289,4.686436423274699,0.799111475545541,-0.34954488447424786,-0.24424768965816865,-0.10529719481607921,4.28264765098289
CC(=O)N([Si](C)(C)C)[Si](C)(C)C,1.3890994699410855,-1.9551725689932602,0.43188991682039485,-7.7441570472359285,8.17604696405632,2.387062485813655,-0.3792518813021432,-0.22192453342728205,-0.15732734787486116,7.7441570472359285
COCCCn1c(=[Pd-2](Br)Br)n(Cc2cc(OC)c(OC)c(OC)c2)c2ccccc21,4.0526773842384145,1.2892507745410606,1.4642816845883884,-6.592897665697743,8.057179350286134,0.1750309100473277,-0.3397701314498773,-0.30592448299506153,-0.03384564845481575,6.592897665697743
[Pt+2],0.0,-1.3209416433142525,0.8448001869936304,-10.110678931372801,10.95547911836643,2.1657418303078826,-0.4038581387582184,-0.34632993881092294,-0.057528199947295466,10.110678931372801
CC(C)(C)c1cc(C(C)(C)C)c(-c2ccccc2P(C(C)(C)C)C(C)(C)C)c(C(C)(C)C)c1,0.6215969987324672,-0.5935887584722854,0.5363031036308524,-5.852550070805295,6.388853174436149,1.1298918621031377,-0.30651755053670277,-0.22981679272340674,-0.07670075781329602,5.852550070805295
CC(C)NC1CCCCC1,0.38930010166989426,-8.006726144585764,0.0009323217423584084,-7.664837976127076,7.665770297869434,8.007658466328124,-0.3430288001873181,0.01891128043341512,-0.3619400806207332,7.664837976127076
CN1CCCCC1,0.4201454171182368,-8.636483627847454,0.007159797842209244,-7.670040997068352,7.677200794910561,8.643643425689666,-0.33874871047015775,0.02636016099816586,-0.3651088714683236,7.670040997068352
CC(C)(C)[C@H](N)C(O)(c1ccccc1)c1ccccc1,0.9281779975280168,-0.7980340553125815,0.6730674434522637,-7.470556132345536,8.143623575797799,1.4711014987648454,-0.3590062697353326,-0.23579485587555596,-0.12321141385977666,7.470556132345536
Cc1ccc(S(=O)(=O)Nc2ccccc2-c2ccccc2NC[C@@H]2CCCN2)cc1,2.004320617070492,0.003871395297995406,0.8559047314366692,-6.835614890268991,7.691519621705658,0.8520333361386737,-0.3538331036090526,-0.25232713512157234,-0.10150596848748028,6.835614890268991
CN(C)[C@@H]1CCCC[C@H]1N[P@]1(=S)N(C(C)(C)C)[P@](=S)(N[C@@H]2CCCC[C@H]2N(C)C)N1C(C)(C)C,4.091901646838452,-1.7312528034037267,0.3423116929059693,-6.4704974933212895,6.812809186227259,2.0735644963096957,-0.34762284262959103,-0.1876029341313967,-0.16001990849819434,6.4704974933212895
CC(C)n1cc(-c2ccccc2)[n+](C)c1-c1ccccc1,1.193580213447601,-0.6632020238936844,0.23198724352361916,-3.413994888528734,3.6459821320523536,0.8951892674173035,-0.3658221822179435,-0.22718525466776682,-0.13863692755017668,3.413994888528734
N[C@H](c1cccc2cccnc12)[C@H](N)c1cccc2cccnc12,1.6262224819215705,0.8996226711875899,1.2503613467425494,-6.750747275589013,8.001108622331563,0.3507386755549596,-0.3466566704811131,-0.2817204162325539,-0.0649362542485592,6.750747275589013
O=C(O)[C@@H](O)c1ccccc1,0.9429858900852635,-0.6716478340869747,0.8666548249796309,-8.756799232859542,9.623454057839174,1.5383026590666056,-0.4023508460974925,-0.26414768688270485,-0.13820315921478765,8.756799232859542
O=C(OC(=O)c1ccccc1)c1ccccc1,2.350714324485721,1.1260581872927053,1.56769923711391,-8.473066477918934,10.040765715032842,0.44164104982120433,-0.40537194466690385,-0.3023686536411893,-0.10300329102571454,8.473066477918934
CN(C)C(c1ccccc1)c1c(O)ccc2ccccc12,1.052546868797601,-0.006021561925124708,0.8896923206664519,-7.135582942388972,8.025275263055423,0.8957138825915767,-0.3598312492670125,-0.2594782123242373,-0.1003530369427752,7.135582942388972
c1ccc([Si](c2ccccc2)(c2ccccc2)[C@H]2CCCN2)cc1,0.47465717001616897,-0.2447965597614914,0.8091757564320738,-7.175492213992216,7.98466797042429,1.0539723161935652,-0.3572799819154825,-0.23783110349694678,-0.11944887841853571,7.175492213992216
O=N[O-],0.48994983551727134,4.1922568512973015,4.199741419300316,-13.315885816481952,17.51562723578227,0.007484568003014173,-0.515567294908285,-0.5008683279021457,-0.014698967006139263,13.315885816481952
CCCC[Al](Cl)CCCC,1.1627620231901779,-1.049157235478126,0.6019766934053719,-7.444933902421026,8.046910595826398,1.6511339288834983,-0.3596952575124836,-0.24074666344425666,-0.11894859406822694,7.444933902421026
CC(C)N1CCC[C@H]1[C@@H]1CCCN1,0.4253459501139212,-6.687330338113362,0.0009681532660524071,-7.013079897323452,7.014048050589506,6.688298491379414,-0.33489407409478955,-0.022402741133161812,-0.31249133296162773,7.013079897323452
CC(C)[C@@H]1N(Cc2cccc3ccccc23)B(c2ccccc2)OC1(c1ccccc1)c1ccccc1,0.6038476574978832,0.2741642637755062,0.9562963282451009,-6.78167519629158,7.737971524536681,0.6821320644695947,-0.35141999803781004,-0.26118454407311814,-0.0902354539646919,6.78167519629158
COc1ccc(CN2C(=C3NC=CC(Br)=C3Br)N(CC3CCC3)c3ccccc32)cc1,2.766829700527805,0.35579250431610543,0.865250155185621,-5.760943981230257,6.6261941364158785,0.5094576508695156,-0.3149908564107674,-0.27091311726931167,-0.04407773914145574,5.760943981230257
O=CC=Cc1ccccc1,1.1182351061328062,0.27377641852221046,1.1605240611151422,-8.426086650912367,9.58661071202751,0.8867476425929317,-0.3922129293141402,-0.2976095919910228,-0.09460333732311738,8.426086650912367
c1ccc(-c2ccc(-c3ccccc3)n2-c2ccccc2P(C2CCCCC2)C2CCCCC2)cc1,1.0932417623315338,-0.06038906670845723,0.7611974458048839,-6.26844186101739,7.029639306822273,0.821586512513341,-0.3368868827452291,-0.24235310653592992,-0.09453377620929918,6.26844186101739
CC(C)[C@H]1COC(C2=C(P(c3cc(C(F)(F)F)cc(C(F)(F)F)c3)c3cc(C(F)(F)F)cc(C(F)(F)F)c3)C([Fe]C3C=CC=C3)C=C2)=N1,2.650687518336363,2.1412652112539368,2.141836052126359,-6.286213486959348,8.428049539085706,0.0005708408724217729,-0.3339865381946497,-0.32308030862019343,-0.01090622957445625,6.286213486959348
CC1CCN(c2nc(C(F)(F)F)ccc2CN)CC1,2.3601615418223654,-0.1646408692515937,0.8857047424676986,-7.565534155731466,8.451238898199165,1.0503456117192922,-0.3645659156356223,-0.28066991342396475,-0.08389600221165755,7.565534155731466
c1ccc([C+]2c3ccc4ccc5ccccc5c4c3-c3c2ccc2ccc4ccccc4c32)cc1,0.10076747850080958,2.2371394704493994,2.259293811488191,-5.905133183203711,8.164426994691903,0.02215434103879121,-0.35566058433540404,-0.32868355478097305,-0.026977029554430987,5.905133183203711
C1COCCO1,2.018659959548387e-05,-7.759141312493851,0.011023232470457882,-8.973891016073942,8.9849142485444,7.770164544964307,-0.39352314941389527,-0.010187451169176798,-0.38333569824471847,8.973891016073942
C=C(C)OC(C)=O,0.8140548167068565,-1.47897513706838,0.6974849198099533,-9.197278550029722,9.894763469839678,2.176460056878333,-0.4048423497088922,-0.24640869070496604,-0.15843365900392617,9.197278550029722
C[C@@H](NC[C@@H]1CCCN1)c1ccccc1,0.5962377657492786,-1.7152281760939858,0.4186023881281109,-7.170064307804335,7.588666695932447,2.1338305642220967,-0.3452595378386354,-0.22473457687565537,-0.12052496096298002,7.170064307804335
PS,1.0561440154818476,-1.2484616238309787,0.7711973456717366,-9.325333756541381,10.096531102213115,2.019658969502715,-0.39797363066159425,-0.23722797448370625,-0.160745656177888,9.325333756541381
CC(C)(C)OC(=O)C[C@@H](NC(=S)N[C@@H](c1ccccc1)[C@@H](N)c1ccccc1)C(=O)OC(C)(C)C,2.871807343275611,0.09957511006949815,0.8810495015169533,-6.74370137782557,7.624750879342523,0.7814743914474551,-0.3196390580741979,-0.25404941346557697,-0.06558964460862093,6.74370137782557
c1ccc2c(-c3cc(-c4c5ccccc5cc5ccccc45)cc4ccccc34)cc(-c3c4ccccc4cc4ccccc34)cc2c1,0.008140099568670883,1.5257334250491557,1.59311133224309,-6.157226352487463,7.750337684730555,0.06737790719393441,-0.35380381543793377,-0.2849296973019604,-0.06887411813597338,6.157226352487463
CC1(C)OCC(COC(=O)C(C#N)=NO)O1,1.5038395033281489,0.6165689950668822,1.3432561977488089,-8.708421562636854,10.051677760385664,0.7266872026819269,-0.4125880373254002,-0.3283294198962622,-0.08425861742913804,8.708421562636854
C[n+]1ccc(-c2cccc3cccc(-c4ccc(NC(=S)Nc5cc(C(F)(F)F)cc(C(F)(F)F)c5)cc4)c23)cc1,4.888512038519356,1.307167526066996,1.3339066571535114,-4.783892805399162,6.117799462552674,0.02673913108651546,-0.3493289271954426,-0.28204387081692867,-0.06728505637851395,4.783892805399162
CCN(CC)P1(=NC(C)(C)C)N(C)CCCN1C,2.128142684485974,-3.8719872959934984,0.05648245281312843,-5.982123496003986,6.038605948817115,3.928469748806627,-0.2826589096217692,-0.12072006415863148,-0.16193884546313772,5.982123496003986
Nc1ccncc1,1.5741089979656342,-1.6932373799114782,0.5590595168816035,-8.41798168447502,8.977041201356622,2.2522968967930814,-0.3614818444920244,-0.2333588639528576,-0.12812298053916682,8.41798168447502
Cc1cc(C)c(C)c(CN2C(=C3NC=CC(Br)=C3Br)N(Cc3ccccc3)c3ccccc32)c1C,2.848496216131691,0.43916369437978986,0.9106943064590799,-5.824820104748378,6.735514411207459,0.4715306120792901,-0.318193161731533,-0.27118123637386354,-0.04701192535766946,5.824820104748378
C[C@@H](O)[C@H](N)C(=O)OC(C)(C)C,1.7086035327523295,-1.9111912121563344,0.5189242515345119,-8.478740127052221,8.997664378586736,2.4301154636908464,-0.3916715754472304,-0.25059500076771146,-0.14107657467951895,8.478740127052221
N[C@H]1CCCC[C@@H]1NS(=O)(=O)C(F)(F)F,1.3885270758319472,-1.7051255747588727,0.5628175987871185,-8.47557878297573,9.038396381762848,2.2679431735459916,-0.37717733767265205,-0.22740676636418924,-0.1497705713084628,8.47557878297573
O=[Mn](=O)(=O)[O-],1.663552067939266,5.432903908378783,5.663289510364542,-12.65124485216963,18.314534362534175,0.2303856019857587,-0.5174349567454848,-0.5112303832628285,-0.006204573482656239,12.65124485216963
CN1CCN=C1NC[C@@H]1CCCN1,1.1307885961187603,-3.811673083037786,0.11898718813672365,-7.023160431730709,7.1421476198674325,3.9306602711745104,-0.33718455596918717,-0.1661418905374645,-0.17104266543172267,7.023160431730709
O=S([O-])([O-])=S,1.1583547913197003,4.985509426932964,5.228813939574133,-11.418083175037403,16.646897114611537,0.24330451264116926,-0.48206964177842854,-0.4820696364739313,-5.304497230351757e-09,11.418083175037403
CN(C)[C@@H]1CCCC[C@H]1Nc1c(NCc2ccccc2)c(=O)c1=O,3.5759660143368124,-0.38484385146643074,0.7297500264691502,-6.911335965762937,7.641085992232088,1.1145938779355806,-0.35170843897765736,-0.2510256247999524,-0.10068281417770497,6.911335965762937
c1ccc2nc3ccccc3cc2c1,0.7724070416285215,0.9417230429337398,1.3674311637580223,-7.579890341603381,8.947321505361405,0.4257081208242826,-0.36034503636023735,-0.3001545006370898,-0.06019053572314753,7.579890341603381
BrC(Br)Br,0.7941243194702622,0.6914016553091376,1.5834560963656303,-10.396417333399691,11.979873429765323,0.8920544410564929,-0.45076912865332075,-0.312344969275604,-0.13842415937771674,10.396417333399691
C[Mg]Cl,1.7830579112148335,0.0743464865232708,1.0939467176041326,-8.525918247126675,9.619864964730809,1.0196002310808618,-0.37943827333989766,-0.2919987425517354,-0.08743953078816225,8.525918247126675
C=CC1CN2CCC1C[C@@H]2[C@@H](NC(=O)Nc1cc(C(F)(F)F)cc(C(F)(F)F)c1)c1ccnc2ccc(OC)cc12,3.131339255301471,1.3375676378874921,1.541035857164305,-7.066403718799695,8.607439575964,0.203468219276813,-0.36271507334694936,-0.29791324203067515,-0.0648018313162742,7.066403718799695
C1CN[C@H](c2nnn[nH]2)C1,2.547198006437538,-1.4565249522661596,0.6305861962681523,-8.567731871407485,9.198318067675638,2.087111148534312,-0.3863605387484531,-0.26467100464120646,-0.12168953410724664,8.567731871407485
Cc1cc(C)c(N2C=[N+](c3c(C)cc(C)cc3C)[C@@H](c3ccccc3)[C@@H]2c2ccccc2)c(C)c1,0.25638202507095836,-0.18616370634524415,0.35084168708816343,-3.3257510775802306,3.676592764668394,0.5370053934334076,-0.36051522241334727,-0.23132294735217843,-0.12919227506116884,3.3257510775802306
CC(C)CC(=O)Cl,1.1790706464165819,-0.8064631780538907,0.9155777705198391,-9.491383004503454,10.406960775023292,1.7220409485737296,-0.4297171919464178,-0.2877108993459338,-0.14200629260048397,9.491383004503454
CN1C(=O)[C@H](Cc2ccccc2)N[C@@H]1C(C)(C)C,1.7232049893740808,-1.1374054909429758,0.5892394996627238,-7.529028145516891,8.118267645179616,1.7266449906056995,-0.3679227759727674,-0.22304528307312377,-0.14487749289964363,7.529028145516891
c1ccc(SSc2ccccn2)nc1,2.054878567594211,0.620001098039543,1.2149671982180277,-7.640724753324877,8.855691951542905,0.5949661001784847,-0.3746880849814609,-0.28228838474457807,-0.09239970023688282,7.640724753324877
Cn1c(-c2ccccc2)[n+](C)c2ccccc21,0.4140233351509693,-0.5953169777710006,0.304645364528212,-3.908345783826144,4.212991148354356,0.8999623422992126,-0.37005788884097635,-0.23743725200886548,-0.13262063683211087,3.908345783826144
Cn1c(=[Pd-3](I)(I)I)n(C)c2ccccc21,5.26519065135823,2.729684007036176,2.7555609606942575,-7.224436073009921,9.97999703370418,0.02587695365808215,-0.36455327867475795,-0.36058530048323306,-0.00396797819152489,7.224436073009921
C[n+]1nn(Cc2ccccc2)cc1COc1cccc(C2O[C@@H](C(O)(c3cccc4ccccc34)c3cccc4ccccc34)[C@H](C(O)(c3cccc4ccccc34)c3cccc4ccccc34)O2)c1,3.7339641938843497,1.0682225140851154,1.112827859910334,-4.2742730505067374,5.387100910417071,0.04460534582521879,-0.3552379589152695,-0.2598611830482285,-0.09537677586704102,4.2742730505067374
S=C(Oc1ccccn1)Oc1ccccn1,3.4312963728811985,1.037711487955236,1.4482224261120324,-7.839360174297488,9.287582600409518,0.4105109381567961,-0.36527542088028375,-0.30293438916263454,-0.06234103171764921,7.839360174297488
C[n+]1ccccc1Br,1.2560037552929666,-0.7211748603996044,0.42655600463504306,-5.226174303115146,5.652730307750189,1.1477308650346476,-0.3983752903857295,-0.26125440407703804,-0.13712088630869146,5.226174303115146
CC[C@H]1CN2CC[C@H]1C[C@H]2[C@@H](Nc1c(NCc2cc(C(F)(F)F)cc(C(F)(F)F)c2)c(=O)c1=O)c1ccnc2ccc(OC)cc12,4.831238225171361,1.5679211038607548,1.678338300309487,-6.867372443905859,8.545710744215349,0.11041719644873219,-0.36584329196051896,-0.3060319468918791,-0.05981134506863983,6.867372443905859
O=S(=O)([O-])c1cccc(P(c2ccccc2)c2ccccc2)c1,5.671211639353432,3.882574013202275,4.327781372784026,-7.87624007769805,12.204021450482077,0.4452073595817511,-0.40047757973292564,-0.3989451903431543,-0.0015323893897713492,7.87624007769805
OC(C[n+]1ccn(Cc2ccccc2)c1)c1ccccc1,1.278651004650118,-0.7697245042869856,0.1868850469860134,-3.208541232300929,3.3954262792869425,0.956609551272999,-0.38141210338341514,-0.21685953220313714,-0.164552571180278,3.208541232300929
O=[N+]([O-])c1cc([N+](=O)[O-])c(Cl)c([N+](=O)[O-])c1,0.47887354908550744,3.178140834801601,3.1942741910633625,-10.507003183924224,13.701277374987583,0.01613335626176174,-0.48311904872130274,-0.38192832668088916,-0.10119072204041357,10.507003183924224
CC(C)[C@@H](CN(C)C)Nc1c(NCc2ccccc2)c(=S)c1=S,4.066582828036935,1.0084294480477531,1.2957731362388616,-6.615424394620632,7.911197530859494,0.28734368819110856,-0.3329546376349237,-0.3067013215636545,-0.02625331607126924,6.615424394620632
Cc1cc(C)c([Si](O)(O)c2c(C(F)(F)F)cccc2C(F)(F)F)c(C)c1,0.5650540843418582,0.47131532914668917,1.174387585673488,-7.8609109658632725,9.035298551536762,0.7030722565267988,-0.37921766569572524,-0.2882592747811781,-0.09095839091454716,7.8609109658632725
OB(O)c1ccc(-c2c3nc(c(-c4ccc(B(O)O)cc4)c4ccc([nH]4)c(-c4ccc(B(O)O)cc4)c4nc(c(-c5ccc(B(O)O)cc5)c5ccc2[nH]5)C=C4)C=C3)cc1,1.4926170104900398,1.8824014928682784,1.8872942102103956,-6.05115010493788,7.938444315148274,0.004892717342117098,-0.3378649653497599,-0.30466163764220494,-0.033203327707554964,6.05115010493788
Oc1cccc2c1NCCC2,1.1535294100194877,-2.061215272324345,0.39126385935125235,-7.544569218087904,7.935833077439155,2.4524791316755974,-0.3526986738138533,-0.20963675127654358,-0.1430619225373097,7.544569218087904
C[Si](C)(C)N=[N+]=[N-],1.0576147184485867,-1.4791738789367739,0.64748951192324,-8.762944434130173,9.410433946053413,2.126663390860014,-0.3991022090811816,-0.2560108048923923,-0.1430914041887893,8.762944434130173
C1CCC(NC2CCCCC2)CC1,0.370796023257545,-7.738523895544795,0.0006771901296726546,-7.451656121468,7.452333311597673,7.739201085674466,-0.3411622770752192,0.01259494842000764,-0.3537572254952268,7.451656121468
c1ccc(-c2ccc3ccccc3c2-c2c(CN[C@H](c3ccccc3)[C@H](NCc3ccc4ccccc4c3-c3c(-c4ccccc4)ccc4ccccc34)c3ccccc3)ccc3ccccc23)cc1,0.8237712628367291,1.1445758444142182,1.3327650892707164,-6.189730102089811,7.522495191360525,0.18818924485649802,-0.3471146570824758,-0.2677840637271398,-0.07933059335533599,6.189730102089811
CCOC(=O)C(C#N)=N[O+]=C(N(C)C)N(C)C,3.611384933027117,0.2679261720423405,0.7760693965242649,-5.348257162514502,6.124326559038768,0.5081432244819245,-0.3656773085596868,-0.2800929436235897,-0.08558436493609706,5.348257162514502
CCC(CC)N[C@H](c1ccccc1)[C@H](NC(=S)Nc1c(F)c(F)c(F)c(F)c1F)c1ccccc1,2.534943300396655,1.068023590766571,1.3780778923358237,-7.058951179575926,8.437029071911748,0.3100543015692529,-0.35516348456285185,-0.2986057611813302,-0.05655772338152165,7.058951179575926
c1ccc(P(C2CCCCC2)C2CCCCC2)c(-c2ccccc2P(C2CCCCC2)C2CCCCC2)c1,0.20328711081998233,-0.4246894737237268,0.6260881637340175,-6.173432836398156,6.799521000132175,1.0507776374577442,-0.3369109251889149,-0.23484266024575332,-0.1020682649431616,6.173432836398156
CC(C)OC(=O)OOC(=O)OC(C)C,0.3457546678457542,-0.9886557383024801,0.8410171983911457,-9.314637722869378,10.155654921260524,1.8296729366936257,-0.44955547193314316,-0.25592003689400994,-0.19363543503913322,9.314637722869378
CC(C)[SiH](C)C,0.2745666428283064,-3.919813194328408,0.18071651432587363,-8.086011209692739,8.266727724018612,4.100529708654281,-0.3754696442651777,-0.14251772142832914,-0.23295192283684857,8.086011209692739
CC(C)c1cccc(C(C)C)c1-n1ccn(-c2c(C(C)C)cccc2C(C)C)c1=[Cu-2]Cl,2.408006813992681,-0.27890522721172584,0.7034272548422221,-6.4176692926057,7.121096547447921,0.9823324820539481,-0.2996156460320224,-0.2374975457224477,-0.06211810030957471,6.4176692926057
COc1ccccc1-c1ccccc1P(C1CCCCC1)C1CCCCC1,0.7097312343189787,-0.7583422961116524,0.5605503032607629,-6.439858898115904,7.0004092013766686,1.318892599372415,-0.3315060583715477,-0.22924709398898058,-0.1022589643825671,6.439858898115904
CN1CCCN(C)C1=O,1.8702846419558232,-3.83913141965539,0.17773601220979687,-7.9298790105132575,8.107615022723056,4.016867431865187,-0.36329597514324485,-0.17226716882462753,-0.19102880631861732,7.9298790105132575
CCC(=O)CC,1.305145295321374,-1.970247774759681,0.5642427473998582,-9.010636614360847,9.574879361760702,2.5344905221595395,-0.39187197317223343,-0.2544776028504499,-0.13739437032178353,9.010636614360847
O=P(Cl)(c1ccccc1)c1ccccc1,2.1473605257518553,0.5439326893126379,1.2947567042674506,-8.578969231434257,9.873725935701708,0.750824014954813,-0.4155157245248705,-0.27528859526661464,-0.14022712925825587,8.578969231434257
CN(C(=O)[C@@H](NC(=S)N[C@H](c1ccccc1)[C@H](N)c1ccccc1)C(C)(C)C)C(c1ccccc1)c1ccccc1,1.3505499901787952,0.21709009889422148,0.927846557567605,-6.742613685924191,7.670460243491796,0.7107564586733836,-0.3330211810342913,-0.24126968545731814,-0.09175149557697315,6.742613685924191
Brc1ccccc1,1.3813250867373252,-1.0163641882564596,0.802874134411206,-9.062104234206586,9.864978368617793,1.8192383226676656,-0.40012616806496326,-0.2508103251033287,-0.14931584296163458,9.062104234206586
ClP(Cl)c1ccccc1,1.0688617357722043,0.40826078273124367,1.2213518491084276,-8.463263074446317,9.684614923554745,0.8130910663771841,-0.4031565082114497,-0.2744552307139389,-0.1287012774975108,8.463263074446317
CN(C)[C@H]1CCCC[C@@H]1NC(=S)NCc1ccccc1,2.186529809069168,-0.6220474155948006,0.6354519840939022,-6.739507434663192,7.3749594187570935,1.257499399688703,-0.32903903566241094,-0.23961111355779938,-0.08942792210461156,6.739507434663192
FC(F)(F)c1cc(NC(=S)N[C@@H]2CCN(Cc3ccccc3)C2)cc(C(F)(F)F)c1,4.275332007795371,0.8986702870132053,1.325478938837615,-7.411835513941824,8.73731445277944,0.4268086518244097,-0.3525379274173249,-0.2940797140200642,-0.058458213397260705,7.411835513941824
C=C[C@H]1C[N@]2CC[C@H]1C[C@@H]2C(NC(=O)Nc1cc(C(F)(F)F)cc(C(F)(F)F)c1)c1ccnc2ccccc12,2.901957953148171,1.3449207591491428,1.5569256478915536,-7.180870947352187,8.73779659524374,0.2120048887424105,-0.3638503807162953,-0.29886087700955477,-0.0649895037067405,7.180870947352187
Cl[Ti](Cl)(Cl)Cl,0.08060169213223213,2.8810108656530993,2.907713263173729,-9.864421321454602,12.772134584628333,0.026702397520629646,-0.45763272754736933,-0.3786066733580265,-0.07902605418934283,9.864421321454602
CC(=O)OC[C@H]1O[C@@H](NC(=S)N[C@H](c2ccccc2)[C@H](N)c2ccccc2)[C@H](OC(C)=O)[C@@H](OC(C)=O)[C@@H]1OC(C)=O,2.180696715820552,0.5675811036467246,1.1246506122451319,-7.097113103721846,8.221763715966977,0.5570695085984071,-0.34063379280605144,-0.2619726813750425,-0.07866111143100896,7.097113103721846
c1ccc2ncccc2c1,0.8295918041308732,0.13929206866659793,1.0783883632705935,-8.1996021473157,9.27799051058629,0.9390962946039959,-0.3659116841995651,-0.2838698761254225,-0.08204180807414257,8.1996021473157
C1COCC[NH2+]1,1.2280467829714852,-6.399658920769172,0.8743004013204287,0.1904586853086201,0.6838417160118087,7.273959322089602,-0.3759052276297284,-0.05604935840845714,-0.31985586922127124,-0.1904586853086201
