rxntype,true_yield,pred_yield
1,0.39,0.6299868733569531
1,0.886,0.7885076051167514
1,0.49,0.624786691605745
1,0.38,0.6320868290989822
1,0.12,0.5554640489976019
1,0.88,0.6492726664241433
1,0.56,0.6112094421711539
1,0.8,0.6790105743911871
1,0.43,0.354664919679737
1,0.97,0.847473770572937
1,0.42,0.5438139218864895
1,0.44,0.5641709620274347
1,1.0,0.8437835182256035
1,0.47,0.4352931149456627
1,0.78,0.6033108151691371
1,0.78,0.5548363681687517
1,0.81,0.4582054530752725
1,0.44,0.536559629080401
1,0.23,0.5333787539611223
1,0.96,0.7357887774796379
1,0.63,0.5565723601780416
1,0.352,0.4759483106300104
1,0.3,0.5198232221762698
1,0.71,0.5694385452882348
1,0.19,0.639538497235273
1,0.67,0.7238040211508551
1,0.75,0.7016546434356543
1,0.751,0.6702879002955386
1,0.83,0.4475056759781498
1,0.2,0.42637839134703914
1,0.76,0.6888020614831151
1,0.8,0.7643623352478408
1,0.79,0.816072788275501
1,0.86,0.7216539543524414
1,0.68,0.471999393798611
1,0.006,0.21914198048457983
1,0.8,0.7711491397954113
1,0.41,0.5289685979232728
1,0.38,0.3289170761456459
1,0.5,0.4760967920632807
1,0.83,0.7688262545019471
1,0.56,0.7603213902031813
1,0.437,0.46637109960149664
1,0.76,0.7556650321550127
1,0.3,0.6876977528908841
1,0.8245,0.7181910002007851
1,0.7,0.7478498716111356
1,0.44,0.5636360727085306
1,1.0,0.6633116212022007
1,0.84,0.6676642574444218
1,0.34,0.47090553199337304
1,0.1,0.5918570189812541
1,0.42,0.4929720581987277
1,0.79,0.6497551897277745
1,0.72,0.6872706585948604
1,0.4,0.38619156141902833
1,0.9,0.7969122804322378
1,0.927,0.4819793263044193
1,0.83,0.6501237017194704
1,0.46,0.513247310965846
1,0.517,0.6397570532599002
1,0.54,0.45774207492399765
1,0.1,0.30357618305827655
1,0.06,0.30640404567150736
1,0.83,0.7569429713689835
1,0.63,0.5095692176032305
1,0.0211,0.5925601604551546
1,0.27,0.43656174867963626
1,0.74,0.5512258856356275
1,0.78,0.6569241226870663
1,0.4,0.5824286031508074
1,0.3901,0.5794839252607553
1,0.65,0.6320396748986348
1,0.23,0.6221312551050684
1,0.96,0.686987390962543
1,0.71,0.5751471539232813
1,0.82,0.5486643228910548
1,0.23,0.2996120369782204
1,0.48,0.5981208565959711
1,0.81,0.4606147703073999
1,0.58,0.7391983321047588
1,0.46,0.6255267490125097
1,0.31,0.2346785095746867
1,0.75,0.7321201402214835
1,0.48,0.6186099589294809
1,0.98,0.8940953758738445
1,0.6,0.5220332172161298
1,0.38,0.6732268514605468
1,0.76,0.678295747171456
1,0.41,0.6845279201820496
1,0.748,0.7136207322199685
1,0.85,0.7796070560660886
1,0.71,0.7150315071802688
1,0.34,0.24808423663587875
1,0.31,0.411687390231937
1,0.75,0.6874843482579436
1,0.68,0.5387436214624483
1,0.661,0.8794594523833785
1,0.47,0.5694486510966248
1,0.15,0.24027658953377823
1,0.47,0.6539729057456564
1,0.1,0.6224082310393335
1,0.79,0.7839096279059206
1,0.41,0.6043096263071867
1,0.78,0.7762415716419164
1,0.95,0.6661336644347784
1,0.49,0.6477835629127742
1,0.64,0.6208035722274184
1,0.58,0.4689559252104496
1,0.76,0.5425488362698979
1,0.47,0.5055265714258822
1,0.31,0.6399377293840085
1,1.0,0.808255772718764
1,0.98,0.8003837347610414
1,0.89,0.7910874286344891
1,0.91,0.7101359292887244
1,0.83,0.8410085994608867
1,0.65,0.5651854447987501
1,0.95,0.7153140491683866
1,0.96,0.7639374946079409
1,0.97,0.6231711246632976
1,0.484,0.6184630622672256
1,0.45,0.6668717351682101
1,0.67,0.4713490056006936
1,0.44,0.5762386735834093
1,0.709,0.7587315415262185
1,0.68,0.596845404238844
1,0.8,0.7488308017715757
1,0.49,0.6355539577076186
1,0.91,0.5903203290815113
1,0.16,0.4299061813157625
1,0.51,0.4243277295395126
1,0.698,0.5523697994351005
1,0.83,0.7437315290384712
1,0.85,0.6381162537479182
1,0.75,0.5953883356065648
1,0.51,0.5141810826920646
1,0.7,0.7480644088705577
1,0.59,0.6274007227312992
1,0.28,0.6379410232135627
1,0.513,0.7663988893891227
1,0.37,0.5702452910202701
1,0.66,0.5938139601994454
1,0.77,0.6616304597921591
1,0.39,0.6491529514297436
1,0.85,0.5947719905087892
1,0.71,0.5497809778030689
1,0.079,0.35128181860569496
1,0.4533,0.5063032536558596
1,0.78,0.699752433399919
1,0.56,0.5259138901635763
1,0.58,0.7529286434399753
1,0.7,0.637724955399563
1,0.4,0.5453383882685391
1,0.74,0.5498804130364428
1,0.08,0.5435147251820066
1,0.7,0.8303615946120468
1,0.95,0.8111163288771643
1,0.41,0.6318180993891582
1,0.79,0.6591242300130111
1,0.689,0.6758027492725296
1,0.43,0.537819159050775
1,0.81,0.7925125249584426
1,0.0394,0.35714493032918404
1,0.8,0.44571455350538186
1,0.92,0.5740744139000061
1,0.51,0.4241117499671554
1,0.3731,0.7183772084753649
1,0.8,0.7474827974782882
1,0.364,0.5125684108757108
1,0.6,0.5189894303643734
1,0.64,0.4260935414208017
1,0.552,0.3912495700861987
1,0.64,0.6228858417725636
1,0.87,0.7820596112231455
1,0.18,0.4590477680388221
1,0.84,0.5646863139096765
1,0.025,0.35469735956229115
1,0.41,0.6378510363647129
1,0.88,0.7589316572092515
1,0.095,0.3707838833854049
1,0.91,0.6275029311279816
1,0.49,0.49084835556876677
1,0.35,0.6017515224511486
1,0.47,0.5397576998626308
1,0.8,0.5021832412388337
1,0.84,0.6206553132320569
1,0.81,0.5134278980793272
1,0.87,0.8391153560388998
1,0.426,0.5214859897694366
1,0.33,0.5458931642839908
1,0.58,0.6172151554145998
1,0.51,0.34199858307828224
1,0.63,0.6270044244853807
1,0.78,0.7336306875448411
1,0.48,0.6896531393604088
1,0.95,0.8870504684516376
1,0.31,0.3862704808824098
1,0.7,0.7035903408922384
1,0.869,0.7216964408466183
1,0.43,0.4649944454444973
1,0.56,0.4549251752354756
1,0.86,0.5383381024872269
1,0.06,0.5710298774237572
1,0.51,0.6969066680524312
1,0.91,0.7856265352518059
1,0.49,0.6529111352109682
1,0.83,0.661785894694431
1,0.33,0.4697916069913832
1,0.28,0.41685783771910556
1,0.3643,0.4916878612982069
1,0.86,0.7233861061497113
1,0.46,0.6310570563298512
1,0.492,0.5845304583293189
1,0.29,0.43188488311716666
1,0.7282,0.660086583854445
1,0.63,0.5910563573071433
1,0.94,0.8238879053732677
1,0.127,0.5365860507602854
1,0.68,0.6714220695018973
1,0.42,0.4542767631429887
1,0.78,0.6273261210789046
1,0.77,0.688924985976739
1,0.57,0.5216403080998173
1,0.9,0.8257349480502528
1,0.56,0.6139785573767754
1,0.5389,0.587437107178717
1,0.88,0.7251041231447789
1,0.86,0.6022130309625482
1,0.46,0.5985070821036711
1,0.69,0.6598777337168561
1,0.69,0.5615745415387091
1,0.89,0.5620491822531724
1,0.61,0.5833668006950423
1,0.48,0.3653227362513676
1,0.96,0.7980824750648967
1,0.67,0.7014075131864906
1,0.118,0.44323082753191156
1,0.698,0.46503376578835354
1,0.95,0.7664794570304647
1,0.9897,0.7838347259351266
1,0.33,0.42361028343501517
1,0.76,0.6055755959992709
1,0.6,0.5602577609854146
1,0.26,0.3834305471610383
1,0.8,0.5328063803940849
1,0.8,0.7273693314007612
1,0.44,0.5765614461800639
1,0.48,0.5126879998560001
1,0.347,0.6279814354911573
1,0.37,0.42203412630063547
1,0.56,0.6244290995978512
1,0.49,0.6408633640449696
1,0.27,0.6280369829339637
1,0.26,0.37863681893254175
1,0.23,0.6975194237541896
1,0.05,0.1774777344190145
1,0.43,0.5886752089059746
1,0.8,0.5296497967356835
1,0.28,0.4908635722959547
1,0.48,0.551221630598304
1,0.8532,0.6201323902036109
1,0.721,0.6228391872654114
1,0.91,0.6799442755035469
1,0.278,0.5108306334650585
1,0.99,0.5363936756080929
1,0.7,0.4452170810113596
1,0.79,0.5195894812395438
1,0.92,0.6937440520158338
1,0.51,0.6268416068340676
1,0.53,0.4301208594456357
1,1.0,0.7189684233358965
1,0.93,0.7815684952205464
1,0.77,0.7488536217809034
1,0.42,0.5875314374529944
1,0.31,0.3900143520412651
1,0.97,0.8585688575375929
1,0.75,0.5688116399216614
1,0.85,0.7776502836130865
1,0.77,0.6074522770426938
1,0.79,0.7608890966879556
1,0.49,0.6200605600401552
1,0.79,0.5263789422802496
1,0.81,0.6584363830567567
1,0.67,0.5651315093328974
1,0.45,0.4000496680501077
1,0.72,0.6075797915153889
1,0.985,0.7099795104490018
1,0.64,0.5913006918526622
1,0.72,0.6543247331018862
1,0.35,0.5582502634830204
1,0.4,0.3682857528855985
1,0.89,0.44742022924973035
1,0.3,0.6097434828800427
1,0.5,0.5318623456382757
1,0.24,0.26265727081350443
1,0.62,0.7398811150800965
1,0.6225,0.5799368243682388
1,0.75,0.6974973256669309
1,0.65,0.6572113512763573
1,0.48,0.6037036703134442
1,0.62,0.6008038746685952
1,0.68,0.5860103628010898
1,0.81,0.7727873347864102
1,0.13,0.7311461381921585
1,0.79,0.749675332932473
1,0.74,0.5949745584375721
1,0.96,0.7384814594186453
1,0.7,0.6501253404283471
1,0.6,0.694137242331329
1,0.45,0.6021511439776783
1,0.49,0.4409460863595691
1,0.72,0.71065292003614
1,0.34,0.5398934950468933
1,0.803,0.8043277447128518
1,0.84,0.4861229766994587
1,0.57,0.5815853370071086
1,0.63,0.5207405853363793
1,0.98,0.8175438801076608
1,0.16,0.4547940881226288
1,0.83,0.6466920750120397
1,0.728,0.7267325036760361
1,0.92,0.7308140720417634
1,0.37,0.45023134085900685
1,0.8,0.6931957041452211
1,0.78,0.5527756572047087
1,0.68,0.48973247979485496
1,0.94,0.7941452116313408
1,0.55,0.70530452276491
1,0.26,0.5482437329466092
1,0.2,0.6037597591290251
1,0.813,0.7810161688746441
1,0.54,0.6319211217800415
1,0.69,0.6044416547338776
1,0.76,0.706556751364022
1,0.8,0.7771844130261631
1,0.76,0.7359345969805566
1,0.83,0.7187877335023318
1,0.07,0.59696275226714
1,0.566,0.681680964904195
1,0.9,0.8083630848335575
1,0.44,0.4166358416639251
1,0.42,0.5066222149882063
1,0.4,0.585679738329311
1,0.47,0.573738861877386
1,0.59,0.389460611980911
1,0.829,0.7039363055519372
1,0.85,0.7931489530011959
1,0.65,0.6058613649730642
1,0.3578,0.4933641820501331
1,0.11,0.2704521134533629
1,0.39,0.2508773661516945
1,0.693,0.7704397576588586
1,0.69,0.5130660855599081
1,0.71,0.6819423863401566
1,0.61,0.48457308509978037
1,0.53,0.6633413720958159
1,0.32,0.539733095728034
1,0.96,0.914448862222629
1,0.93,0.6733602946623418
1,0.72,0.5197015961839728
1,0.78,0.7105892811317289
1,0.89,0.6241033790564549
1,0.97,0.792008114869757
1,0.16,0.2699485696247408
1,0.26,0.4787683578708438
1,0.79,0.6328480215264833
1,0.81,0.711459232602054
1,0.98,0.7651288039823149
1,0.342,0.41289564425842384
1,0.81,0.8171801364277285
1,0.68,0.3165274185114347
1,0.1,0.29947146998302987
1,0.39,0.40005890938038313
1,0.57,0.5570126522427318
1,0.51,0.49705365593232426
1,0.25,0.5977314456003109
1,0.9,0.7608801042732923
1,0.4874,0.4814789705588689
1,0.28,0.6510645679407449
1,0.51,0.5387220340425536
1,0.018,0.21608135317724403
1,0.58,0.6372859938255686
1,0.65,0.6006329444342711
1,0.17,0.601175441639766
1,0.4,0.4286756542805311
1,0.98,0.8063115977887969
1,0.064,0.670409843043515
1,0.19,0.30795447036237933
1,0.88,0.7241139635731898
1,0.099,0.6525108512498945
1,0.47,0.662799227926908
1,0.921,0.7644398747738865
1,0.33,0.5609231360947313
1,0.876,0.5399515936170587
1,0.88,0.6451773585060817
1,0.87,0.6190468844755695
1,0.56,0.4954414750551702
1,0.621,0.41753815800069594
1,0.61,0.5787354364989709
1,0.84,0.7202889731753213
1,0.56,0.5410060994544605
1,0.7,0.776185006678697
1,0.601,0.6230428615774929
1,0.5,0.6656031698837211
1,0.646,0.7284045391395384
1,0.55,0.7320225064085433
1,0.93,0.7340904065424746
1,0.34,0.4941388737382316
1,0.48,0.6187106406558632
1,0.94,0.6650156955710828
1,0.66,0.7035153113642674
1,0.85,0.7132851588865757
1,0.87,0.6611351931722634
1,0.31,0.5000952117798957
1,0.18,0.3822161888984802
1,0.161,0.535351700848637
1,0.27,0.46733955546203143
1,0.27,0.5752258027274387
1,0.99,0.7754886482999339
1,0.72,0.5875565554673607
1,0.3477,0.43609140576338257
1,0.53,0.6339450232622347
1,0.48,0.6215430015940748
1,0.58,0.6093255641918727
1,0.74,0.5777170532403197
1,0.78,0.6651929420088459
1,0.82,0.6867344458620388
1,0.85,0.37966051474486995
1,0.16,0.35899347560869477
1,0.62,0.45298299348647963
1,0.14951,0.6141262841880267
1,0.35,0.6973469643727443
1,0.82,0.7677834431453878
1,0.65,0.8084852435894299
1,0.42,0.6010892406405688
1,0.61,0.503752116761224
1,0.274,0.6741958326844681
1,0.78,0.5526815997718495
1,0.059,0.5193449494181801
1,0.901,0.8759003157083202
1,0.64,0.7034377173338137
1,0.8,0.7481393126248654
1,0.09,0.4977297692127041
1,0.19,0.40824864668324934
1,0.17,0.6362112564880362
1,0.22,0.26305208037614863
1,0.69,0.7418393762646377
1,0.26,0.3952448950597614
1,0.76,0.7435944729614854
1,0.755,0.6016407806327312
1,0.78,0.6954248786510997
1,0.393,0.7218084092452155
1,0.74,0.771160878239516
1,0.93,0.8497351632449148
1,0.53,0.452482600917025
1,0.8,0.6184061340882339
1,0.65,0.6850039397238463
1,0.55,0.6227308078062195
1,0.39,0.6867340515302638
1,0.51,0.4237826620477765
1,0.52,0.5239242659427946
1,0.74,0.6451483865407246
1,0.512,0.7497813387838818
1,0.53,0.6728333023333868
1,0.4523,0.40662082882142336
1,0.69,0.736908652805176
1,0.59,0.6705550878861919
1,0.34,0.3978158635012319
1,0.7575,0.8076764787294277
1,0.89,0.5243217560007756
1,0.9,0.7181495219718869
1,0.135,0.512406333799456
1,0.12,0.509667861169884
1,0.64,0.6327487675268781
1,0.67,0.6479188420750961
1,0.2,0.6220308164833199
1,0.35,0.5188777512586278
1,0.97,0.7758275339158454
1,0.45,0.39075414134923797
1,0.308,0.4025299324961659
1,0.71,0.5778048639172155
1,0.48,0.3884507165734161
1,0.2248,0.4089085843771729
1,0.23,0.4658729482975007
1,0.75,0.7498826818513576
1,0.4,0.5926933343537425
1,0.41,0.5096098800397972
1,0.7,0.6771181829571322
1,0.76,0.7056612393496333
1,0.51,0.7374461728715641
1,0.85,0.6659774373958605
1,0.1908,0.5267293773754603
1,0.82,0.7836740593656042
1,0.61,0.5913057062109391
1,0.31,0.5012880862582989
1,0.73,0.4849668877863921
1,0.9,0.7708453833792881
1,0.4724,0.6641880750354179
1,0.94,0.7917845389824606
1,0.759,0.7399475296635583
1,0.85,0.5464826557908332
1,0.79,0.7879468898366343
1,0.16,0.6006540326727037
1,0.29,0.6346715868282417
1,0.83,0.7394302564991844
1,0.569,0.7483778672010719
1,0.44,0.5828311736979555
1,0.22,0.5732916607750886
1,0.72,0.41169252530621453
1,0.47,0.6296328316751522
1,0.637,0.601417386741994
1,0.85,0.483434823685946
1,0.79,0.7620397514942149
1,0.47,0.6109012174069138
1,0.83,0.7188400703573187
1,0.84,0.6306841118727617
1,0.86,0.7657355770992199
1,0.824,0.4883794134719881
1,0.05,0.33062110771344105
1,0.22,0.421311342141961
1,0.61,0.5389717439894421
1,0.75,0.7769395757529396
1,0.61,0.6052708911383133
1,0.34,0.4853541097586327
1,0.46,0.28189602019982163
1,0.13,0.3598642126864265
1,0.88,0.7699585480313755
1,0.7,0.6689063581826267
1,0.36,0.45679686710536727
1,0.75,0.6989206226045025
1,0.93,0.7571317838477263
1,0.7,0.5904780931211696
1,0.53,0.6045933660711587
1,0.35,0.343418976070712
1,0.87,0.6721859865431601
1,0.85,0.790053485085044
1,0.58,0.6157518178839446
1,0.35,0.623168737792424
1,0.37,0.45604733760353333
1,0.56,0.7525558969200182
1,0.54,0.628523706957398
1,0.43,0.531212816953293
1,0.31,0.6184790553732193
1,0.26,0.5975044366357112
1,0.4,0.6584832230155733
1,0.75,0.6762380134640016
1,0.74,0.7439348834088799
1,0.49,0.5324998291773774
1,0.4,0.5538296675000004
1,0.64,0.6480564596508072
1,0.712,0.5621491062664032
1,0.2,0.4007210224355551
1,0.18,0.4966443306492103
1,0.6,0.6228692809891283
1,0.5,0.45020059589303285
1,0.83,0.6537123314017352
1,0.05,0.29962423105519154
1,0.87,0.7334852774166212
1,0.9618,0.753604306844999
1,0.95,0.7297681096176563
1,0.7,0.7015056957033567
1,0.44,0.6371213148473407
1,0.39,0.6288243086902754
1,0.3,0.46159348532639033
1,0.38,0.508834315908766
1,0.44,0.5306965100823416
1,0.72,0.7197440358714096
1,0.35,0.6572344304784818
1,0.19,0.4984580338752441
1,0.88,0.6810069940022019
1,0.39,0.5378011932400674
1,0.251,0.545970568023872
1,0.576,0.42080595410093835
1,0.1337,0.5147477492728146
1,0.93,0.7394404994279146
1,0.46,0.5162757109001984
1,0.49,0.48402034290566576
1,0.83,0.8152496927121036
1,0.8,0.615935719153021
1,0.48,0.6361504070749282
1,0.27,0.5664191465035799
1,0.46,0.5687896037044915
1,0.64,0.5198771541020748
1,0.59,0.46746463707898084
1,0.07,0.39211116285104575
1,0.44,0.5954275539088016
1,0.16,0.42521967293397644
1,0.67,0.5494818509712946
1,0.07,0.24117962268566007
1,0.58,0.7219374434806919
1,0.55,0.49987945149638596
1,0.8,0.5648561207245569
1,0.51,0.4588764196798244
1,0.25,0.7920162911298759
1,0.49,0.4163290565948878
1,0.31,0.6186533367198963
1,0.42,0.6539443524698643
1,0.6828,0.7028325381096463
1,0.85,0.6641395381857764
1,0.63,0.5251091920967502
1,0.28,0.4865210244640649
1,0.88,0.6583966091938311
1,0.88,0.704134139238021
1,0.74,0.6340685974751562
1,0.8,0.7941504126498955
1,0.49,0.57274043293963
1,0.8,0.6694999053992577
1,0.894,0.8639943952233325
1,0.6,0.5507658872303026
1,0.46,0.6982616755929824
1,0.71,0.5952704132594571
1,0.76,0.6592167102252217
1,0.64,0.5222841187612799
1,0.367,0.5769106449888891
1,0.6,0.4975218351120107
1,0.75,0.45650526314117557
1,0.27,0.4596869207639185
1,0.42,0.5244063638449933
1,0.95,0.7310332799567472
1,0.22,0.4888522612319206
1,0.1,0.3632020056353008
1,0.44,0.457905327346817
1,0.58,0.5721587470932271
1,0.56,0.5400590905572785
1,0.64,0.6245328872823368
1,0.19,0.2606852341357825
1,0.5,0.35895264236329183
1,0.0087,0.37347577349692423
1,0.73,0.7091524880052014
1,0.04,0.4954010987962196
1,0.4,0.7469114919812073
1,0.341,0.6009126669455809
1,0.83,0.7333448180017705
1,0.22,0.4063939470170705
1,0.16,0.6068545138425241
1,0.49,0.5985674734348799
1,0.51,0.7069922728512306
1,0.659,0.5543093756923033
1,0.661,0.862471922312385
1,0.68,0.6323846866211472
1,0.75,0.6337906415411845
1,0.95,0.7031457206141728
1,0.89,0.7684923397578417
1,0.5,0.5531411752299088
1,0.83,0.736481119560515
1,0.6097,0.4790940405286652
1,0.3,0.5436602247102797
1,0.81,0.7186210398462163
1,0.31,0.5093169878856815
1,0.8,0.6571231102808964
1,0.77,0.7933481170932197
1,0.56,0.38102985960461955
1,0.23,0.5171853162154819
1,0.68,0.7246611470153232
1,0.68,0.704271408294059
1,0.8,0.5907464959428024
1,0.8,0.7832471948272979
1,0.81,0.35688584237595866
1,0.73,0.5595781244023756
1,0.66,0.6071635559213712
1,0.55,0.7247001629083306
1,0.59,0.5151865965053917
1,0.75,0.7136336306767487
1,0.4705,0.5728728312160565
1,0.53,0.48378349810507737
1,0.75,0.6540360123111727
1,0.024,0.5079376197225046
1,1.0,0.7340018239937917
1,0.96,0.8215109654730841
1,0.72,0.6157717080203555
1,0.43,0.627195549708014
1,0.49,0.5187607708271117
1,0.55,0.5199702526975014
1,0.44,0.6211311026375944
1,0.95,0.8689673207570726
1,0.5,0.7093954210122944
1,0.976,0.8092167792630669
1,0.917,0.757793712329859
1,0.79,0.7493832971909454
1,0.43,0.7090657826827858
1,0.59,0.6416633757812914
1,0.878,0.7068540103787133
1,0.54,0.6677575624531249
1,0.515,0.6706104876910987
1,0.62,0.41630584794666553
1,0.86,0.7878019186162004
1,0.09,0.23847808992164043
1,0.8,0.8157770368304909
1,0.614,0.7511981520374131
1,0.9541,0.5811367624549274
1,0.32,0.5115721811418723
1,0.33,0.4966096312028607
1,0.63,0.584267485713073
1,0.97,0.8218319534324179
1,0.38,0.5932603122134723
1,0.57,0.7082343220752109
1,0.97,0.8862846262391398
1,0.49,0.48115338270134
1,0.77,0.5451740608165154
1,0.555,0.5169550911185266
1,0.59,0.5629874851067744
1,0.62,0.7125719010096594
1,0.1395,0.26149908375236275
1,0.7269,0.7626666542183905
1,0.658,0.6080590529486882
1,0.74,0.6609608018353579
1,0.97,0.6749310421987551
1,0.1,0.41802768084686076
1,0.44,0.535406604380426
1,0.165,0.7180373683224517
1,0.02,0.4082693978441454
1,0.45,0.5656178173170148
1,0.7,0.5510744702441421
1,0.7,0.6798687585014562
1,0.97,0.7611938016524844
1,0.714,0.660604645303043
1,0.883,0.7771069013733762
1,0.47,0.6350593948090296
1,0.92,0.819125509376027
1,0.18,0.5117467885055089
1,0.7,0.7205771594007084
1,0.631,0.6632136075625282
1,0.78,0.4943547434607644
1,0.55,0.6117733091292339
1,0.238,0.7284299913100243
1,0.89,0.6536504254939415
1,0.593,0.5336332583124163
1,0.84,0.8013484198015949
1,0.56,0.5821592032176057
1,0.7,0.6364207499263874
1,0.77,0.7795700104066448
1,0.59,0.5980838360521925
1,0.64,0.7161083431202244
1,0.44,0.5381939877612913
1,0.99,0.8888047136533478
1,0.27,0.4954475655695332
1,0.89,0.6755351981775608
1,0.78,0.7506032916375156
1,0.04,0.48657967108686884
1,0.95,0.7793522880556505
1,0.7,0.6127152092404805
1,0.71,0.7019319809280308
1,0.32,0.4600424870448917
1,0.99,0.8043111497990855
1,0.79,0.711859322872199
1,0.953,0.6562813547762402
1,0.5,0.4905931194806396
1,0.85,0.7326130973972917
1,0.63,0.7701844317177362
1,0.18,0.4880537452360844
1,0.94,0.8348201495616578
1,0.81,0.5959288453707836
1,0.8,0.704380312288249
1,0.64,0.6883833591380515
1,0.97,0.5815080297871107
1,0.14,0.5946614466386517
1,0.76,0.7748290912591589
1,0.7,0.6630359760414363
1,0.93,0.6978258472631734
1,0.11,0.49309466948061076
1,0.99,0.7742390202653507
1,0.77,0.6144466086080681
1,0.569,0.6394063759098989
1,0.763,0.7182552628634511
1,0.82,0.6945071100480877
1,0.03,0.2833479544142332
1,0.99,0.8401849602151445
1,0.55,0.7132289299434721
1,0.795,0.7468702225197208
1,0.94,0.7386770672049063
1,0.99,0.705646239976553
1,0.81,0.4627755956916283
1,0.778,0.6934667565464143
1,0.58,0.6048137103797775
1,0.25,0.44024992759803183
1,0.75,0.6255702511754527
1,0.69,0.696131246105573
1,0.89,0.8116082949708665
1,0.79,0.740825681717989
1,0.47,0.49695779901022846
1,0.89,0.7782236268730081
1,0.427,0.5862544142765819
1,0.47,0.6085180106914451
1,0.45,0.6232724447263777
1,0.936,0.7988333230686012
1,0.73,0.5359648951219957
1,0.56,0.6597134891411591
1,0.61,0.6546810179021636
1,0.85,0.8501632875032341
1,0.69,0.607518923879453
1,0.88,0.7533136791424186
1,0.45,0.5350621569089513
1,0.6,0.5547070172253382
1,0.13,0.4370243143833774
1,0.64,0.7361902211659317
1,0.67,0.468396151376984
1,0.86,0.7532561639369242
1,0.44,0.6528235982281226
1,0.4,0.8515236688867571
1,0.76,0.6885224076991411
1,0.34,0.5215937413634651
1,0.67,0.5171489358496489
1,0.69,0.7962408578029295
1,0.34,0.4593545435745012
1,0.65,0.49233052722023674
1,0.89,0.6802350554680714
1,0.62,0.7182427473927766
1,0.59,0.49101937600083806
1,0.89,0.780343800957178
1,0.4693,0.5531177871584797
1,0.67,0.528973759671693
1,0.58,0.5665566382850482
1,0.71,0.47593025885432183
1,0.58,0.5670931292721143
1,0.2,0.39768286410481446
1,0.85,0.7819528685121626
1,0.91,0.6579676589657204
1,0.98,0.9843059311643152
1,0.86,0.5839995287202476
1,0.81,0.6253658920944002
1,0.52,0.6012149350166808
1,0.44,0.6557278847568925
1,0.917,0.8568573024985287
1,0.4,0.615111672059222
1,0.3,0.6531485921572193
1,0.74,0.6820185638410066
1,0.97,0.8444711552735613
1,0.99,0.7696712420149096
1,0.43,0.5094307178876831
1,0.37,0.4791356904846784
1,0.79,0.6928304598576847
1,0.46,0.5827903554315442
1,0.79,0.5765486568327169
1,0.49,0.4996732870381625
1,1.0,0.7036251352456251
1,0.92,0.8795062583742738
1,0.85,0.8366393481562131
1,0.7347,0.7813284758391703
1,0.63,0.6795849222695302
1,0.72,0.6508430261737199
1,0.51,0.3950006977100887
1,0.52,0.5483395670525897
1,0.83,0.734049369553565
1,0.55,0.6633206848967217
1,0.11,0.5970804165262836
1,0.4,0.6678005968346071
1,0.463,0.6148753065699689
1,0.88,0.842063834035613
1,0.97,0.6646353561238925
1,0.53,0.5519262265195533
1,0.1344,0.4169688623370573
1,0.2295,0.5705876824747121
1,0.77,0.8670062768490288
1,0.43,0.5253855969636303
1,0.55,0.6295424631305148
1,0.78,0.5842193549279684
1,0.88,0.7212687784350766
1,0.47,0.5871670833519994
1,0.59,0.5341415935384535
1,0.61,0.6681482136883146
1,0.49,0.6154830747603993
1,0.81,0.7095476529433287
1,0.78,0.7324283836755402
1,0.95,0.7840224869071271
1,0.9,0.7210846332626405
1,0.52,0.6296816612153792
1,0.81,0.7204347326982898
1,0.88,0.6754366620769665
1,0.99,0.837621786006739
1,0.93,0.6882154913950671
1,0.312,0.5764300025740153
1,0.311,0.26096299166967046
1,0.369,0.4111394322126407
1,0.35,0.7163318688632012
1,0.8,0.772391752294227
1,0.62,0.4333258439827261
1,0.74,0.7455579533949164
1,0.66,0.5746648231166274
1,0.38,0.6640126001830342
1,0.72,0.6741468288910508
1,0.79,0.6555699052202799
1,0.35,0.5771814612468285
1,0.87,0.7698016385775415
1,0.463,0.4417373493638482
1,0.92,0.8439093154970836
1,0.5725,0.5693296362530854
1,0.46,0.571501774609694
1,0.58,0.5002674953503027
1,0.65,0.7634050427259043
1,0.2206,0.4397214489943669
1,0.19,0.436896835181069
1,0.78,0.7428236462717568
1,0.94,0.6296349192586547
1,0.65,0.6292887490844167
1,0.91,0.7759766663874262
1,0.75,0.6429962861056027
1,0.587,0.6596303966127828
1,0.53,0.6430987283453741
1,0.94,0.8693200654137272
1,0.14,0.5733195903656609
1,0.74,0.7268985313064381
1,0.081,0.49766359945615685
1,0.4,0.6933897319438829
1,0.24,0.40107432942570515
1,0.33,0.49019606070923943
1,0.76,0.5253170619578638
1,0.96,0.8136331549907622
1,0.89,0.6448979259923986
1,0.62,0.6774853890395836
1,0.38,0.47143199038950184
1,0.25,0.16016278330124434
1,0.834,0.8517355343060959
1,0.79,0.7186525733965538
1,0.456,0.3283674829856961
1,0.68,0.6904975880483952
1,0.05,0.1941680047631995
1,0.84,0.7398425816447383
1,0.94,0.577667879823754
1,0.55,0.5740376124551398
1,0.61,0.5736224706513622
1,0.36,0.6260393986109518
1,0.94,0.880578950857636
1,0.48,0.4903177213597703
1,0.72,0.7897386069416918
1,0.2,0.17889367055173816
1,0.7,0.5755417444116746
1,0.39,0.6681223747616992
1,0.42,0.717966205649825
1,0.4,0.5025824765139153
1,0.95,0.828872472718925
1,0.87,0.6093268074836289
1,0.78,0.6300144677140918
1,0.76,0.9174400685018551
1,0.84,0.8339026604334747
1,0.48,0.6366742123364765
1,0.03,0.1676189876211984
1,0.55,0.7327267306836
1,1.0,0.7514755892209911
1,0.47,0.48188867451187684
1,0.42,0.5219146258532367
1,0.98,0.9179249538810503
1,0.77,0.6287768254920496
1,0.854,0.6447796586599164
1,0.49,0.42093300281243434
1,0.34,0.4882718988536846
1,0.81,0.6300363961769264
1,0.71,0.6473462990329468
1,0.24,0.6858253608769788
1,0.24,0.425399019039501
1,0.6734,0.7118081268990687
1,0.2,0.4947890000660995
1,0.35,0.5194483313467781
1,0.82,0.7377774214009536
1,0.83,0.6870220548778475
1,0.69,0.5071947541825632
1,0.806,0.7894866602752245
1,0.73,0.7495429662806412
1,0.33,0.6805340453579491
1,0.6,0.4574233790298602
1,0.31,0.46463613128348713
1,0.2,0.7146363508379288
1,0.44,0.4037432323850097
1,0.66,0.7323799840031981
1,0.87,0.811218965314737
1,0.76,0.6562831327427985
1,0.26,0.5607964450319195
1,0.87,0.8060429209015785
1,0.999,0.7028716025193262
1,0.5,0.5507906363013576
1,0.45,0.617247791962881
1,0.22,0.6424414745159311
1,0.77,0.5938523531060718
1,0.76,0.7324659846781001
1,0.91,0.7616863648134418
1,0.97,0.763791850089659
1,0.77,0.6574226539481901
1,0.39,0.38819763898358445
1,0.92,0.6267682261903957
1,0.18,0.33061615411001366
1,0.56,0.3814667813886281
1,0.942,0.7500709792153539
1,0.4,0.7401906471490651
1,0.56,0.5554281421084435
1,0.07,0.3268764359396921
1,0.38,0.5515453912389138
1,0.41,0.6702242459347739
1,0.2,0.5980599910578919
1,0.66,0.5773318305376799
1,0.96,0.7391329874612443
1,0.8,0.789942113145361
1,0.43,0.6042246439949922
1,0.84,0.7260808108391448
1,0.91,0.7930460164894619
1,0.45,0.5187564082445969
1,0.39,0.4570093182903551
1,0.63,0.4925845786983116
1,0.49,0.6127938030191676
1,0.94,0.7358069917705254
1,0.9,0.6171342779941109
1,0.2,0.7153096174936536
1,0.35,0.4300973285189098
1,0.87,0.5527070218437858
1,0.62,0.8174738830273287
1,0.72,0.7974696268133803
1,0.68,0.5688279730870579
1,0.99,0.9089444562626287
1,0.7599,0.7107010354818877
1,0.72,0.5233704404784705
1,0.98,0.6778742699012537
1,0.94,0.7330156047773434
1,0.37,0.40425667093557205
1,0.65,0.7252846483018549
1,0.23,0.3757753003935039
1,0.94,0.5895392959827894
1,0.588,0.6868076288342343
1,0.4,0.5342717795421787
1,0.05,0.4203034010278045
1,0.738,0.6919512141766678
1,0.19,0.5510978988000339
1,1.0,0.6047799008267535
1,0.64,0.6770351042827636
1,0.94,0.8313207608189983
1,0.74,0.5907116589728643
1,0.58,0.5789905874262904
1,0.56,0.5870259595800089
1,0.86,0.84431972712325
1,0.92,0.7657998837806612
1,0.413,0.7267648950447833
1,0.87,0.7976929805736055
1,0.77,0.779141730795599
1,0.87,0.7346531076436268
1,0.61,0.5964372786315585
1,0.35,0.617276419602802
1,0.22,0.33144361176211423
1,0.663,0.6880547957608689
1,0.65,0.6315528844094559
1,0.76,0.7445897719575375
1,0.53,0.6571300563566302
1,0.43,0.867361306857166
1,0.42,0.5880158076053599
1,0.64,0.6871536896898195
1,0.95,0.8749087544221157
1,0.288,0.5365644731817407
1,0.27,0.6423574718901776
1,0.83,0.6846385745376546
1,0.46,0.655231226643216
1,0.86,0.805314203308095
1,0.417,0.6524930575136837
1,0.98,0.9244008150706573
1,0.13,0.5411727900670313
1,0.9189,0.6339327319435816
1,0.35,0.51143454018587
1,0.57,0.6105012778950116
1,0.82,0.6984958655472954
1,0.64,0.6636109493704193
1,0.87,0.8264820604536984
1,0.307,0.4387303353323556
1,0.63,0.3909221708006413
1,0.05,0.39499356979528266
1,0.88,0.6642075402372609
1,0.43,0.41575833459530964
1,0.93,0.7349257020391098
1,0.27,0.4985614075577426
1,0.6,0.5426698347304839
1,0.55,0.5494129694345632
1,0.38,0.582100476728443
1,0.51,0.6275654277539893
1,0.652,0.6924365995827041
1,0.88,0.6801688638643936
1,0.071,0.48698929429383364
1,0.18,0.5486956768771811
1,0.42,0.5950972919918045
1,0.84,0.6581978519741007
1,0.97,0.9131278387629178
1,0.56,0.5272437297712651
1,0.5,0.5706134952853674
1,0.675,0.6820043534745293
1,0.73,0.5527133823478296
1,0.827,0.5957764535504194
1,0.38,0.6184853673492442
1,0.94,0.8666202373343931
1,0.73,0.5948357499879104
1,0.9213,0.8113515761258976
1,0.865,0.5777787995586742
1,0.5902,0.5644226810361264
1,0.94,0.7734681035229849
1,0.15,0.5518049023423858
1,0.81,0.7054963227953392
1,0.45,0.5808004170752553
1,0.6,0.6219231186337355
1,0.751,0.6332414163214537
1,0.72,0.5544876855354006
1,0.6,0.5655927975883392
1,0.73,0.5613780002769067
1,0.39,0.48305667336611674
1,0.96,0.7198617225921512
1,0.13,0.7231877865326253
1,0.78,0.7343195444840219
1,0.36,0.531352888946558
1,0.94,0.805673491216246
1,0.92,0.6993298991160342
1,0.76,0.5748042140943672
1,0.91,0.7474320297042263
1,0.65,0.7004428170506499
1,0.14,0.39895090438017905
1,0.96,0.7285539826510075
1,0.7,0.6987484639412085
1,0.892,0.8286955582387333
1,0.84,0.7769899593961627
1,0.63,0.38717991579926664
1,0.43,0.7226248310286968
1,0.17,0.21635651861162364
1,0.62,0.5323048339757483
1,0.89,0.8111346812551714
1,0.3,0.39319384140790803
1,0.71,0.5779573936964667
1,0.55,0.4538309514282932
1,0.54,0.7855927848172233
1,0.72,0.6304259377379601
1,0.69,0.6326504647337536
1,0.8,0.26298060899364845
1,0.18,0.403905363376418
1,0.76,0.6614246958749832
1,0.34,0.572880204504188
1,0.73,0.4480942043021292
1,0.53,0.5939666928314216
1,0.8,0.6115625929177936
1,0.8,0.8514286479607067
1,0.45,0.4024382076777682
1,0.65,0.791022375060004
1,0.52,0.5782979304406843
1,0.4,0.5504524481009476
1,0.59,0.46564232194697763
1,0.72,0.21698718247345528
1,0.51,0.877745822169422
1,0.554,0.7939999966082866
1,0.86,0.7573783938353345
1,0.12,0.47997629991901314
1,0.32,0.5756461712835674
1,0.63,0.5377538847332937
1,0.14,0.5068445218305672
1,0.183,0.5129249519884914
1,0.78,0.6016209125454666
1,0.69,0.6202483303855527
1,0.87,0.6895617115723134
1,0.31,0.6072908420700012
1,0.72,0.7813013571559124
1,0.74,0.5535830075759491
1,0.95,0.6444647674435787
1,0.93,0.9104469954350469
1,0.83,0.5650718141039257
1,0.98,0.7237297835805951
1,0.93,0.8989076096333535
1,0.423,0.5243749862437035
1,0.53,0.839214924218783
1,0.11,0.579345261701905
1,0.41,0.46678568304508494
1,0.81,0.8064105755357336
1,0.82,0.6249659112838037
1,0.92,0.7386494076313175
1,0.33,0.38375074513604807
1,0.85,0.46054298938090205
1,0.5,0.8099824907295763
1,0.9,0.6629443383822917
1,0.85,0.7395166138578875
1,0.82,0.691731580015011
1,0.79,0.5996907643503865
1,0.538,0.23991973354803925
1,0.24,0.560724915224617
1,0.13,0.5425366354577578
1,0.23,0.3285641255259852
1,0.11,0.43103561578771754
1,0.14,0.5216031105787455
1,0.81,0.4389830767235757
1,0.66,0.5741018404791041
1,0.38,0.6076642803042138
1,0.66,0.6483964890224782
1,0.92,0.8125407146977823
1,0.64,0.37548040521394055
1,0.74,0.5617997429326699
1,0.59,0.6002141520331825
1,0.75,0.6783389591342136
1,0.58,0.9085567276656141
1,0.2,0.5321157366079843
1,0.96,0.5432438562335511
1,0.13,0.37686779003972426
1,0.83,0.8052061039231908
1,0.48,0.5200777643779871
1,0.76,0.8228945435522449
1,0.65,0.5754394688972415
1,0.65,0.8220857484747073
1,0.8,0.6523648180006231
1,0.76,0.6768605985166392
1,0.79,0.6503045752890924
1,0.82,0.8090735067140804
1,0.706,0.7185220386162706
1,0.57,0.6175281401030428
1,0.377,0.4267412826093392
1,0.43,0.3806914785368643
1,0.99,0.8301913301218681
1,0.1,0.4638819423818997
1,0.78,0.610803621411086
1,0.79,0.6251932031749073
1,0.96,0.8496388605662066
1,0.28,0.7108134272084118
1,0.4,0.48274185501891087
1,0.8,0.7240381900027314
1,0.37,0.47131623757647445
1,0.81,0.5468276056487507
1,0.71,0.7162721835212912
1,0.7,0.603156568034817
1,0.625,0.6346043379862104
1,0.58,0.526029079936662
1,0.37,0.4217748022012548
1,0.86,0.5689043597037499
1,0.76,0.6629588851956868
1,0.32,0.6633267959426078
1,0.1,0.32054740471277987
1,0.685,0.4450992296962181
1,0.97,0.9459419061939278
1,0.99,0.7902029296190917
1,0.72,0.710048850766836
1,0.286,0.4447154541063385
1,0.62,0.671909241069044
1,0.58,0.705359258561327
1,0.23,0.36986584671628114
1,0.89,0.7922796404379928
1,0.735,0.5625269133283033
1,0.54,0.5517666343295349
1,0.92,0.8536907611089934
1,0.5,0.631351394459887
1,0.92,0.780766075249593
1,0.34,0.5879617326791241
1,0.73,0.45240872324918546
1,0.94,0.6969494064810691
1,0.74,0.6956545533235561
1,0.4,0.6767322222571834
1,0.18,0.41913763702153856
1,0.79,0.7376593092556996
1,0.72,0.7483556993020762
1,0.3,0.48543303862988185
1,0.79,0.7249785873181235
1,0.9,0.7154923247035931
1,0.84,0.5191511032225727
1,0.56,0.6666561759530008
1,0.66,0.6515753445064439
1,0.82,0.7115352253881198
1,0.87,0.4447147528804096
1,0.2,0.3591916235873041
1,0.8018,0.7660180565230806
1,0.349,0.491676999466356
1,0.42,0.6554055013068092
1,0.95,0.8175810107341408
1,0.9,0.7665764235542443
1,0.972,0.7532047874011902
1,0.0301,0.36654428608689477
1,0.7,0.6298056168705636
1,0.65,0.6252472588999105
1,0.51,0.6743987149765656
1,0.96,0.6102695668701198
1,0.64,0.764346419231251
1,0.38,0.6226616290152255
1,0.44,0.5658127635965384
1,0.84,0.7161466161103328
1,0.18,0.607894442344254
1,0.95,0.8112888551390833
1,0.75,0.85328546628477
1,0.84,0.7226964423587451
1,0.66,0.6816896340805498
1,0.99,0.8028386827223861
1,0.37,0.4525411292882221
1,0.9,0.84041819479612
1,0.63,0.5873053595827693
1,0.52,0.5576346196430617
1,0.75,0.5718921259675789
1,0.9,0.657155745806039
1,0.53,0.4051629829844956
1,0.94,0.6905832587991971
1,0.09,0.5409708107786236
1,0.42,0.4878408082763349
1,0.82,0.722956404502891
1,0.78,0.7754801864246006
1,0.9,0.6056278380602674
1,0.77,0.7774746491118968
1,0.92,0.8675773479268936
1,0.13,0.4909901358420149
1,1.0,0.8580347652070146
1,0.72,0.7806383580205629
1,0.3,0.5369242415844666
1,0.32,0.6080166597087855
1,0.1,0.5054916449804777
1,0.95,0.8356857574729173
1,0.99,0.882963586822676
1,0.04,0.37248323915440684
1,0.55,0.7838167121554065
1,0.9,0.8265270973307826
1,0.2,0.6364374116440195
1,0.89,0.8223583055395292
1,0.695,0.6796539418116413
1,0.78,0.6211806742581577
1,0.83,0.6243768327050827
1,0.55,0.5380247872207202
1,0.75,0.7188720139874331
1,0.36,0.5079273779241806
1,0.84,0.8051545969504985
1,0.75,0.510825453656486
1,0.788,0.7459635501875441
1,0.41,0.6457472163299067
1,0.35,0.6549407968890033
1,0.81,0.7531696758895547
1,0.808,0.6712275041763973
1,0.892,0.7568253295033844
1,0.72,0.7186896278851214
1,0.68,0.5113633841721911
1,0.8,0.7649439300876362
1,0.78,0.6249287104876009
1,0.318,0.5236293045230782
1,0.4,0.43165329841263783
1,0.24,0.4450425652113022
1,0.3,0.5420674731435298
1,0.73,0.697774380953181
1,0.39,0.7852682413641987
1,0.79,0.6866274421373533
1,0.92,0.7980049037245517
1,0.45,0.5925361109086138
1,0.42,0.5807233842327362
1,0.63,0.5810878105997638
1,0.98,0.9306307676685757
1,0.99,0.9175275080228749
1,0.63,0.7799575959473802
1,1.0,0.4898028387732619
1,0.87,0.8511978117490748
1,0.94,0.9071250500689366
1,0.2578,0.3555024141237056
1,0.26,0.3433035046818206
1,0.26,0.5098140747803731
1,0.65,0.6206684541941578
1,0.77,0.7068704206226133
1,0.1,0.1860961175416694
1,0.8,0.6009653902015861
1,1.0,0.7582080531439913
1,0.19,0.41711549830599587
1,0.97,0.8744072669079961
1,0.83,0.865613156741174
1,0.54,0.5209983504784175
1,0.46,0.5967807309947533
1,0.87,0.8269963071313974
1,0.707,0.7118555187823167
1,0.99,0.8485595191106472
1,0.6593,0.34957517518349457
1,0.91,0.8126366414544735
1,0.83,0.7046088763368451
1,0.88,0.846414766938486
1,0.91,0.8198648120739249
1,0.9677,0.8542326483953182
1,0.41,0.3468355254630018
1,0.67,0.6572058132567189
1,0.39,0.5159844785108338
1,0.71,0.5786171463177496
1,0.72,0.6669594902247467
1,0.1275,0.4455439979974361
1,0.7,0.7128746168000024
1,0.35,0.6232961081266842
1,0.68,0.5915430833052713
1,0.904,0.670798995459264
1,0.48,0.6251000318687552
1,0.48,0.5228956414232079
1,0.31,0.5943764778560148
1,0.949,0.6614858083934034
1,0.74,0.7155397674260411
1,0.7,0.6959821778463298
1,0.59,0.534220003730128
1,0.69,0.48787283666067893
1,0.82,0.6928362229889042
1,0.1188,0.45388247877168075
1,0.26,0.5293109437601748
1,0.94,0.7719865975814902
1,0.404,0.6766962106145945
1,0.51,0.7285661551721614
1,0.76,0.5967470195248898
1,0.749,0.6037949923368998
1,0.4544,0.5632275413457153
1,0.94,0.7245488766570616
1,0.96,0.8306824997565657
1,0.821,0.7833048548058146
1,0.33,0.4210976504099745
1,0.72,0.7649622265494169
1,0.57,0.6379920759483044
1,0.697,0.3202352750056501
1,1.0,0.6730348491431941
1,0.402,0.5972407790148015
1,0.04,0.23532152157207414
1,0.45,0.6683700857443121
1,0.602,0.7205337597442971
1,0.634,0.4143853422758494
1,0.69,0.46968749753126804
1,0.47,0.4841402896829
1,0.64,0.5678063994600296
1,0.52,0.49991010084886545
1,0.96,0.584412473509484
1,0.91,0.8324253107179378
1,0.2926,0.5630272910630254
1,0.59,0.7354143584658053
1,0.84,0.5494402525016557
1,0.48,0.37226182475856856
1,0.64,0.7379133956756265
1,0.72,0.597137146076075
1,0.44,0.6758816315267822
1,0.54,0.5626940412688652
1,0.62,0.5755549532712304
1,0.74,0.7331890647227006
1,0.65,0.5665587772891651
1,0.43,0.4938768475403551
1,0.84,0.5446186168231366
1,0.99,0.7323685367404837
1,0.5,0.6444877476739909
1,0.937,0.3483063314442487
1,0.96,0.6363311376896377
1,0.57,0.5594399221165614
1,0.27,0.25178149573544883
1,0.4296,0.6985187250677181
1,0.96,0.947764828873359
1,1.0,0.8701025133452571
1,0.79,0.7926660169794157
1,0.84,0.7192628138630304
1,0.564,0.6679577251142781
1,0.79,0.6539072133903638
1,0.44,0.49064789751160465
1,0.136,0.320762602262991
1,0.94,0.49621341664119883
1,0.65,0.8181672135110779
1,0.62,0.6302379425416571
1,0.78,0.7415405811291897
1,0.609,0.6282417393241889
1,0.56,0.46732602061572126
1,0.55,0.575824484816453
1,0.68,0.5808832694126033
1,0.85,0.5449140004288928
1,0.27,0.4257924899547829
1,0.097,0.2152567093327099
1,0.25,0.3985290321468459
1,0.32,0.4215648135872997
1,0.37,0.5638215383295261
1,0.708,0.5291858047932954
1,0.25,0.507952635310337
1,0.59,0.628069447156044
1,0.14,0.5219691214981457
1,0.56,0.6080890094410828
1,0.89,0.6807060180432856
1,0.95,0.8863441527154671
1,0.806,0.7084072931281908
1,0.7,0.44518854785289674
1,0.79,0.46359990965042686
1,0.6,0.45548157122745303
1,0.77,0.5581306117872366
1,0.99,0.866944826593768
1,0.15,0.3985418787327166
1,0.75,0.5608130843219642
1,0.89,0.8226593934767844
1,0.57,0.8104045934970328
1,0.48,0.6721556303315126
1,0.815,0.7665352370020238
1,0.98,0.8931091704399521
1,0.49,0.47731929484809865
1,0.97,0.6885598136031567
1,0.68,0.6143502911880581
1,0.63,0.534689920914175
1,0.34,0.49090108590021064
1,0.76,0.5478089064425119
1,0.86,0.7739471060536899
1,0.87,0.6831548304834518
1,0.88,0.6259911361307579
1,0.49,0.563443299903872
1,0.52,0.5904836347912212
1,0.46,0.45023361435292536
1,0.89,0.7014469623924076
1,0.23,0.6559796587060207
1,0.94,0.744514528499223
1,0.69,0.7469966503289398
1,0.92,0.7926356203787286
1,0.78,0.7540440377702758
1,0.4,0.4228524452042872
1,0.91,0.921639525137039
1,0.91,0.6095246087073645
1,0.79,0.5744559632550748
1,0.82,0.6984989580630849
1,0.31,0.5798455070258967
1,0.76,0.684264890147981
1,0.38,0.46632229614698173
1,0.866,0.716127482234333
1,0.877,0.889518575255598
1,0.75,0.7601470422361715
1,0.95,0.4936456227200311
1,0.8,0.7452109926383081
1,0.26,0.36172989459045646
1,0.3,0.6353231179675909
1,0.67,0.7208089852112963
1,0.84,0.7478157955586593
1,1.0,0.5545969471202341
1,0.82,0.6589548777364632
1,0.27,0.7010686015399059
1,0.76,0.6181146198235352
1,1.0,0.7803949085844241
1,0.04,0.39809991089459806
1,0.7,0.6741141656423929
1,0.94,0.7175428079623575
1,0.77,0.6808192708742573
1,0.49,0.39033481818595583
1,0.83,0.6149356633300773
1,0.99,0.8836811604692354
1,0.35,0.33226911210962506
1,0.54,0.5623102241491669
1,0.64,0.541687184524829
1,0.87,0.6850109206288086
1,0.8307,0.5743701673969076
1,0.2459,0.5436723561359118
1,0.69,0.6350560772117388
1,0.74,0.6411981790056205
1,0.94,0.8610061818926812
1,0.581,0.6149833771158075
1,0.82,0.7258565037475997
1,0.75,0.5565948556230511
1,0.3,0.43093100871500645
1,0.54,0.7192616020960702
1,0.7,0.7218062466394655
1,0.9,0.9171873476732699
1,0.8,0.6363950239829657
1,0.765,0.5235636894503968
1,0.8,0.7004530819638473
1,0.76,0.624839092957618
1,0.83,0.48856838882890663
1,0.39,0.37836779571454177
1,0.34,0.6595109722398005
1,0.8,0.547994914096031
1,0.6,0.4009070381457961
1,0.689,0.7040123678091526
1,0.23,0.44377205481230597
1,0.81,0.5534787407858741
1,0.679,0.6459294142991536
1,0.54,0.718453272330908
1,0.94,0.859322036084913
1,0.271,0.23231037161668794
1,0.82,0.6124883900911866
1,0.27,0.5543075133526041
1,0.89,0.6339417363055645
1,0.873,0.6637499581357915
1,0.34,0.3090024834983968
1,0.75,0.5653749885895583
1,0.94,0.8789881924610503
1,0.44,0.5985598242789526
1,0.65,0.5720631252872361
1,0.54,0.5189561578707267
1,0.47,0.6615786186447836
1,0.95,0.8552408309611501
1,0.75,0.7360039513677025
1,0.92,0.6687135001391579
1,0.88,0.6229786333506353
1,0.45,0.7180913562252127
1,0.25,0.5744164401389218
1,0.88,0.8185449589812697
1,0.35,0.48502804998650306
1,0.35,0.4541508212774344
1,0.8,0.7355922803179533
1,0.8502,0.777692114912652
1,0.78,0.7144296647176819
1,0.352,0.3767769069861241
1,0.75,0.46924558667901184
1,0.28,0.6031733959284805
1,0.76,0.8534574450163082
1,0.768,0.5605359621296467
1,0.66,0.5459272535453602
1,0.84,0.6694456133946645
1,0.99,0.8227015649701328
1,0.368,0.63761254726366
1,0.35,0.3626260776460093
1,0.8,0.6752334548859358
1,0.643,0.34016970912437394
1,0.69,0.6172535582478695
1,0.75,0.5401641405281643
1,0.9,0.6068555341058385
1,0.94,0.5601808865754752
1,0.1,0.5689341044119847
1,0.868,0.7612272514849124
1,0.76,0.6937092472123313
1,0.93,0.7492275740959499
1,0.51,0.5065085579992662
1,0.53,0.6639982742780455
1,0.46,0.5091204408612173
1,0.8465,0.6828415489872124
1,0.61,0.5790465639579054
1,0.312,0.5811005699843979
1,0.16,0.6835165729195074
1,0.525,0.4569587079588424
1,0.37,0.5209219165751824
1,0.71,0.5381763750008794
1,0.73,0.8062581215536547
1,0.825,0.6752342883299864
1,0.73,0.8034827319886597
1,0.5,0.537928068644516
1,0.561,0.6641559783734965
1,0.82,0.7802263214169972
1,0.243,0.38382052809043204
1,0.678,0.6150309663139153
1,0.71,0.7073041341400188
1,0.71,0.7072431482784284
1,0.28,0.4577591787511055
1,0.45,0.4980377366635994
1,0.3,0.46806296786278045
1,0.71,0.7204075535521424
1,0.939,0.5848434355083055
1,0.864,0.732789851402589
1,0.89,0.6910697458447853
1,0.8,0.5054109363344623
1,0.59,0.5558501397153296
1,0.67,0.6870946165498311
1,0.69,0.5471859141737244
1,0.52,0.5058834137410497
1,0.48,0.6223909748544285
1,0.706,0.6559006499457597
1,0.54,0.547956374919699
1,0.81,0.7510405703324808
1,1.0,0.93540367967334
1,0.9,0.45584851858843317
1,0.652,0.5902845588704262
1,0.65,0.682712839726298
1,0.314,0.5227788026944171
1,0.62,0.7172568812188627
1,0.6,0.5481433505392446
1,0.378,0.4324092825619636
1,0.81,0.8813924295861175
1,0.51,0.682278270101291
1,0.79,0.49663786658359743
1,0.75,0.6891773665967688
1,0.008,0.14470573981231424
1,0.89,0.6079050316783932
1,0.53,0.7779884453795451
1,0.832,0.7108232863048511
1,0.63,0.7535930562275349
1,0.72,0.6906810681919252
1,0.92,0.8892262466246708
1,0.86,0.690809486560962
1,0.84,0.5808309679122495
1,0.43,0.41193816275585415
1,0.12,0.1850736056038228
1,0.78,0.7318017188764032
1,0.31,0.6315476653740234
1,0.78,0.7401709146374766
1,0.47,0.5557917706904016
1,0.66,0.6220783618352659
1,0.24,0.6115143702580031
1,0.27,0.3580357234008429
1,0.95,0.8581523439293498
1,0.42,0.571660210963992
1,0.74,0.658169858421601
1,0.53,0.54383909941021
1,0.54,0.5605806981257869
1,0.8,0.8309679166009107
1,0.845,0.6047851100057503
1,0.71,0.5382426169366366
1,0.56,0.4671062902266586
1,0.704,0.7261637060711728
1,0.56,0.48109550744184987
1,0.77,0.4749726352870649
1,0.711,0.6189053511169591
1,0.9,0.8275418725891612
1,0.85,0.3274707163351811
1,0.593,0.4785100768760835
1,0.93,0.8174706498584641
1,0.8,0.7817576935412123
1,0.391,0.4880045456435056
1,0.37,0.4954168306696102
1,0.71,0.5207024577290594
1,0.86,0.5349225330893383
1,0.81,0.4754473327207949
1,0.17,0.49015046714482846
1,0.85,0.7509368784934998
1,0.92,0.6137897490884431
1,0.293,0.3896386174616132
1,0.79,0.7730140306625948
1,0.54,0.6586220114498634
1,0.396,0.47273963359050786
1,0.421,0.7259040407072135
1,0.87,0.8614273600507637
1,0.79,0.7693373071129999
1,0.38,0.46203011705281005
1,0.75,0.885710001303772
1,0.68,0.6313756177039825
1,0.51,0.608211942637672
1,0.87,0.8153422688548757
1,0.43,0.6931686667223461
1,0.3,0.36117577011306246
1,0.91,0.842433631230922
1,0.956,0.275730464969753
1,0.89,0.6561742031428432
1,0.068,0.22935061056954498
1,0.68,0.5391869715673243
1,0.1,0.4188639446215683
1,0.84,0.7024488857127702
1,0.66,0.5680025895408203
1,0.78,0.5768255814636911
1,0.88,0.6248321263642744
1,0.7,0.7131241890003917
1,0.95,0.7694111983489351
1,0.87,0.8948419015133741
1,0.55,0.5662458513626266
1,0.84,0.7192863344081275
1,0.5,0.6275292091746104
1,0.41,0.5232253868589269
1,0.8,0.7372251133297014
1,0.65,0.6612155092795461
1,0.82,0.7475183439183104
1,0.29,0.5072007308559212
1,0.64,0.7365137752449916
1,0.88,0.6389036051366737
1,0.62,0.5458538075028398
1,0.9,0.6599207955611637
1,0.43,0.5170075991915662
1,0.76,0.6632394000774233
1,0.78,0.8228598042532358
1,0.53,0.8637590228012046
1,0.62,0.7801018322935429
1,0.771,0.5283959684312884
1,0.27,0.3687853140337857
1,0.956,0.65455718291792
1,0.38,0.4689487667182996
1,0.52,0.8115809408599794
1,0.43,0.6978321286584143
1,0.58,0.6108861445882519
1,0.85,0.6651340853410741
1,0.97,0.9120737002280352
1,0.42,0.5360655888327961
1,0.7,0.6635050875545196
1,0.92,0.6207927459009872
1,0.31,0.5520209313915955
1,0.27,0.6912934170961783
1,0.3,0.6633291334731422
1,0.8,0.6804928189267264
1,0.858,0.7368650571152191
1,0.82,0.8037459383571236
1,0.4,0.5110721398569703
1,0.652,0.5583151068066661
1,0.75,0.6239473962333263
1,0.7,0.6772108629240617
1,0.849,0.7339480698688694
1,0.38,0.5343082637750671
1,0.79,0.7552337636319729
1,0.8,0.6835317906789079
1,0.6,0.7151451386764409
1,0.74,0.786932761291132
1,0.73,0.6077821000527838
1,0.136,0.5363337500213762
1,0.76,0.579992963398671
1,0.9,0.5763006111844589
1,0.293,0.7799738795638745
1,0.89,0.7058763390719502
1,0.8,0.6130715378153571
1,0.91,0.8705966549266442
1,0.91,0.7955437945876409
1,0.96,0.8651335888534322
1,0.99,0.5844769115482601
1,0.7453,0.5757800810704446
1,0.98,0.6721862743004348
1,0.75,0.7248051815789884
1,0.92,0.8117915997778213
1,0.749,0.6826441850546079
1,0.53,0.5193652357645795
1,0.85,0.45007559837796884
1,1.0,0.7792450477251835
1,0.4,0.695018381597301
1,0.85,0.6546787373186613
1,0.91,0.48244925339829126
1,0.83,0.811077173051708
1,0.41,0.6909763587231839
1,0.48,0.47129809705230086
1,0.94,0.6619841929730562
1,0.53,0.4481628061701233
1,0.85,0.6647277323411491
1,0.7,0.7832422565822462
1,0.73,0.5933116302799546
1,0.81,0.6610047098182398
1,0.47,0.49952254288256864
1,0.84,0.4851095526036314
1,0.902,0.6783085031550298
1,0.48,0.4046283414027698
1,0.49,0.6342727685005694
1,0.68,0.6174333505520225
1,0.98,0.7563505888148141
1,0.19,0.49680348589663526
1,0.9101,0.6163495271117823
1,0.46,0.571874011040692
1,0.1667,0.6376141160355693
1,0.97,0.7317479870300909
1,0.98,0.8515052622737269
1,0.86,0.6771816053856423
1,0.85,0.5456134992433894
1,0.78,0.5826667140954653
1,0.55,0.5571700240537205
1,0.53,0.6059885618971508
1,0.9007,0.7908854426965799
1,0.49,0.7243381449561769
1,0.9,0.8657309728414921
1,0.74,0.869661207283442
1,0.17,0.5475428732684043
1,0.85,0.8360516802548879
1,0.75,0.73206838555139
1,0.48,0.5729224122222828
1,0.8,0.8137254654925833
1,0.787,0.6756939821815069
1,0.7,0.7179855247744806
1,0.62,0.4849002023630163
1,0.94,0.5002966977063192
1,0.48,0.6282857725829913
1,0.52,0.6688859042969595
1,0.73,0.6835299317895478
1,0.55,0.6117776863825283
1,0.2,0.5005858020454637
1,0.7,0.6301749095619789
1,0.12,0.3584397643204915
1,0.4,0.5882313059816506
1,0.73,0.6548794496983174
1,0.42,0.48595693124627226
1,0.953,0.7717573705447138
1,0.9647,0.8138753109725669
1,0.84,0.7320225165479819
1,0.78,0.7106023497589744
1,0.6,0.6582019928905136
1,0.913,0.8111269444960635
1,0.88,0.7532473162781597
1,0.1277,0.6129037466882619
1,0.1233,0.4106485518665757
1,0.54,0.546967905463913
1,0.84,0.7173389755720011
1,0.11,0.3960865772418154
1,0.41,0.6656347690809358
1,0.5,0.7116596002671531
1,0.92,0.7422151419368477
1,0.1244,0.4316120052225867
1,0.6,0.7021122728656395
1,0.755,0.7367524120259372
1,0.91,0.8317592001274143
1,0.67,0.7272392588130501
1,0.228,0.6961591003061677
1,0.32,0.5410589190275474
1,0.97,0.8972968795851196
1,0.11,0.6158852418020379
1,0.777,0.747542153439166
1,0.71,0.5328181330648234
1,0.95,0.7247525985350369
1,0.95,0.7860450474960462
1,0.6098,0.7667418978053935
1,0.9,0.7410911581571463
1,0.8,0.7637890635146937
1,0.493,0.40319712310028355
1,0.73,0.7585581764998354
1,0.55,0.7115987287455178
1,0.61,0.6983805926749832
1,0.72,0.7160994269654651
1,0.26,0.3603084370139505
1,0.23,0.40996651052508326
1,0.77,0.6835867057642013
1,0.5968,0.5877833371103887
1,0.36,0.6211474631365019
1,0.87,0.7937992968276026
1,0.4,0.5993020476734122
1,0.85,0.5005573276540287
1,0.457,0.6886766849960804
1,0.44,0.4769430869132688
1,0.55,0.56095954087111
1,0.7,0.49063823811365204
1,0.82,0.6352693334871763
1,0.514,0.5806346659026599
1,0.875,0.7615375960535626
1,0.27,0.4524821788542268
1,0.98,0.8401593096380071
1,0.94,0.8176098435332031
1,0.7,0.5543069020458298
1,0.76,0.9141303249177668
1,0.88,0.7313083647009737
1,0.9988,0.6881575939347213
1,0.881,0.6291354390615445
1,0.64,0.36729015210906235
1,0.8833,0.4929483651995121
1,0.68,0.7189393795770341
1,0.47,0.4241631625263397
1,0.07,0.26829544218094437
1,0.8,0.7249086498066059
1,0.85,0.8033289150647311
1,0.73,0.5765688929288268
1,0.26,0.6474424389778529
1,0.31,0.4149932993117236
1,0.84,0.7036385228701802
1,0.8,0.669755923426357
1,0.44,0.6675967336579793
1,0.766,0.6968230341670912
1,0.65,0.7874109606191189
1,0.2,0.39897041545136314
1,0.52,0.6136608775689385
1,0.24,0.619795768705735
1,0.24,0.48649555583610227
1,0.3,0.5188076509895467
1,1.0,0.8419609156175769
1,0.75,0.5242573287320104
1,0.6,0.7273142921095775
1,0.69,0.3567063674354377
1,0.65,0.47680332777997814
1,0.6,0.6148102000371047
1,0.87,0.7584042521859673
1,0.24,0.47658205525104813
1,0.6,0.7415023024955628
1,0.35,0.4423624608836263
1,0.49,0.5124986869198627
1,0.65,0.6713898802826133
1,0.94,0.7227315169074784
1,0.66,0.5479765875497935
1,0.8,0.7161093012779824
1,0.72,0.7939617617335761
1,0.78,0.5202238758179832
1,0.78,0.6718279359141318
1,0.99,0.9039629070966921
1,0.97,0.8319334184368452
1,0.7,0.6329668501185857
1,0.35,0.3928252559046861
1,0.84,0.7734912698879599
1,0.8,0.806038152194027
1,0.77,0.7531321975618526
1,0.8,0.863997594962773
1,0.65,0.4604682226448973
1,0.915,0.5734616710419262
1,0.92,0.8643387840035752
1,0.89,0.7043298048877853
1,0.754,0.8272474469156456
1,0.91,0.8058557574578222
1,0.71,0.7242795282642144
1,0.75,0.7456311782137754
1,0.75,0.6421729582326516
1,0.67,0.6636733231804391
1,0.91,0.7472067813466936
1,0.14,0.1690663229679116
1,0.838,0.7233660307746367
1,0.79,0.6990842470816413
1,0.9,0.8348697238969538
1,0.56,0.5211479756156604
1,0.55,0.532870104166718
1,0.77,0.5791806974675102
1,0.75,0.5496929677819732
1,0.79,0.6781489785210564
1,0.58,0.5402683211372922
1,0.42,0.44303091251613935
1,0.82,0.6786801229953959
1,0.47,0.46828321476038104
1,0.99,0.6311735252745516
1,0.98,0.7180974472560534
1,0.28,0.446462326009052
1,0.95,0.6151600034691828
1,0.89,0.7994271719354336
1,0.475,0.5352071228118819
1,0.86,0.6796179554205108
1,0.4418,0.41120965968088496
1,0.86,0.6648756098955806
1,0.7,0.6336546840405637
1,0.65,0.6093439507810126
1,0.47,0.4135376554353347
1,0.91,0.49424147032509447
1,0.945,0.7839782120221094
1,0.99,0.8942314728898353
1,0.15,0.5746209963609263
1,0.16,0.44770072867111177
1,0.759,0.660548852491242
1,0.4631,0.4882733984841091
1,0.8,0.45912087258389955
1,0.74,0.5957673561396741
1,0.71,0.6582756235525974
1,0.62,0.7545572383612931
1,0.33,0.4957783796393054
1,0.97,0.7359215804118383
1,0.83,0.610498960575468
1,1.0,0.8533673410347489
1,0.88,0.8509291837632847
1,0.3,0.6597237487760116
1,0.55,0.6397048372366894
1,0.73,0.6815162685801093
1,0.75,0.7494932352656299
1,0.76,0.7285302146283973
1,0.84,0.745939668402775
1,0.46,0.5178164131038664
1,0.129,0.5428626259031246
1,0.8,0.8033087254579229
1,0.83,0.517078644776726
1,0.76,0.6028247122306185
1,0.79,0.7596423743113754
1,0.96,0.9317180842729982
1,0.87,0.47814750746727014
1,0.92,0.47672638366611775
1,0.257,0.4521942621941199
1,0.24,0.3924307111333364
1,0.9,0.8843999475111335
1,0.58,0.6341700629124847
1,1.0,0.8618716832452668
1,0.39,0.4741796560435949
1,0.11,0.7282674773493103
1,0.85,0.725433958422959
1,0.7135,0.79162214215836
1,0.59,0.8395626586198259
1,0.352,0.5195338836420593
1,0.65,0.6435118497769625
1,0.43,0.573702526414376
1,0.63,0.5756445994166494
1,0.77,0.8169551278817355
1,0.79,0.812827633977249
1,0.74,0.7971355719892771
1,0.74,0.5570921129925449
1,0.39,0.6465592222639541
1,0.8,0.605286896502937
1,0.69,0.6008329661281571
1,0.12,0.5754917349647024
1,0.478,0.6344839703348326
1,0.79,0.8006057451889977
1,0.85,0.8404267070571332
1,0.269,0.5625824767144713
1,0.8,0.5880531193971258
1,0.8,0.7900069347151104
1,0.35,0.550057597400389
1,0.86,0.8131118126002597
1,0.36,0.5820525693330667
1,0.76,0.7260461424756847
1,0.96,0.713210400479489
1,0.94,0.8221826904625182
1,0.56,0.6215348130366805
1,0.87,0.741904503656645
1,0.55,0.7409815041121987
1,0.76,0.7161495087960332
1,0.99,0.5919855305153763
1,0.82,0.7026282212334273
1,0.47,0.31547379698605515
1,0.26,0.5583469951380805
1,0.57,0.8121300553186881
1,0.7,0.5808412544524625
1,0.76,0.6514421010397566
1,0.55,0.5332254070865996
1,0.75,0.728269372077041
1,0.834,0.7071288006666399
1,0.6565,0.6538908958221757
1,0.72,0.8132990453367919
1,0.587,0.507078096844623
1,0.88,0.8266355165215739
1,0.9,0.4834697017956802
1,0.28,0.24624842671713087
1,0.97,0.5021203957782219
1,0.52,0.6206821612062922
1,0.78,0.7439925001014542
1,0.15,0.6865482314326173
1,0.59,0.5887634992979831
1,0.67,0.6652208147367902
1,0.57,0.628649186669865
1,0.46,0.3543583250870405
1,0.71,0.7236348591237876
1,0.88,0.5937905269012823
1,0.53,0.642420687637203
1,0.7,0.7261329645966839
1,0.79,0.5469521164436256
1,0.46,0.6369929955154253
1,0.57,0.6091948879944198
1,0.88,0.8867659935581422
1,0.53,0.5855647613317865
1,0.6,0.649567035645378
1,0.81,0.723622269021221
1,0.86,0.7906216270446222
1,0.12,0.6763062160426185
1,0.82,0.7384320195922964
1,0.12,0.38798378054344584
1,0.23,0.641092028305005
1,0.6854,0.5674919848769349
1,0.986,0.8180742193745083
1,0.34,0.46953569661810923
1,0.34,0.6170787659204963
1,0.95,0.7255258420527904
1,0.9,0.8102846864641476
1,0.64,0.6550240008822631
1,0.6,0.6477996959538499
1,0.43,0.38075115777665697
1,0.686,0.620503717618837
1,0.69,0.6777393968059716
1,0.45,0.7305367737908586
1,0.56,0.4870960102616462
1,0.76,0.733269951797326
1,0.32,0.4108178786657123
1,0.673,0.7255282903901203
1,0.56,0.5401306591563075
1,0.175,0.6621446959818051
1,0.94,0.6328193977692056
1,0.59,0.575823327166783
1,0.87,0.7220676739238954
1,0.28,0.5111735801658985
1,0.2,0.3091083393179822
1,0.76,0.5651363314639297
1,0.73,0.4216824177546431
1,0.42,0.6792893668960661
1,0.584,0.7071902330362025
1,0.865,0.49897989315677027
1,0.9876,0.8275751215136316
1,0.4,0.5358879221149123
1,0.96,0.8565218209242074
1,0.72,0.8258372310002636
1,0.76,0.6068791242658506
1,0.86,0.7540138514068788
1,0.73,0.7420386350529563
1,0.568,0.6069807084454633
1,0.76,0.5446898206387154
1,0.784,0.5366183673784289
1,0.56,0.6481451389260537
1,0.69,0.6742116805909238
1,0.7,0.6478350790749808
1,0.19,0.5080545714936684
1,0.874,0.662678482247668
1,0.67,0.6391125707705569
1,0.9,0.8189735572312762
1,0.42,0.485376728195344
1,0.4,0.6074981875572356
1,0.9,0.909831894712031
1,0.35,0.43002511448684466
1,0.87,0.8414306202061713
1,0.04,0.21774828746421943
1,0.08,0.5038626533229498
1,0.39,0.5212092387468538
1,0.91,0.7314938951525205
1,0.725,0.6926672826737695
1,0.82,0.772771668066918
1,0.79,0.6056103383837658
1,0.1,0.4184558088023325
1,0.79,0.6832455012209908
1,0.91,0.5813218307952389
1,0.827,0.805351454825578
1,0.85,0.7824045683225977
1,0.64,0.7269162877350072
1,0.48,0.7145307494374826
1,0.64,0.7870103701782232
1,0.15,0.41364588822393866
1,0.88,0.8106372737163243
1,0.76,0.5925367652829768
1,0.68,0.7104468965638483
1,0.79,0.7145002531223481
1,0.73,0.5496298663594528
1,0.43,0.475079755988423
1,0.18,0.479754063097157
1,0.54,0.6280685081119266
1,0.5,0.6643250470265971
1,0.662,0.5525844103828541
1,0.439,0.6325337849713029
1,0.45,0.6610997295920553
1,0.75,0.7512800958148457
1,0.6,0.578003395115197
1,0.65,0.6433948694123122
1,0.849,0.8067570702736491
1,0.35,0.4879229908593339
1,0.63,0.7426000235152731
1,0.71,0.8581095505621258
1,0.65,0.6525439673699982
1,0.8,0.7495899797920863
1,0.46,0.6700902411476349
1,0.62,0.6731782762481052
1,0.6,0.5439657622209121
1,0.36,0.6751268385249793
1,0.7,0.6898509564094975
1,0.73,0.7377570273657073
1,0.34,0.5834771115795266
1,0.9,0.7579202848189832
1,0.82,0.6387651798104997
1,0.97,0.5665157590859304
1,0.9649,0.7792029091525842
1,0.96,0.6928246581412723
1,0.77,0.7323216162869387
1,0.38,0.6828626236768602
1,0.23,0.5446069191153134
1,0.44,0.2529030450223301
1,0.74,0.6501824046301176
1,0.41,0.539920107232064
1,0.29,0.41298473411378966
1,0.956,0.8533867259114849
1,0.45,0.6726365091564112
1,0.75,0.7110315336339195
1,0.8446,0.7957576971474715
1,0.89,0.7483755987966886
1,0.98,0.48553814800712114
1,0.99,0.5639034766443243
1,0.47,0.5517796355063261
1,0.823,0.7623718430268168
1,0.27,0.4322212883868621
1,0.93,0.6683979570648817
1,0.84,0.6909636419321519
1,0.63,0.6525617482803503
1,0.83,0.6820248563027854
1,0.12,0.6464127516587609
1,0.23,0.4301950746058108
1,0.64,0.877345312525174
1,0.69,0.5164781239559433
1,0.67,0.7008931749731779
1,0.473,0.46703307019718643
1,0.75,0.7473320508864154
1,0.12,0.567415841853057
1,0.87,0.7052329290526246
1,0.84,0.40110694633312927
1,0.49,0.4924445774209537
1,0.62,0.6218053177666071
1,0.7,0.6496896463039161
1,0.54,0.5702980286640966
1,0.343,0.8403054956135646
1,0.7599,0.7379478301032001
1,0.87,0.5260771584900505
1,0.55,0.5228230982304196
1,0.32,0.5947298922177515
1,0.99,0.6428111861675756
1,0.64,0.5473090382120568
1,0.44,0.5209528713860916
1,0.43,0.8321900088381426
1,0.79,0.7682958481933033
1,0.43,0.5035742595222445
1,0.05,0.33191469994221456
1,0.8,0.744001977020278
1,0.92,0.6661699169101422
1,0.2,0.4967978124372212
1,0.22,0.2578179542569702
1,0.74,0.6480519196251151
1,0.68,0.6928795179080718
1,0.62,0.6159879888112819
1,0.61,0.6787905190646382
1,0.91,0.8097714733713024
1,0.86,0.7617203110303377
1,0.52,0.5258975432060378
1,0.65,0.6655398787865349
1,0.87,0.8566317043019458
1,0.68,0.4968870742282776
1,0.98,0.8906358895204463
1,0.265,0.46122984047790383
1,0.87,0.5516851493825573
1,0.6,0.5917907099267006
1,0.81,0.7380065412196727
1,0.651,0.6420141520296373
1,0.72,0.6213289883482261
1,0.054,0.21264281700567778
1,0.83,0.6580748263085167
1,0.75,0.7250025969892158
1,0.26,0.7941863066514598
1,0.85,0.6037317951320667
1,0.95,0.8803513299003997
1,0.66,0.38297746352651074
1,0.46,0.5757700584716849
1,0.94,0.8664058269799627
1,0.77,0.7240895970234882
1,0.52,0.5732264073481514
1,0.41,0.5092355291431125
1,0.63,0.6328450584770804
1,0.58,0.7102270622074063
1,0.78,0.6988489885990528
1,0.35,0.3965501168600787
1,0.63,0.7341841977951787
1,0.54,0.6682179879194945
1,0.47,0.5568038562801301
1,0.537,0.616438662621454
1,0.84,0.8032492172867409
1,0.68,0.5749349871901039
1,0.37,0.41254960684206876
1,0.99,0.8735915332809756
1,0.66,0.6532774512553569
1,0.76,0.773540213736423
1,0.76,0.7498318065705147
1,0.52,0.7361559035834674
1,0.83,0.6198825899574818
1,0.9,0.697280384178512
1,0.36,0.4161937763474025
1,0.49,0.48188281884651685
1,0.83,0.6360843635062745
1,0.8,0.729064558436274
1,0.64,0.6002267757217263
1,1.0,0.9028188527199557
1,0.92,0.8804892173032686
1,0.53,0.5620725387415482
1,0.94,0.4977139228537246
1,0.44,0.5465863120794221
1,0.38,0.40306407756284524
1,0.71,0.529289548656878
1,0.36,0.4260010063242472
1,0.47,0.5431015886599905
1,0.89,0.6380879816446536
1,0.76,0.627070221419229
1,0.57,0.7492860299714561
1,0.76,0.6548968992547485
1,0.1423,0.6617981685361563
1,0.82,0.5930428218248178
1,0.68,0.6195153772975323
1,0.521,0.7637263646878809
1,0.157,0.5961627788119606
1,0.075,0.49413245436926595
1,0.63,0.5267923672960185
1,0.9,0.6081768147688413
1,0.75,0.6480756740579099
1,0.51,0.671801671008634
1,0.1003,0.4966906779929732
1,0.838,0.6858841805183881
1,0.72,0.7349214352932083
1,0.24,0.6110124842154573
1,0.05,0.2878104058972853
1,0.87,0.7751912727651276
1,0.084,0.46839310836808123
1,0.74,0.502424538340245
1,0.05,0.4513155418489103
1,0.14,0.31448642037269375
1,0.68,0.6482029306625893
1,0.25,0.43730169598921975
1,0.22,0.6092409001388327
1,0.81,0.7851383867866959
1,0.6,0.6269072890810777
1,0.99,0.6392475324011484
1,0.46,0.6619326761985815
1,0.93,0.8687736395903592
1,0.81,0.662417545550671
1,0.33,0.4033691021691432
1,0.85,0.6760476630484809
1,0.4342,0.5337996390204616
1,0.68,0.44915814359777156
1,0.65,0.5252234785474448
1,0.96,0.8642262907158251
1,0.47,0.5494116370019435
1,0.96,0.7538862166167316
1,0.4,0.638604481682813
1,0.5,0.7072975876643957
1,0.95,0.7959388356434132
1,0.78,0.6629648733779305
1,0.87,0.8137866188568943
1,0.16,0.5446625592209132
1,0.89,0.6735147526337507
1,0.1,0.36282485254693275
1,0.2795,0.5898376714346627
1,0.52,0.5370562984914677
1,0.46,0.34536907376839454
1,0.61,0.621436008412072
1,0.73,0.5236571161247349
1,0.75,0.6878699965323541
1,0.98,0.6978387887947977
1,0.426,0.5319837961286707
1,0.71,0.43600487394859266
1,0.73,0.8060745191640422
1,0.75,0.654282957134049
1,0.709,0.49980171485876057
1,0.79,0.5847008423918494
1,0.98,0.6574228219487032
1,0.63,0.7086648200770496
1,0.9,0.8996317146433914
1,0.72,0.5702500613313318
1,0.46,0.7682932090223954
1,0.63,0.5931903307572444
1,0.78,0.6784456112435093
1,0.78,0.7750145125235095
1,0.98,0.6789573284245888
1,0.98,0.7449796822135647
1,0.95,0.743545053452981
1,0.4188,0.6396684133257295
1,0.43,0.5194458653904281
1,0.42,0.44346294405664166
1,0.7529,0.6890167121175051
1,0.16,0.5331293363994297
1,0.915,0.6220686787588555
1,0.66,0.769884205886868
1,0.95,0.8341716631167369
1,0.52,0.7387011499588549
1,0.44,0.5654929161646585
1,0.76,0.5989933463459912
1,0.64,0.5971476007250947
1,0.42,0.549214539113112
1,0.31,0.45093574268738573
1,0.92,0.6226723555454655
1,0.517,0.5455241651787202
1,0.43,0.5119715682911969
1,0.54,0.4589372121175901
1,0.25,0.574388963654839
1,1.0,0.8466794012281359
1,0.61,0.6931642490632848
1,0.83,0.6891062085568239
1,0.5,0.5692967312951005
1,0.79,0.7911207051709928
1,0.52,0.4542947317275484
1,0.28,0.6605917011701375
1,0.82,0.6446420979737192
1,0.36,0.5347655975631542
1,0.48,0.47566103772102597
1,0.33,0.584259706158905
1,0.3506,0.570543099401026
1,0.702,0.7794471505931473
1,0.63,0.7385180759730172
1,0.42,0.72947745201696
1,0.47,0.5588557905683591
1,0.7,0.62718559569473
1,0.911,0.8228818668699469
1,0.4896,0.5522508000611817
1,0.25,0.4181189308877365
1,0.83,0.8315707961288068
1,0.3,0.5955831097922009
1,0.87,0.7288181804609504
1,0.881,0.6790768346611263
1,0.637,0.6255624844205744
1,0.058,0.5355187749435193
1,0.69,0.683658386761384
1,0.7,0.5542532310313114
1,0.5,0.5386799655778349
1,0.77,0.7958761306325545
1,0.821,0.7097996286692055
1,0.43,0.467568870045138
1,0.771,0.5308477694177067
1,0.96,0.7606380244483675
1,0.57,0.6722947634894109
1,0.77,0.7644761080908591
1,0.58,0.6654604704352857
1,0.1681,0.5733738469693653
1,0.49,0.6166812618800682
1,0.94,0.7264791428603083
1,0.8788,0.6928801385479257
1,0.69,0.6469447691658009
1,0.56,0.6552424471995099
1,0.7,0.6810037603977073
1,0.9,0.8599622171657764
1,0.44,0.5164206000737983
1,0.88,0.7741317744813709
1,0.55,0.5010137232099261
1,0.98,0.8835529922723524
1,0.61,0.612671891344368
1,0.82,0.8071433516626398
1,0.23,0.44363185905120794
1,0.46,0.4899653957846437
1,0.17,0.37510744224358106
1,0.55,0.5068484956497713
1,0.41,0.6637511388060161
1,0.439,0.4828774978800193
1,0.058,0.4099549290854131
1,0.47,0.5639571185534439
1,0.92,0.6939758928137746
1,0.95,0.8513372429929684
1,0.79,0.7042792745452344
1,0.5,0.48240999931416406
1,0.57,0.5102024139855481
1,0.47,0.4379068393723742
1,0.48,0.4872956089282186
1,0.68,0.6810503711884093
1,0.83,0.8084692095757211
1,0.902,0.7933125751195019
1,0.52,0.5046321544032539
1,0.65,0.49303310229757635
1,0.43,0.5559508230972209
1,0.66,0.703982517575734
1,0.84,0.7753645229045502
1,0.77,0.846991395043265
1,0.3,0.3157143364212296
1,0.59,0.7028599185411581
1,0.64,0.5143175255203911
1,0.34,0.5520698241194417
1,0.27,0.39031267524057844
1,0.13,0.5170435995547583
1,0.15,0.36898114063049514
1,0.63,0.8160138272266895
1,0.679,0.6060224097205056
1,0.5,0.5538606884235928
1,0.58,0.5885816598186052
1,0.94,0.8574511555044539
1,0.343,0.6010953753504821
1,0.11,0.7816840154115123
1,0.401,0.5529853256030588
1,0.3,0.3530459107902396
1,0.96,0.4675601756933433
1,0.5061,0.46883769398622976
1,0.81,0.8703673192447796
1,0.5234,0.6227579515197516
1,0.76,0.6976154172660429
1,0.39,0.6627268733084282
1,0.66,0.662752669579772
1,0.96,0.3737868040716122
1,0.92,0.6973411953288509
1,0.35,0.515244314279805
1,0.88,0.7653134605483953
1,0.9,0.8438954741563376
1,0.47,0.8088195254379331
1,0.16,0.44328731003815147
1,0.94,0.7343024498555905
1,0.15,0.5343789855629989
1,0.41,0.5168962004023141
1,0.75,0.6237099287517338
1,0.4,0.5023227585918564
1,0.56,0.6735441735319173
1,0.17,0.4038878357146778
1,0.55,0.6204615261896987
1,0.45,0.5826519727391826
1,0.67,0.6054992205895227
1,0.78,0.7367847870210865
1,0.95,0.6997388077772496
1,0.69,0.7677108338395643
1,0.61,0.6380700759270432
1,0.15,0.551486247923717
1,0.82,0.7251288130202036
1,0.927,0.7342528848520239
1,0.74,0.6729781391277604
1,0.99,0.6243800916434614
1,0.64,0.6983772273017615
1,0.36,0.6630882005705555
1,0.6,0.652455499630338
1,0.82,0.7493839751165244
1,0.8,0.6273021627838399
1,0.85,0.7556561222631726
1,0.86,0.8165156978261644
1,0.35,0.4632803870043686
1,0.1,0.40005859164616336
1,0.28,0.8532707335264138
1,0.35,0.6663919807750056
1,0.34,0.46769762792681885
1,0.66,0.5851659389956467
1,0.34,0.6648758795766097
1,0.4623,0.5612843112739793
1,0.15,0.621280187029728
1,0.81,0.6714072097675644
1,0.38,0.6542593040549752
1,0.673,0.6605563456450778
1,0.86,0.7009100799947574
1,0.75,0.683657052786927
1,0.841,0.7738372356959784
1,0.7626,0.5511178472892806
1,0.5,0.6525941960717421
1,0.68,0.7431112301500957
1,0.48,0.5416843195644765
1,0.46,0.5090885272531096
1,0.92,0.7274720658041874
1,0.93,0.6966192029290084
1,0.7881,0.6400382154880575
1,0.072,0.33389391086703446
1,1.0,0.727980743775966
1,0.27,0.5123230104165243
1,0.7,0.6201775362382131
1,0.81,0.8096613873695662
1,0.42,0.5788039967304275
1,0.905,0.702547648906703
1,0.93,0.6463340649760922
1,1.0,0.5331267453365779
1,0.48,0.4239101993675133
1,0.42,0.4292174367965923
1,0.78,0.6718127691925216
1,0.055,0.3227740612295791
1,0.67,0.6433331965922751
1,0.41,0.7288473387877883
1,0.99,0.6842632425609713
1,0.33,0.6806938832811928
1,0.36,0.6037027634528022
1,0.62,0.6902452088414479
1,0.41,0.5145188675148078
1,0.54,0.6775408403872857
1,0.44,0.7549064580955154
1,0.13,0.5270975157877333
1,0.78,0.6507246823002213
1,0.39,0.4874985778450235
1,0.13,0.48396359153796764
1,0.73,0.6867348966132587
1,0.84,0.6840410441605589
1,0.85,0.6495933561155968
1,0.83,0.7630537409415596
1,0.933,0.8172356637998301
1,0.71,0.7490668918132961
1,0.77,0.6752327488356817
1,0.82,0.7227614832064228
1,0.94,0.8636261685477635
1,0.85,0.6088614525322792
1,0.87,0.695342762628677
1,0.87,0.6732458938933813
1,0.21,0.5972542564537352
1,0.71,0.6354960958892508
1,0.7,0.6931203580802912
1,0.32,0.3941271760755438
1,0.75,0.7322882136234792
1,0.675,0.6125821741229972
1,0.55,0.6630216362299981
1,0.83,0.8075151161703388
1,0.832,0.4598148902864896
1,0.3,0.5786535191873694
1,0.32,0.5196291566984427
1,0.55,0.5448174175850995
1,0.53,0.36349642872705656
1,0.51,0.6740094089656339
1,0.9,0.6598523863176959
1,0.9,0.6004423210161848
1,0.86,0.5295924017048077
1,1.0,0.7220290936970019
1,0.66,0.6463398887732387
1,0.18,0.2747624217382777
1,0.92,0.694276429504868
1,0.38,0.4375812910336829
1,0.56,0.6006868101549747
1,0.909,0.714488002333738
1,0.88,0.6870614105569482
1,0.41,0.5897442402599588
1,0.26,0.581549952901319
1,0.81,0.7825461218396901
1,0.5,0.6158350314120745
1,0.32,0.6496166262526174
1,0.125,0.5402343614273432
1,0.15,0.5747878585428492
1,0.47,0.6060489611436124
1,0.53,0.5517764546168895
1,0.43,0.6290335389996511
1,0.81,0.6395117661030663
1,0.38,0.6847439579897808
1,0.32,0.5656712785674544
1,0.58,0.7157480707655244
1,0.74,0.6937906094015885
1,0.42,0.5022484666674029
1,0.19,0.551398247298748
1,0.5,0.6297211995188174
1,0.86,0.6682508457424764
1,0.47,0.5084254020163592
1,0.95,0.6581553892947604
1,0.5,0.5709575541436755
1,0.99,0.6382461616856816
1,0.95,0.7780504161649133
2,0.78,0.7399997238102842
2,0.79,0.7892985078475948
2,0.675,0.7935135245231735
2,0.9,0.760890071570475
2,0.74,0.7313918901910275
2,0.45,0.49687043253934216
2,0.92,0.7209307736814694
2,0.42,0.4483501540866574
2,0.64,0.547180361512235
2,0.06,0.7069437025321239
2,0.89,0.7865454190572803
2,0.8,0.6165379818189423
2,0.55,0.6883056594733756
2,0.32,0.4818174369234433
2,0.6,0.6294088931800313
2,0.94,0.7888448629286053
2,0.86,0.8469599122763827
2,0.29,0.6356170885837058
2,0.19,0.5513089190836297
2,0.45,0.8076167329689524
2,0.79,0.7196916736574173
2,0.57,0.5800386256011782
2,0.62,0.6083571315451358
2,0.49,0.5439374401912933
2,0.99,0.7942999586682131
2,0.7,0.7315893949981014
2,0.98,0.9309145343805814
2,0.53,0.6053437298469833
2,0.53,0.6402484693123603
2,0.82,0.696165554042528
2,0.74,0.7293876782463359
2,0.47,0.46309597863641916
2,0.45,0.6162213400871059
2,0.9,0.7310845365249347
2,0.71,0.7959554711381139
2,0.59,0.4413001162650543
2,0.89,0.8375262389685442
2,0.52,0.7146212770938947
2,0.99,0.9152714207194018
2,0.97,0.7804102172629528
2,0.88,0.7056023881717587
2,0.81,0.71688585697469
2,0.86,0.9030055588076051
2,0.83,0.8003038665116164
2,0.69,0.65738298209989
2,0.95,0.8056845575844755
2,0.74,0.6778374800861562
2,0.81,0.7664724516140164
2,0.72,0.6668063147770786
2,0.78,0.6415377276189632
2,0.32,0.5485745955833935
2,0.79,0.7772034775221602
2,0.78,0.7287439291901672
2,0.12,0.5951420396885029
2,0.68,0.5906279259095149
2,0.91,0.8271828502593953
2,0.54,0.7235318986000415
2,0.99,0.8802667500925722
2,0.86,0.7807418089155465
2,0.89,0.8391746219238564
2,0.85,0.7311650220690398
2,0.45,0.6209603629174297
2,0.48,0.6961840152128189
2,0.93,0.8664480329535948
2,0.5,0.49872251157270214
2,0.81,0.7173960206750476
2,0.78,0.7495615268636839
2,0.93,0.8114517921689927
2,0.82,0.741128211388661
2,0.28,0.588482555294846
2,0.86,0.7732097470097343
2,0.89,0.7622423099394846
2,0.99,0.6602930353171539
2,0.6,0.6946941401819815
2,0.82,0.8109827408143329
2,0.9,0.8455036858199984
2,0.84,0.5530459166934388
2,0.8,0.6435819579182762
2,0.64,0.7712144608449654
2,0.86,0.8125289724475597
2,0.72,0.5929197380206684
2,0.31,0.6511190751129503
2,0.47,0.5056943727718238
2,0.46,0.5113396397480475
2,0.73,0.7033575124037916
2,0.47,0.64758497754005
2,0.57,0.7269210934498821
2,0.54,0.5915179528692087
2,0.51,0.5680975039475424
2,0.62,0.7534535939772935
2,0.68,0.6941195024748541
2,0.92,0.7763553573615487
2,0.91,0.867227625593388
2,0.85,0.7871851420616026
2,0.42,0.716626427431555
2,0.825,0.6680482309065181
2,0.67,0.623145179721315
2,0.92,0.7033196515291613
2,0.58,0.5703206859829202
2,0.6,0.7167231398241657
2,0.65,0.5656330171149702
2,0.73,0.6960038488683322
2,0.6,0.7261571300503225
2,0.77,0.7138559048722314
2,0.6,0.5605384524491976
2,0.54,0.5954564182243558
2,0.8,0.738885019334725
2,0.99,0.7367218656728127
2,0.91,0.8368723887369596
2,0.78,0.734768772397556
2,0.64,0.7018777327654397
2,0.799,0.812918344947777
2,0.52,0.6894637904497363
2,0.98,0.8287977313664614
2,0.57,0.694332456218106
2,0.34,0.865631310469105
2,0.95,0.6502474045970752
2,0.66,0.797733654852985
2,0.9,0.8261759497033409
2,0.65,0.6650296496974522
2,0.94,0.6089172595771855
2,0.91,0.7325112320141509
2,0.73,0.7065920779525017
2,0.52,0.5911931182664714
2,0.93,0.7477211134456716
2,0.52,0.7109722738645734
2,0.74,0.71977931647302
2,0.98,0.7688238737845436
2,0.42,0.6040055066511472
2,0.67,0.7207480003285444
2,0.9,0.7289021802970133
2,0.95,0.9089352853374837
2,0.73,0.8140323931903545
2,0.88,0.7261357258542154
2,0.89,0.7391886505551587
2,0.89,0.6320397410200642
2,0.16,0.4936068538280319
2,0.92,0.9351616169636081
2,0.26,0.6419302724252757
2,0.62,0.6821042853853656
2,0.36,0.6409389599545775
2,0.12,0.45173602201016166
2,0.74,0.7048285808443859
2,0.95,0.9909071624913202
2,0.83,0.7210868945911908
2,0.48,0.8639823458699025
2,0.7,0.6748994861193287
2,0.82,0.8371878533567436
2,0.72,0.6566213954735097
2,0.51,0.5838239984914511
2,0.63,0.7332534152377616
2,0.88,0.8066320654638647
2,0.95,0.848717912794833
2,0.65,0.686577279797936
2,0.92,0.8003807344150972
2,0.55,0.640551111550973
2,0.97,0.84660628062514
2,0.77,0.6423694848066791
2,0.68,0.7403142233848305
2,0.86,0.7352302148567362
2,0.45,0.5613428374908577
2,0.89,0.8521939035032555
2,0.84,0.6596907638677555
2,0.75,0.716322309164503
2,0.73,0.7208357195517047
2,0.65,0.7784013995963217
2,0.75,0.733712127729631
2,0.67,0.7658260883992536
2,0.77,0.682850054770568
2,0.95,0.9108990410882651
2,0.83,0.6473173735594221
2,0.91,0.7586905812875071
2,0.95,0.8472477754325465
2,0.92,0.7671436291269894
2,0.78,0.7660538776767651
2,0.85,0.6778474735155149
2,0.97,0.9137058882140163
2,0.58,0.5408005116728813
2,0.73,0.6778573590289764
2,0.87,0.563572182910545
2,0.95,0.6552096976704274
2,0.73,0.6923425749057874
2,0.76,0.7163331491024199
2,0.92,0.784038536839919
2,0.81,0.7856771804586259
2,0.99,0.9719005795071455
2,0.8,0.5438222255879208
2,0.56,0.6687712649905255
2,0.87,0.749029583145804
2,0.96,0.708620199263856
2,0.95,0.9009865197917107
2,0.59,0.5815876041689584
2,0.74,0.6878258690614504
2,0.7,0.744565576887356
2,0.73,0.5188570060404614
2,0.46,0.6144740588016161
2,0.18,0.5558781270789719
2,0.76,0.5475311620840587
2,0.51,0.7310843877616352
2,0.78,0.7230338749446295
2,0.81,0.7133265982716018
2,0.89,0.6951032480518069
2,0.45,0.6181503864578232
2,0.82,0.7759190008574612
2,0.93,0.7001329777750098
2,0.6,0.780241273664281
2,0.87,0.8497889598729043
2,0.98,0.9162588587195357
2,0.83,0.7639384521283421
2,0.83,0.8458478362621247
2,0.16,0.558006071243918
2,0.82,0.7905083682128098
2,0.6,0.423950154288902
2,0.76,0.742130232537786
2,1.0,0.7262754069167829
2,0.21,0.7922956313699563
2,0.92,0.7476632526412766
2,0.814,0.7928146580125527
2,0.7,0.7357717617354229
2,0.6,0.7078017114193024
2,0.45,0.6367912570931872
2,0.4,0.6935738610957254
2,0.82,0.7019876549862657
2,0.23,0.5287148736134182
2,0.68,0.80183563615314
2,0.94,0.8559735791633188
2,0.17,0.7476226736722341
2,0.49,0.4476265536492774
2,0.9,0.7733080195587236
2,0.6,0.6246345916798007
2,0.97,0.9396324677724011
2,0.76,0.5063061773834812
2,0.5,0.6393438332397837
2,0.94,0.8484185174877252
2,0.96,0.8034439011061011
2,0.87,0.8032584656223622
2,0.99,0.945498892084551
2,0.52,0.7625845922322352
2,0.51,0.6260632959887975
2,0.93,0.8123213926967803
2,0.99,0.902476455211859
2,0.72,0.704686587800333
2,0.53,0.6770831926106539
2,0.97,0.9632633991581243
2,0.75,0.6363416102824311
2,0.83,0.7937990167996406
2,0.74,0.6453133760642837
2,0.433,0.49888971468201404
2,0.99,0.6157604172290414
2,0.86,0.838072049743763
2,0.3353,0.4838255804103999
2,0.58,0.5769393336974169
2,0.81,0.8601486672027663
2,0.99,0.8872781327809692
2,0.82,0.8099140225404942
2,0.77,0.693819124247905
2,0.98,0.7651251322090786
2,0.98,0.7460985075273823
2,0.82,0.7262604567176967
2,0.81,0.8234620613433377
2,0.51,0.6582141904606624
2,0.85,0.627407434493518
2,0.76,0.7405459873119535
2,0.731,0.8091419596765401
2,0.9,0.8652066395305158
2,0.86,0.7499514483604957
2,0.7,0.6660111297769743
2,0.43,0.7335870693063223
2,0.84,0.6971908523862026
2,0.72,0.730680524159266
2,0.25,0.3976098689051976
2,0.16,0.42690997847066087
2,0.9,0.8427759704320642
2,0.71,0.5973415210931494
2,0.91,0.777042057142417
2,0.7544,0.5005382291863979
2,0.8,0.7484338293310127
2,0.92,0.6144824402428665
2,0.76,0.7319286043062181
2,0.53,0.583585128226351
2,0.75,0.667078622197986
2,0.53,0.6729718839616315
2,0.59,0.5808780115400831
2,0.83,0.7165767619335404
2,0.73,0.6672408330840659
2,0.66,0.6733641570447854
2,0.54,0.7043359191470502
2,0.71,0.7164800288922966
2,0.82,0.8445283962842047
2,0.74,0.6831548289745837
2,0.45,0.7715118860776502
2,0.96,0.9454757493099415
2,0.37,0.6260179666079726
2,0.76,0.7110813145376595
2,0.45,0.8166006042827301
2,0.81,0.7115963043309291
2,0.56,0.5101150572719422
2,0.82,0.7169425168817775
2,0.2,0.5103220588570849
2,0.53,0.3904689445551131
2,0.84,0.8642925966399072
2,0.23,0.6362417448991458
2,0.65,0.6959112945537195
2,0.85,0.7696315421578108
2,0.76,0.6938999123822234
2,0.79,0.7789919497210906
2,0.72,0.682785406695759
2,0.87,0.8418873080933562
2,0.62,0.517056336844721
2,0.28,0.5023961016854752
2,0.31,0.33025643755001893
2,0.96,0.7552020987498742
2,0.93,0.5433322392299786
2,0.94,0.8945364216565155
2,0.15,0.34694251510572865
2,0.53,0.3683139751967013
2,0.74,0.7161839798156496
2,0.41,0.7762517775529061
2,0.98,0.8128714323502358
2,0.67,0.7132984576195233
2,0.93,0.8396454867532761
2,0.99,0.8599153192203562
2,0.5,0.49452747163360006
2,0.95,0.7468234114144714
2,0.7,0.6841957742805056
2,0.69,0.7963728958912614
2,0.61,0.6449000515503709
2,0.35,0.6840105118597631
2,0.72,0.695132741505319
2,0.98,0.830624086816797
2,0.96,0.7040797767141941
2,0.36,0.46415160098122366
2,0.7,0.8354468674724709
2,0.8,0.6884026747687784
2,0.67,0.6158202327973271
2,0.29,0.5450221308578205
2,0.53,0.6236427930635099
2,0.94,0.8956581233308313
2,0.71,0.7432608168862684
2,0.67,0.6507059150828584
2,0.86,0.7375765310749602
2,0.85,0.828063383354673
2,0.77,0.8198148903288067
2,0.44,0.5886554131029694
2,0.88,0.7526047896273891
2,0.64,0.787974467554442
2,0.66,0.5874856467405191
2,0.92,0.6713048706275646
2,0.73,0.6202951016423073
2,0.82,0.8000988542377032
2,0.56,0.7666792965614747
2,0.66,0.7639574647705574
2,1.0,0.8236281057846468
2,0.96,0.9280726058970848
2,0.73,0.6941244644050266
2,0.71,0.7099238046247149
2,0.88,0.8216040784659658
2,0.9,0.7596168633025899
2,0.75,0.7872577342935543
2,0.98,0.8053867528859582
2,0.32,0.7154379768670169
2,0.66,0.6298406986317386
2,0.7,0.49213571517466825
2,0.1169,0.3271249003862845
2,0.47,0.7295223187727219
2,0.62,0.7891386319970768
2,0.82,0.6903006388021915
2,0.46,0.691181572031315
2,0.62,0.8179714785803276
2,0.45,0.5522193871975591
2,0.81,0.6531668560398186
2,0.21,0.456548931783615
2,0.96,0.8814784567315347
2,0.52,0.6024813238890387
2,0.89,0.8612903843922683
2,0.84,0.7254988216996875
2,0.86,0.804108836624625
2,0.93,0.8840560035145213
2,0.7,0.6244148316233928
2,0.63,0.6084299194689046
2,0.93,0.8934253429839079
2,0.8,0.7592612331578326
2,0.45,0.5480119702375239
2,0.98,0.853640029898354
2,0.06,0.6630688677046324
2,0.992,0.7574107934417492
2,0.99,0.6504516614214482
2,0.7,0.5847920116434127
2,0.75,0.7478981864215022
2,0.14,0.3707075354353085
2,0.27,0.5549352620569166
2,0.74,0.7633579075829766
2,0.6,0.746609539545031
2,0.86,0.6464923611202202
2,0.86,0.8481690773837203
2,0.8,0.5488086673092988
2,0.6,0.675133690070228
2,0.82,0.8068748369941395
2,0.84,0.7756492116092955
2,0.38,0.5148598443295918
2,0.92,0.8663086417764364
2,0.76,0.7461096496904751
2,0.67,0.6153036442049088
2,0.78,0.7413721248961835
2,0.85,0.7960254975822559
2,0.84,0.7616007130562057
2,0.42,0.7880130693959919
2,0.59,0.6060311837083352
2,0.87,0.8035242505262168
2,0.91,0.7957794556760154
2,0.33,0.6455869608572649
2,0.31,0.505068121282259
2,0.75,0.6953381056213129
2,0.64,0.765624898177691
2,0.98,0.8533171466407088
2,0.89,0.8810378330657834
2,0.91,0.824606051481696
2,0.71,0.6821566884256386
2,0.21,0.6933463733979628
2,0.39,0.5456714481395503
2,0.56,0.5287879010093858
2,0.74,0.755252294714525
2,0.95,0.7708473169803802
2,0.78,0.8336457758820863
2,0.8,0.9184150207848574
2,0.44,0.3226284572221273
2,0.86,0.8362489380227323
2,0.9,0.8867010322577522
2,0.83,0.8391151985039653
2,0.74,0.7046473946715082
2,0.73,0.669082527894225
2,0.92,0.9136607488754003
2,0.69,0.6942212724205978
2,0.93,0.8536858292794629
2,0.85,0.798131675569717
2,0.84,0.7786378171272517
2,0.81,0.7580981837067077
2,0.5,0.6835161462608995
2,0.27,0.6472453489036317
2,1.0,0.7275159421968045
2,0.6,0.6654789784631769
2,0.69,0.6475915074121924
2,0.86,0.4991601912312417
2,0.88,0.7142226077189553
2,0.79,0.780568492855243
2,0.78,0.7510495191917448
2,0.78,0.7654223541012838
2,0.88,0.7700139906634659
2,0.66,0.602113718224888
2,0.48,0.5581849387050529
2,0.98,0.6968469845493299
2,0.68,0.7285448315501584
2,0.49,0.6612018769483694
2,0.8,0.6384747253012824
2,0.89,0.7046525333880385
2,0.46,0.6157186572563107
2,0.83,0.6638301913620476
2,0.83,0.7782500191697195
2,0.15,0.6065907116859239
2,0.62,0.6780893381539795
2,1.0,0.8757143680977212
2,0.63,0.6343186967585669
2,0.82,0.6877983836839119
2,0.49,0.563773345282641
2,0.74,0.4201100140787132
2,0.7,0.7199542052145461
2,0.77,0.7352608020170615
2,1.0,0.9253027723303662
2,0.78,0.7181822850595682
2,0.78,0.7444943354333559
2,0.52,0.43143119817937525
2,0.56,0.7988190694283213
2,0.79,0.5364862452107597
2,1.0,0.7006095643096305
2,0.32,0.6013416308257545
2,0.7,0.8676041850559666
2,0.84,0.6509651699789833
2,0.66,0.5696122362418189
2,0.75,0.8545378008300237
2,0.14,0.79206590029162
2,0.722,0.7053955402598181
2,0.19,0.6493916642964486
2,0.82,0.8322310312764746
2,0.52,0.7529676102070472
2,0.87,0.6656656222293056
2,0.76,0.667260241314166
2,0.94,0.8581578097010387
2,0.99,0.7985225290936773
2,0.82,0.767523702427968
2,0.38,0.5980904865614507
2,0.73,0.7255566553371644
2,0.82,0.8018152408807258
2,0.68,0.7375666980133886
2,0.82,0.8891257921949383
2,0.82,0.8510075843894811
2,0.88,0.7992687138167688
2,0.51,0.6835916647287459
2,0.87,0.5154921152650382
2,0.71,0.7477799275460029
2,0.91,0.8864727981113861
2,0.13,0.41256146841300134
2,0.22,0.6688601261600864
2,0.59,0.7627480364376776
2,0.88,0.8927124993319852
2,0.9,0.8213853556237545
2,0.67,0.7024865480612922
2,0.4,0.6746546675398664
2,0.53,0.7325742301706726
2,0.87,0.7063670334685122
2,0.777,0.7874810741251086
2,0.58,0.5619592012724417
2,0.4,0.39354270252277995
2,0.86,0.7567457156880676
2,0.127,0.3617276117071333
2,0.9,0.7807268944347976
2,0.345,0.5337028867906897
2,0.93,0.8589098606486766
2,0.59,0.648903559821126
2,0.84,0.840751704403305
2,0.81,0.7864808226837663
2,0.7,0.7557276486142437
2,0.5,0.7098660634733703
2,0.97,0.8888780049682999
2,0.87,0.7896787901694954
2,0.86,0.7226562632363731
2,0.73,0.6489120685573162
2,0.76,0.7932738505671622
2,0.91,0.8962540168734814
2,0.78,0.6961202538601494
2,0.2,0.5480375868461993
2,0.81,0.6808998911657133
2,0.709,0.7534335750345871
2,0.91,0.7847216794596419
2,0.98,0.8277183186654813
2,0.8,0.7133334924540317
2,0.75,0.7224653320367158
2,0.91,0.7084496294906341
2,0.79,0.6703010916807103
2,0.61,0.8082421059842448
2,0.75,0.7179741107126333
2,0.63,0.7559474603874081
2,0.31,0.31607807069669325
2,0.76,0.6481835671569575
2,0.806,0.7792520020170164
2,0.46,0.7295215391643906
2,0.6,0.668889133633204
2,0.89,0.7818887099806255
2,0.08,0.5839811555339169
2,0.87,0.7975051123795951
2,0.32,0.6347184018125976
2,0.51,0.7954345281811547
2,0.82,0.8574664760971815
2,0.95,0.6974770944962442
2,0.29,0.4642110454475464
2,0.55,0.5605806762485334
2,0.85,0.6868870940529237
2,0.8,0.7995151295891318
2,0.82,0.758824545888053
2,0.96,0.9365864108053631
2,0.46,0.5845932795949471
2,0.78,0.7863553761290409
2,0.6,0.5972184310762927
2,0.85,0.7560941120231075
2,0.22,0.6046588642906854
2,0.87,0.7650768983676073
2,0.87,0.8494111977343329
2,0.85,0.7203232652818877
2,0.65,0.5872409623087973
2,0.73,0.7242943877876078
2,0.24,0.7708031204742498
2,0.96,0.7497514765445268
2,0.71,0.7922328249615065
2,0.59,0.6522105027922038
2,0.44,0.37909496467275156
2,0.9,0.9213352784955567
2,0.99,0.8610375621514554
2,0.73,0.729559891902738
2,0.22,0.49738537417159995
2,0.69,0.6458913234557657
2,0.81,0.6421949606577173
2,0.83,0.842647214616056
2,0.83,0.7786065368311649
2,0.8,0.6481499582754895
2,0.75,0.7521618943460472
2,0.78,0.7394787912480848
2,0.9,0.8011080242530397
2,0.68,0.8057760495906093
2,0.77,0.6003250512326315
2,0.6,0.6795603727337242
2,0.566,0.7743141627101271
2,0.97,0.8344420891822559
2,0.98,0.9307560649590463
2,0.76,0.7027079527005803
2,0.94,0.8552035475859379
2,0.88,0.7457025174440004
2,0.78,0.7942283168614459
2,0.27,0.6920146483539941
2,0.5,0.6033322427075326
2,0.8,0.7665326003025145
2,0.72,0.7040497778820025
2,0.9,0.8870347035255002
2,0.78,0.7532657827433165
2,0.72,0.8409266436524391
2,0.917,0.6852392865920172
2,0.81,0.8026193841716006
2,0.97,0.7715599340886741
2,0.26,0.40537799739533936
2,0.4,0.6012525639486206
2,0.92,0.8787538867166701
2,0.73,0.6627278935350203
2,0.46,0.5836297789251721
2,0.92,0.8304318713342624
2,0.61,0.5211366753960296
2,0.71,0.7847535908129635
2,0.9,0.7680334804465146
2,0.57,0.5994421999209204
2,0.7,0.7463702959748291
2,0.74,0.7823698884006489
2,0.78,0.7824437459969087
2,0.91,0.8177535784483227
2,0.52,0.7002897704101959
2,0.42,0.5868285361586648
2,0.92,0.906797323293494
2,0.72,0.6923820334394243
2,0.45,0.558524911569467
2,0.76,0.6955918133134938
2,0.81,0.8548591146866973
2,0.94,0.9031560751947663
2,0.84,0.7877190065744384
2,0.29,0.363233357826418
2,0.8,0.7087006734974344
2,0.75,0.6988598815466579
2,0.42,0.6455898020776603
2,0.83,0.7305591782660643
2,0.44,0.4200495472421516
2,0.99,0.7765890262963211
2,0.6,0.6579340956310439
2,0.69,0.7556332956459477
2,0.95,0.9183104811405676
2,0.86,0.8324540317691532
2,0.84,0.7659888913827297
2,0.93,0.9437179345336956
2,0.69,0.6619121402575863
2,0.99,0.6592849007413727
2,0.94,0.7259933605731498
2,0.89,0.7579527027495356
2,0.98,0.8035794052055076
2,0.5,0.5236318552051981
2,0.5,0.5193925572067843
2,0.88,0.7911056731589254
2,0.67,0.7982709388713193
2,0.8,0.7092928193289145
2,1.0,0.6682750374781505
2,0.58,0.37035650252054697
2,0.24,0.7237447551893668
2,0.33,0.672297087944019
2,0.79,0.8149652569230945
2,0.57,0.6638200933099276
2,0.74,0.7943478392224952
2,0.2,0.537991318867806
2,0.9,0.8499244713932574
2,0.24,0.8253907280966093
2,0.5,0.5891464420147777
2,0.34,0.8102484649247768
2,0.93,0.786241053079062
2,0.42,0.6933331884182895
2,0.85,0.8020139814899632
2,0.4,0.6974140673385498
2,0.76,0.7716896404738762
2,0.92,0.6982513008249982
2,0.94,0.9306981016225995
2,0.96,0.8807047866527217
2,1.0,0.9213558925724963
2,0.7,0.6901948579464398
2,0.96,0.8814333479223025
2,0.83,0.7439164696371866
2,0.67,0.7204400670373231
2,0.47,0.4509434440704303
2,0.88,0.899297198982542
2,0.9,0.8613644110095324
2,0.28,0.6903813456953203
2,0.62,0.6397598161643586
2,0.91,0.8713879469149267
2,0.91,0.8585622702609725
2,0.37,0.6336024697021225
2,0.88,0.6596246203560883
2,0.7,0.7435095367435727
2,0.85,0.7774886490158595
2,0.99,0.9389299594511357
2,0.89,0.6967258594124045
2,0.95,0.8631689028568288
2,0.83,0.7870545316852999
2,0.9,0.8639987439851312
2,0.94,0.8559889372455587
2,0.68,0.677822540405123
2,0.45,0.6416118976302917
2,0.9,0.6759090440488892
2,0.67,0.6868323483492723
2,0.5,0.6707904924408672
2,0.85,0.8081025573523484
2,0.89,0.8517258017873621
2,0.85,0.9117722449445138
2,0.82,0.9155199091221298
2,0.54,0.7690109700243
2,0.4,0.6720153337967876
2,0.834,0.7356972021539141
2,0.54,0.7483079849064718
2,0.6,0.7079004886729754
2,0.67,0.8059072663299983
2,0.64,0.6585971983334511
2,0.74,0.801957049164384
2,0.03,0.7786710203709566
2,0.55,0.6824063096597072
2,0.87,0.8260831567090738
2,0.6,0.6591035269357123
2,0.93,0.7106074443351159
2,0.85,0.777989840576567
2,0.61,0.5956731200730873
2,0.85,0.6384668375418951
2,0.71,0.7808420292275433
2,0.43,0.4810194519988985
2,0.74,0.6187985638393485
2,0.65,0.6368549402676742
2,0.95,0.84531083552981
2,0.72,0.6266544335299503
2,0.8,0.6798052805941752
2,0.66,0.6753628155275327
2,0.82,0.7811529408752905
2,0.94,0.7598129244440321
2,0.99,0.8530117464324949
2,0.88,0.7499599303198816
2,0.91,0.7814204165713126
2,0.87,0.7679753497063717
2,0.9,0.6961671447722138
2,0.84,0.635458766633596
2,0.7,0.6951369824386591
2,0.51,0.5965793894566941
2,1.0,0.8478828200906785
2,0.45,0.5803113795139135
2,0.862,0.7421604498917755
2,0.16,0.5624172857830418
2,0.49,0.5791304390134446
2,0.65,0.5643805587193313
2,0.61,0.6146271754971266
2,0.99,0.8729775408646139
2,0.51,0.5827949611900556
2,0.92,0.9024525542715616
2,0.84,0.7765485777813427
2,0.1,0.2664207021762901
2,0.61,0.8294384094175054
2,0.24,0.5997971182020759
2,0.63,0.8370653917532722
2,0.96,0.8846814227263429
2,0.65,0.6233483906756483
2,0.78,0.759477017112675
2,0.49,0.43292196410124223
2,0.99,0.864756526568059
2,0.75,0.8177816754086931
2,0.39,0.49635994009876017
2,0.55,0.6759972044437034
2,0.78,0.7936396376158421
2,0.85,0.6527802987389948
2,0.98,0.9133291291006018
2,0.97,0.8182966147721951
2,0.75,0.7192658722435854
2,0.84,0.7369706453914845
2,0.73,0.6313881542061666
2,0.85,0.7320867824142718
2,0.79,0.7150023892650494
2,0.63,0.7222193932326888
2,0.82,0.7993320225079902
2,0.53,0.6409376321804799
2,0.54,0.6912505440813705
2,0.53,0.5308495070702216
2,0.9,0.7781319811928799
2,0.51,0.5510949972210362
2,0.69,0.6636688524073328
2,1.0,0.7924788715853075
2,0.38,0.6669946441467666
2,0.77,0.7606627752782187
2,0.86,0.8508857378295354
2,0.58,0.5053208035183439
2,0.36,0.6307996952587742
2,0.99,0.877670601828
2,0.93,0.8389444599021476
2,0.9,0.8341890249660627
2,0.98,0.8973254450131403
2,0.95,0.870322041756445
2,0.45,0.7650022342793127
2,0.86,0.8024931113607253
2,0.94,0.7863995869887894
2,0.9,0.6145126309680231
2,0.8,0.6649864588075116
2,0.88,0.7617986818087541
2,0.92,0.7971084986673409
2,0.85,0.8757018527079583
2,0.52,0.5584524487827293
2,0.99,0.8000035751995329
2,0.58,0.6708798896143343
2,0.72,0.7602426121084183
2,0.85,0.7882150187237065
2,0.51,0.6290791248751881
2,0.65,0.49609005395077677
2,0.89,0.6491812793761589
2,0.54,0.7197453561687729
2,0.93,0.9872549749386098
2,0.7,0.7265349645107526
2,0.99,0.6640168137454112
2,0.9568,0.6226786528717119
2,0.78,0.7557358788001487
2,0.89,0.8164125311770615
2,0.83,0.7853620233770775
2,0.46,0.6306012064442938
2,0.7,0.710007606479553
2,0.94,0.7982487928769877
2,0.65,0.6826026121281358
2,0.71,0.8112147347155341
2,0.68,0.7156170525053831
2,0.05,0.5107717487930966
2,0.64,0.7307217765028726
2,0.81,0.745281705557838
2,0.8,0.7463072946978239
2,0.83,0.7990397160684335
2,0.62,0.6201362247306381
2,0.89,0.6984318176512532
2,0.83,0.7582248383834367
2,0.99,0.8878138925333958
2,0.98,0.8124019036827154
2,0.69,0.5621735396450369
2,0.66,0.6342869927929636
2,0.85,0.7590693928244077
2,0.85,0.7935029295894641
2,0.87,0.7333710483017883
2,0.95,0.8392853320420958
2,0.75,0.7158896369214605
2,0.94,0.6503039494172193
2,0.86,0.609020258687552
2,0.93,0.8694659637049971
2,0.86,0.7805785228691774
2,0.74,0.7662209079409963
2,0.89,0.8147502379259193
2,0.51,0.7275583257704799
2,0.55,0.6591290295080335
2,0.74,0.7444863508022088
2,0.93,0.8426183205778581
2,0.59,0.5633575677339455
2,0.58,0.5544300989703671
2,0.83,0.6661769974574352
2,0.99,0.8923461729339203
2,0.76,0.7705865674800825
2,0.99,0.929527629332354
2,0.89,0.7334454537749445
2,0.68,0.6437546394832054
2,0.7,0.7426201778312693
2,0.76,0.802456279511748
2,0.57,0.5111353927270423
2,0.59,0.7086383554494345
2,0.77,0.7916379612504238
2,0.72,0.7770082674470102
2,0.82,0.7698050182730891
2,0.67,0.6477201402331682
2,0.87,0.7306101303955819
2,0.5,0.6339963020071606
2,0.91,0.742611685898434
2,0.81,0.7930231310163645
2,0.48,0.6561103612556951
2,0.84,0.8030680180026533
2,0.64,0.761986040396868
2,0.8,0.6822291204865872
2,0.44,0.6723433367141001
2,0.61,0.5606894463165975
2,0.6,0.5937873303443513
2,0.45,0.5500633789906415
2,0.46,0.6171340515876564
2,0.99,0.8403920828757323
2,0.46,0.6070926839929061
2,0.75,0.7876295732246956
2,0.62,0.8234534062677696
2,0.94,0.7253214683324016
2,0.89,0.7709144361319096
2,0.98,0.8948789080048161
2,0.8,0.7725484052325139
2,0.83,0.7475195351354096
2,0.71,0.7042045930643079
2,0.84,0.7631821113643625
2,0.74,0.6852880733062593
2,0.99,0.9090408748082591
2,0.76,0.7849747252818666
2,0.62,0.6304152798394325
2,0.58,0.5051412716484724
2,0.3,0.4563116183196353
2,0.76,0.7611261761788923
2,0.78,0.7841956512154984
2,0.45,0.8558241313640256
2,0.87,0.7428201819262112
2,0.92,0.7074605606918716
2,0.78,0.6884063632834595
2,0.55,0.654531762137908
2,0.47,0.5001172515373329
2,0.75,0.7003417350881886
2,0.99,0.8688654612747746
2,0.7,0.7112004013371297
2,0.64,0.4704675625532914
2,0.99,0.8456577260591968
2,0.85,0.6311683193656868
2,0.46,0.5244675000080709
2,0.14,0.1954431561214703
2,0.8,0.8430446110037202
2,0.77,0.5328211269154417
2,0.5,0.773477296862952
2,0.91,0.663252760150581
2,0.497,0.5323588844503785
2,0.79,0.7263977743776079
2,0.76,0.7077429415859865
2,0.79,0.7133298265277852
2,0.96,0.9723828322222969
2,0.74,0.6764776568246068
2,0.95,0.8277804324861416
2,0.78,0.7370837958486003
2,0.88,0.8045206279347648
2,0.8,0.8055011598489552
2,0.95,0.86807820884547
2,0.86,0.7612594417131977
2,0.3,0.5847313149822531
2,0.6,0.691717837800619
2,0.65,0.7477243112387183
2,0.8,0.7206602003182212
2,0.34,0.8845625716603339
2,0.47,0.6362277844283752
2,0.68,0.7392026996401324
2,0.6,0.766411814814859
2,0.97,0.804318771147521
2,0.41,0.5644966284013373
2,0.97,0.7660032541779467
2,0.42,0.4584713742024619
2,0.87,0.8508057530222223
2,0.52,0.5570019158563472
2,0.74,0.87169055176194
2,0.92,0.7637165943283828
2,0.53,0.7048433946304459
2,0.66,0.5199567256528244
2,0.75,0.630347331945557
2,0.56,0.6906605380804076
2,0.29,0.565059438216425
2,0.94,0.7751026910970727
2,0.38,0.3215374404481562
2,0.89,0.8189446289713821
2,0.11,0.24082052493691958
2,0.725,0.7498549786943753
2,0.74,0.5478881149296608
2,0.98,0.9084930201576429
2,0.82,0.6319643401643209
2,0.66,0.6202848859262269
2,0.79,0.8014443104541713
2,0.32,0.7637342543005708
2,0.79,0.7578839051467938
2,0.21,0.6258845910620034
2,0.89,0.8368988289515408
2,0.89,0.7182855147522016
2,0.82,0.8868082672718479
2,0.875,0.6398820986967837
2,0.72,0.7136219366499379
2,0.9,0.78488488880085
2,0.77,0.6598897850704533
2,0.84,0.761685417291068
2,0.91,0.8210830655370575
2,0.9,0.7639358658193557
2,0.95,0.7643936930237915
2,0.49,0.6570769640109161
2,0.75,0.7000929135672824
2,0.77,0.7315346750820847
2,0.72,0.7803957683510775
2,0.62,0.7613117029126828
2,0.83,0.738672454169935
2,0.96,0.798183393519877
2,0.96,0.9070644894984324
2,0.48,0.6443901506670011
2,0.67,0.7086338540390369
2,0.42,0.5267488905138302
2,0.52,0.6224291954134568
2,0.8,0.8056634316600049
2,0.91,0.7835922670431372
2,0.88,0.746660325618603
2,0.95,0.7600816257253716
2,0.41,0.706721140555513
2,0.93,0.7363931916972167
2,0.94,0.7849374288764298
2,0.99,0.9116244915948215
2,0.16,0.2024935027720442
2,0.97,0.8524811433570656
2,0.88,0.8553518041545711
2,0.78,0.6906244370930172
2,0.67,0.4670768598776743
2,0.7,0.7399064612886228
2,0.92,0.6926057341033407
2,0.68,0.7592153711746276
2,0.4,0.5255406670390583
2,0.79,0.7206805121230021
2,0.81,0.7662514785537444
2,0.89,0.6520513226334024
2,0.83,0.7118468412515935
2,0.87,0.6825311252699269
2,0.96,0.9017571362396124
2,0.62,0.8067150852890217
2,0.74,0.5745074833395565
2,0.65,0.6096604945090205
2,0.92,0.8726146379181078
2,0.27,0.4096855260560093
2,0.82,0.6153448507132684
2,0.65,0.829945650562492
2,0.84,0.5769398508895247
2,0.65,0.7768862009162434
2,0.94,0.7505711199933376
2,0.8,0.7605023861878704
2,0.85,0.6814088419005724
2,0.74,0.7357564725911505
2,0.9,0.6979853848832257
2,0.86,0.7723128202641325
2,0.74,0.6990511795686027
2,0.92,0.871462194864493
2,0.59,0.6407583230614067
2,0.74,0.6865765139668931
2,0.7,0.6806166884949533
2,0.77,0.6345068455722888
2,0.77,0.5910617052474529
2,0.55,0.5875992120727769
2,0.885,0.8042602958553816
2,0.96,0.8821172050871254
2,0.64,0.6603202599949893
2,0.72,0.7797318459849204
2,0.58,0.7176839986587567
2,0.9,0.89279327378521
2,0.99,0.7112250023346395
2,0.59,0.5287576136656612
2,0.38,0.5440574844307073
2,0.78,0.7143649090437303
2,0.77,0.705259131074899
2,0.29,0.3802724240930689
2,0.82,0.7584296153015467
2,0.81,0.719275742540356
2,0.65,0.8879328391043867
2,0.85,0.7572625946532336
2,0.31,0.6016065577914176
2,0.8,0.8022727744489683
2,0.43,0.46365027049221597
2,0.74,0.7102221198515641
2,0.91,0.8582912346511957
2,0.67,0.6600812228480852
2,0.68,0.6365132622595886
2,0.32,0.6692621878737758
2,0.85,0.7226786714883506
2,0.87,0.7167962407118975
2,0.98,0.9659953383279221
2,0.52,0.6219497663151445
2,0.86,0.6289263105173465
2,0.53,0.5532886854508579
2,0.21,0.7043473790643525
2,0.208,0.8774572350975742
2,0.35,0.6475820233297049
2,0.84,0.7528937449811741
2,0.86,0.8676836052914537
2,0.48,0.5914616506965895
2,1.0,0.753484072879798
2,0.6,0.7563653162987966
2,0.09,0.2393782344452898
2,0.89,0.7095840435176093
2,0.83,0.7026402137803689
2,0.2,0.5610019953918464
2,0.82,0.7618709081586665
2,0.6,0.5978798383254674
2,0.52,0.7036856187126158
2,0.25,0.5934837027606611
2,0.7,0.7935779285279074
2,0.33,0.3527189422930531
2,0.75,0.7051249195692593
2,1.0,0.8608585784383195
2,0.82,0.7398323827103727
2,0.86,0.80396549063075
2,0.42,0.5778277878456114
2,0.89,0.7651762688849388
2,1.0,0.7697896889439269
2,0.974,0.8601125611182011
2,0.9,0.7770074631937948
2,0.87,0.7521782647190773
2,0.8,0.8434072741632299
2,0.58,0.5839335354347714
2,0.79,0.8152862416886775
2,0.85,0.8935378116976268
2,0.99,0.8861639567732773
2,0.82,0.7879173495722508
2,0.36,0.6355005754972297
2,0.34,0.7444058887801146
2,0.96,0.671937428035573
2,0.65,0.6263695667587762
2,0.46,0.5607462770078477
2,0.93,0.841543434059034
2,0.85,0.6860799229888488
2,0.77,0.6989628398427301
2,0.77,0.7695265116897048
2,0.77,0.727418729950462
2,0.71,0.7479350971613972
2,0.8,0.7495388157350464
2,0.91,0.8730764706714236
2,0.69,0.874867842743565
2,0.96,0.7764389128273662
2,0.91,0.6939931659254007
2,0.14,0.4392691184012286
2,0.34,0.45362275941010455
2,0.76,0.7258015537974462
2,0.51,0.5131325756661824
2,0.81,0.7824196851535816
2,0.69,0.7713762157315747
2,0.48,0.605184134044285
2,0.77,0.7693627798311002
2,0.71,0.6443487901740717
2,0.9,0.7264563984056035
2,0.92,0.806161298756682
2,0.86,0.643470329163653
2,0.098,0.27029315270021637
2,0.51,0.7029434498420971
2,0.74,0.5831378226241769
2,0.83,0.6750767561434753
2,0.27,0.5155292769391968
2,0.99,0.8900871876425094
2,0.71,0.7156331601352355
2,0.61,0.6070468514001021
2,0.46,0.6619993625255074
2,0.57,0.6610939791672541
2,0.78,0.6833924875804904
2,0.78,0.7366273669426048
2,0.77,0.8405464627036552
2,0.88,0.8507010927599976
2,0.76,0.6659358715078545
2,0.47,0.6238333822882401
2,0.35,0.5026110449438523
2,0.93,0.8527631889272316
2,0.44,0.7544216446731459
2,0.91,0.810274433682405
2,0.88,0.622486045344172
2,0.65,0.721701961585008
2,0.82,0.7651450526795913
2,0.6,0.500227477834807
2,0.46,0.785704382913823
2,0.8,0.7985012998435616
2,1.0,0.9830732545694822
2,0.56,0.40335769781861136
2,0.15,0.671794248863836
2,0.49,0.49808060741151106
2,0.93,0.7644567358059335
2,0.8,0.7200312141408511
2,0.56,0.44480224448260647
2,0.86,0.7133103857598714
2,0.75,0.7044568475934755
2,0.96,0.8872842533716939
2,0.96,0.762280443856657
2,0.9,0.7638422881070577
2,0.23,0.5382199867330224
2,0.903,0.7197451773196004
2,0.96,0.9085209293652509
2,0.82,0.6965604835186094
2,0.99,0.8064511991602762
2,0.82,0.7757956091681955
2,0.76,0.7022153684056223
2,0.81,0.8627826932108696
2,0.93,0.7724938387859306
2,0.77,0.8644647781922613
2,0.62,0.7494270547427413
2,0.68,0.6752682757806695
2,0.78,0.6551581818216725
2,0.99,0.9144152190317345
2,0.91,0.9205381096345646
2,0.9,0.8640506886332944
2,0.93,0.8894406707189755
2,0.52,0.7091687004494057
2,0.7,0.6117433077324128
2,0.54,0.6822958905276278
2,0.66,0.5680881487330636
2,0.99,0.9507329436858054
2,0.3,0.5213641613668213
2,0.86,0.78343969719416
2,0.86,0.7961397055228642
2,0.7,0.6722146579697915
2,0.61,0.6642043901483772
2,0.96,0.8446622314215263
2,0.88,0.8174971031136504
2,0.8,0.810688153984643
2,0.91,0.6831183375297164
2,0.71,0.7222670475296363
2,0.8,0.6432584731256155
2,0.31,0.4412754039223291
2,0.47,0.690435884619557
2,0.86,0.8137098579415463
2,0.7,0.7764514953851364
2,0.98,0.8763591434224768
2,0.78,0.6765581660885241
2,0.88,0.7663758922042233
2,0.92,0.6715716587813271
2,0.68,0.6855621123045551
2,0.92,0.7420288770115322
2,0.69,0.6503469032320169
2,0.18,0.4049059896779184
2,0.52,0.7331378079778226
2,0.83,0.8085497287224053
2,0.8,0.8554282624485219
2,0.95,0.7172917891145428
2,0.86,0.7989642358751857
2,0.98,0.8835009596377101
2,0.88,0.6930313822150794
2,0.754,0.8506637799198018
2,0.96,0.8051580848113441
2,0.79,0.5789499910193321
2,0.45,0.6410601945824459
2,0.58,0.7812945555344628
2,0.89,0.590473345898849
2,0.99,0.6229312004247971
2,0.51,0.5749954082866615
2,0.49,0.5757516044975578
2,0.83,0.757002551396918
2,0.75,0.7402564652642863
2,0.49,0.5440240997433801
2,0.9,0.7214562144813652
2,0.7,0.6882707455574593
2,0.94,0.8914222691263791
2,0.3,0.6007262081461996
2,0.87,0.8704619564071577
2,0.55,0.5562835424413054
2,0.68,0.761784585506148
2,0.98,0.9522954616351403
2,0.99,0.9106625100799177
2,0.99,0.7993075281849247
2,0.55,0.6552017644383289
2,0.553,0.6915889558403998
2,0.9,0.7183094842845258
2,0.51,0.7209258288062016
2,0.76,0.6860832770841999
2,0.96,0.8938461167025973
2,0.96,0.8095790661993343
2,0.63,0.7447420101884463
2,0.7,0.7509469048321376
2,0.76,0.7990919677872219
2,0.8,0.7540980946662513
2,0.83,0.690013700932592
2,0.19,0.5556459193501025
2,0.53,0.6602929975249028
2,0.95,0.682351125904653
2,0.257,0.61838327772286
2,0.54,0.7356042151842617
2,0.9,0.7824734744434305
2,0.36,0.6371254107464017
2,0.99,0.7755122695699085
2,0.82,0.6733711644559679
2,0.56,0.7845760197707831
2,0.82,0.8265940783041853
2,0.82,0.7910517132936629
2,0.32,0.8062615589221254
2,0.96,0.8682024144771183
2,0.6,0.6567976164212762
2,0.34,0.8197417085793061
2,0.86,0.8246566463767913
2,0.97,0.8235460317324768
2,0.94,0.829327692382187
2,0.77,0.8109869336602398
2,0.93,0.8761340363662217
2,0.97,0.8120649972732701
2,0.78,0.5108633445102768
2,1.0,0.9618747013007123
2,0.87,0.8048339727848046
2,0.7,0.649861073904539
2,0.62,0.7405422344818503
2,0.8,0.8689475990244485
2,0.74,0.6336401263821076
2,0.53,0.4663472556255015
2,0.63,0.6501168553740131
2,0.7,0.7130457532380683
2,0.69,0.7405444155904983
2,0.97,0.815632956178487
2,0.8,0.7530370695700462
2,0.66,0.6290974151490295
2,0.63,0.6060820427505559
2,0.8,0.7576632305566934
2,0.87,0.7567059408358852
2,0.82,0.7379806551853864
2,0.6,0.7840911856649999
2,0.88,0.79991384166921
2,0.45,0.5638161094240027
2,0.86,0.6511487295734926
2,0.96,0.708101535569345
2,0.67,0.6346542070788811
2,0.75,0.7990322987743815
2,0.98,0.7752304815727287
2,0.71,0.67068894992217
2,0.71,0.6271151032991278
2,0.18,0.5909007036927267
2,0.66,0.6253410277519328
2,0.64,0.7149388773004761
2,0.85,0.7472496859489379
2,0.68,0.6880453276961439
2,0.74,0.7389321491934291
2,0.88,0.7696227709296594
2,0.22,0.5551331347764781
2,0.97,0.7937739681462326
2,0.8,0.6477929538478706
2,0.72,0.7314088781388558
2,0.85,0.6615101486081398
2,0.66,0.7171501196345689
2,0.75,0.8657804790800749
2,0.73,0.7604464587293661
2,0.4,0.6158788474583391
2,0.95,0.6818266765296571
2,0.23,0.6663813611320775
2,0.99,0.946291068712704
2,0.54,0.74701557837823
2,0.94,0.9052835832271604
2,0.6,0.6840347501644527
2,0.81,0.8238654115532096
2,0.83,0.819835878239481
2,0.38,0.6243838264694088
2,0.09,0.5821220872168418
2,0.64,0.7329368753127282
2,0.6,0.5387403368541878
2,0.73,0.7396058951630815
2,0.99,0.9163896929730756
2,0.63,0.7027822841673033
2,0.73,0.6289535179572036
2,0.82,0.6321292513132974
2,0.93,0.8908380189691216
2,0.75,0.7274827541639195
2,0.36,0.5382886867035251
2,0.73,0.7099964720452647
2,0.648,0.7264340341691082
2,0.65,0.7969547373067299
2,0.51,0.6368526634791624
2,0.859,0.786476977934529
2,0.82,0.7894248693312524
2,0.97,0.798337790599737
2,0.9,0.7417834937847985
2,0.78,0.7076595307336189
2,0.81,0.8037357968298409
2,0.86,0.9382224418159182
2,0.65,0.6366086555493251
2,0.66,0.7548125030168673
2,0.48,0.556119785977331
2,0.89,0.8429071617480031
2,0.74,0.514794600972112
2,0.95,0.875643793345516
2,0.83,0.745923753176849
2,0.81,0.7931777966595979
2,0.45,0.7229814519089528
2,0.62,0.6859266311831701
2,0.86,0.6561833889732609
2,0.5,0.6662919015892173
2,0.88,0.8605793502934139
2,0.95,0.8311365740337195
2,0.85,0.8341509882415946
2,0.81,0.6154998037403637
2,0.87,0.8479628755257972
2,0.83,0.7181297267317452
2,0.48,0.5918834141907142
2,0.88,0.7320636928833644
2,0.41,0.648266020630893
2,0.51,0.6815595737872118
2,0.86,0.7252112756053813
2,0.55,0.6791345733481849
2,0.42,0.5019555565979579
2,0.94,0.7836947800394753
2,0.9,0.9047778422288065
2,0.43,0.6253972801458868
2,0.65,0.7528048567847194
2,0.84,0.8131974056005986
2,0.99,0.8901659776637274
2,0.36,0.7613749226506249
2,0.68,0.6642960535368589
2,0.6,0.6625443930192695
2,0.75,0.723751347651681
2,0.96,0.8407192012581908
2,0.75,0.7189705499163632
2,0.6,0.6727759475380048
2,0.9,0.8463485348975028
2,0.68,0.5035417910350495
2,0.45,0.6180417035786953
2,0.8,0.6193150280154114
2,0.67,0.6657432712833344
2,0.97,0.774861063050561
2,0.77,0.7300542513707085
2,0.28,0.5855794579801651
2,0.97,0.9195525599804504
2,0.85,0.7941390828786928
2,0.65,0.66730235415003
2,0.98,0.7096737330439596
2,0.62,0.6189489128658137
2,0.86,0.6742221630743355
2,0.92,0.723208953724541
2,0.93,0.8434970323937536
2,0.67,0.6390288927461718
2,0.51,0.7098729773899908
2,0.74,0.69592811169944
2,0.9,0.8537199351579711
2,0.99,0.687986779152656
2,0.48,0.6459064785537496
2,0.69,0.7460514090353643
2,0.94,0.8410414379952527
2,0.71,0.549782146309256
2,0.7,0.6905839103104121
2,0.56,0.6948336436434934
2,0.95,0.8246445230779984
2,0.91,0.7473337766818186
2,0.94,0.941481882741485
2,0.89,0.8047973257041685
2,0.41,0.6175895916427633
2,0.44,0.5030950452994575
2,0.87,0.7531120827187736
2,0.76,0.6834458737922833
2,0.96,0.7546566163954498
2,0.54,0.5997069470979467
2,0.38,0.5967908100155138
2,0.8,0.587261998519726
2,0.95,0.8331925756773809
2,0.72,0.6691082274061537
2,0.34,0.5314507189399462
2,0.82,0.7697464429108427
2,0.86,0.8256713761494049
2,0.52,0.6876282931183672
2,0.66,0.7233999491088225
2,0.81,0.7931531646322298
2,0.96,0.7957792893488209
2,0.92,0.7440649053599824
2,0.79,0.7874088893665903
2,0.47,0.6779188874847579
2,0.9,0.736739630876909
2,0.92,0.7022475740703608
2,0.82,0.7954411212086744
2,0.48,0.6650502318291514
2,0.96,0.8626022419420745
2,0.7,0.6760238640943379
2,0.83,0.47927728511744827
2,0.65,0.6107698584026278
2,0.83,0.8170483030821734
2,0.7,0.8164307732907364
2,0.94,0.8719599585153222
2,0.89,0.7768181742888596
2,0.62,0.6057995501782167
2,0.92,0.8370854556009655
2,0.99,0.8854591310239744
2,0.88,0.7181383295858547
2,0.6,0.6981256057444384
2,0.6266,0.5370330304524835
2,0.6,0.6906658897284357
2,0.96,0.7350195742574546
2,0.82,0.8147651605537777
2,0.95,0.7494221425988545
2,1.0,0.7510078241158109
2,0.78,0.8392832793156321
2,0.3,0.6669115288997842
2,0.97,0.7995229337683908
2,0.1,0.3700239697823585
2,0.34,0.5653159187856653
2,0.858,0.8179321862860232
2,0.68,0.6273234050346502
2,0.93,0.88730305634425
2,0.71,0.8585050003891193
2,0.99,0.8479747918248697
2,0.94,0.7489615016282261
2,0.642,0.5933554916988244
2,0.94,0.7013713020199784
2,0.86,0.7574553700033536
2,0.9,0.7056787650780855
2,0.85,0.6996869052641426
2,0.98,0.8653791322261779
2,0.71,0.7327364567049008
2,0.92,0.7615240839626272
2,0.57,0.5731222826819209
2,0.45,0.5450780846661681
2,0.54,0.6545128080889144
2,0.89,0.8644429664483518
2,0.48,0.8200327857148744
2,0.92,0.8040968696925856
2,0.72,0.8114552535302066
2,0.31,0.5341580609388552
2,0.99,0.6967616773101242
2,0.99,0.9437628392429958
2,0.4,0.5812775004936208
2,0.96,0.7045027897878753
2,0.95,0.7735658607081127
2,0.53,0.6398784944836132
2,0.49,0.7114809730751663
2,0.07,0.5221537724877892
2,0.48,0.5825501763066636
2,0.93,0.8089391477466003
2,0.963,0.6596481231590403
2,0.68,0.7335619776881132
2,0.94,0.7017358787806292
2,0.44,0.6511761778442567
2,0.82,0.7578909033000454
2,0.81,0.7020743681495882
2,0.75,0.6210636149263838
2,0.96,0.8173853600983919
2,0.91,0.9294918068505127
2,0.77,0.7628772548736573
2,0.87,0.6168262153983902
2,0.96,0.8593866344377804
2,0.67,0.6927192345628059
2,0.59,0.6932495459982222
2,0.95,0.7555903362146924
2,0.82,0.814277924816255
2,0.95,0.8160581273425844
2,0.75,0.6265128863185483
2,0.83,0.8129272181457253
2,0.51,0.686548965214975
2,0.28,0.28659942615135964
2,0.888,0.7311058255212073
2,0.9,0.9264377273354922
2,0.67,0.7461492316574364
2,0.46,0.6061479239987809
2,0.65,0.575730478372589
2,0.7,0.8241128399532001
2,0.68,0.636727123817233
2,0.99,0.9499113211608776
2,0.64,0.7532420982873662
2,0.07,0.5236125243034717
2,0.94,0.90275833185395
2,0.89,0.8216001894183955
2,0.72,0.714623340150067
2,0.2,0.6468081961885579
2,0.77,0.6802552592676776
2,0.42,0.6009105343653982
2,0.81,0.7495290165381158
2,0.8,0.6456250542147679
2,0.96,0.7855919698236264
2,0.65,0.560767940101755
2,0.7,0.6457999747896244
2,0.95,0.7794424195789588
2,0.98,0.69016337279334
2,0.81,0.6697588855300995
2,0.69,0.7515854090436813
2,0.71,0.7790836778044883
2,0.6,0.7007722117576403
2,0.61,0.5776821707815917
2,0.81,0.6636885938411198
2,0.872,0.6959925322279522
2,1.0,0.921469577647378
2,0.95,0.743078029912793
2,0.88,0.8104211682477649
2,0.45,0.4447663363813895
2,0.82,0.699832063035555
2,0.67,0.5993484038285772
2,1.0,0.9065781330438658
2,0.77,0.5623212159268403
2,0.93,0.8285404986807876
2,0.98,0.818328423219058
2,0.66,0.6723681936383357
2,0.8,0.7917728684485075
2,0.57,0.6865136513784351
2,0.52,0.6920376500830379
2,0.82,0.7068557169174521
2,0.9,0.7412063821459861
2,0.91,0.7969320949671233
2,0.37,0.5690373128322599
2,0.95,0.8405718545069475
2,0.85,0.7119419109117164
2,0.79,0.7753002557050752
2,0.6,0.840387563368264
2,0.63,0.6001267383407133
2,0.38,0.576039440734185
2,0.63,0.675337664854055
2,0.54,0.6458906910273794
2,0.65,0.8866049336682
2,0.92,0.8749578201351558
2,0.87,0.798394484251834
2,0.48,0.5455299432725068
2,0.75,0.6891494630990287
2,0.99,0.9189236067454267
2,0.8,0.6808267239400305
2,0.76,0.7851603098733786
2,0.72,0.6408968523329789
2,1.0,0.9182565712138602
2,0.93,0.6807271689294548
2,0.86,0.7730660523956778
2,0.81,0.8214433831096036
2,0.74,0.5466747940435314
2,0.74,0.7514665116346679
2,0.52,0.5069303727822163
2,0.88,0.7021567278953091
2,0.791,0.6658936656885581
2,0.91,0.8362944396174834
2,0.946,0.8418334557881371
2,0.45,0.4998382463635608
2,0.58,0.5802840050578244
2,0.92,0.8262523037626033
2,0.73,0.6066420807908726
2,0.85,0.7423110898293288
2,0.95,0.7531128323877738
2,0.4,0.42679882376078376
2,0.17,0.7683385519424394
2,0.44,0.6398866578580629
2,0.97,0.7422100293966178
2,0.85,0.6975065448677196
2,0.68,0.7053404757281113
2,0.91,0.8199989879687648
2,0.82,0.7571894176584446
2,0.96,0.7659383047536164
2,0.83,0.8385429513393772
2,0.64,0.49927634058639686
2,0.45,0.660493740148612
2,0.71,0.7643466135795622
2,0.82,0.8297409662922361
2,0.55,0.6478259309363483
2,0.55,0.6342884609902459
2,0.89,0.6674344525647433
2,0.92,0.5909115573980506
2,0.61,0.6823823944841183
2,0.93,0.8241755155075077
2,0.65,0.7042063082530552
2,0.82,0.7270705964548929
2,0.44,0.5841376444939305
2,0.61,0.8316159716231379
2,0.12,0.5209686626952966
2,0.6,0.6158434906098995
2,0.64,0.6734578724149252
2,0.62,0.7508180744049897
2,0.62,0.6570567627790307
2,0.054,0.37507224056316946
2,0.76,0.696005688595159
2,0.78,0.6990755622691213
2,0.22,0.5872094154262237
2,0.93,0.8155550009498005
2,0.71,0.7745792487558514
2,0.73,0.6889331021545757
2,0.88,0.7603182408879107
2,0.99,0.8905818816810778
2,0.57,0.5766795875491022
2,0.64,0.5845046217671988
2,0.3,0.5545048135530324
2,0.89,0.8261643554248245
2,0.69,0.6438098139092607
2,0.81,0.7501503386680958
2,0.71,0.7766394367603563
2,0.71,0.7028762508207582
2,0.59,0.6464954039950307
2,0.605,0.7066118192217934
2,0.52,0.6772810760761421
2,0.75,0.6859899485766339
2,0.81,0.7623610915646407
2,0.88,0.9089865032905398
2,0.91,0.8682292041035047
2,0.77,0.7604787886948587
3,0.95,0.5991339733412954
3,0.62,0.5552422243752064
3,0.84,0.7795589289903426
3,0.55,0.5926072742537043
3,0.5,0.4216805688927475
3,0.23,0.6054819947539254
3,0.565,0.6607827861398623
3,0.54,0.8359855665480503
3,0.5,0.4967264448176842
3,0.78,0.7080648705269785
3,0.86,0.7234860398837262
3,0.79,0.6896932646798195
3,0.61,0.6626357246973658
3,0.58,0.5704863907779405
3,0.33,0.5528286692527027
3,0.56,0.5693794299048784
3,0.81,0.7741149210140374
3,0.76,0.5994846716300639
3,0.94,0.8496681087423427
3,0.39,0.6977477159321224
3,0.54,0.6914757904778995
3,0.45,0.5141566920175439
3,0.93,0.8091423195328448
3,0.41,0.6286758699058766
3,0.82,0.8182150250605192
3,0.85,0.7692405522257181
3,0.31,0.5541347954384335
3,0.76,0.764485408223101
3,0.79,0.6961421166226184
3,0.16,0.3807935967554785
3,0.95,0.9236007583996733
3,0.141,0.6762720111551754
3,0.5,0.44356279622026296
3,0.74,0.950305151829184
3,0.38,0.6205239234932589
3,0.73,0.6693859707685639
3,0.42,0.547133560840917
3,0.93,0.662911146216633
3,0.68,0.6856790523351798
3,0.7,0.7885544348816149
3,0.49,0.5013831430376694
3,0.45,0.7756900483548004
3,0.587,0.6713438973628311
3,0.496,0.6108996612313897
3,0.86,0.7208020582165109
3,0.78,0.5833739701507095
3,0.245,0.2777438777260372
3,0.92,0.7850295397788681
3,0.5,0.5986658636284607
3,0.5,0.5411907580520395
3,0.22,0.5897474101252882
3,0.13,0.5784221339333642
3,0.8,0.777600016427222
3,0.52,0.7894320907194905
3,0.25,0.6593433236315194
3,0.58,0.6942536136448312
3,0.85,0.6299797163765866
3,0.89,0.780745139978867
3,0.73,0.3650844786032884
3,0.62,0.6919097073764313
3,0.78,0.6523988749935021
3,0.62,0.6624913013837228
3,0.73,0.7935768164199754
3,0.68,0.6316025280712179
3,0.61,0.6712489139921017
3,0.48,0.6411839412887341
3,0.44,0.6068306577485061
3,0.43,0.4745070243602415
3,0.75,0.7042105129218869
3,0.727,0.5200427247329995
3,0.87,0.7766816509585613
3,0.24,0.4810104572167455
3,0.84,0.8311197965245254
3,0.75,0.6845606304339562
3,0.51,0.5935540496918597
3,0.92,0.6858454941661203
3,0.9,0.7865942649955544
3,0.86,0.9548462307971848
3,0.62,0.6013132314832457
3,0.45,0.4910499487066262
3,0.57,0.6452835242045335
3,0.55,0.5584479167454018
3,0.83,0.9203997744580026
3,0.81,0.7490593723794094
3,0.7,0.644126718937921
3,0.47,0.44211210202642803
3,0.77,0.6581969337342366
3,0.43,0.6510234109848337
3,0.8,0.60605882274015
3,0.69,0.7323917630125745
3,0.65,0.4879503628784674
3,0.99,0.8670040220497851
3,0.96,0.7209676703211109
3,0.89,0.7141355178611795
3,0.79,0.7329667371056667
3,1.0,0.9371673195115212
3,0.27,0.5846296659702097
3,0.28,0.41052174803337504
3,0.59,0.6428097323038112
3,0.9,0.7799001662146517
3,0.47,0.6379646118887119
3,0.38,0.5054493560956043
3,0.769,0.7006510667415075
3,0.87,0.6616802716416014
3,0.95,0.6484395003754178
3,0.39,0.6988258509959032
3,0.87,0.818726586097938
3,0.39,0.6642145329683586
3,0.94,0.8277108403584466
3,0.37,0.6556497094334031
3,0.248,0.3120573360968638
3,0.69,0.7221828567124978
3,0.96,0.6408760468889398
3,0.92,0.6494752625290562
3,0.55,0.5406716948774852
3,0.9,0.7842794336097982
3,0.62,0.6415708552917835
3,0.62,0.7754856672502362
3,0.59,0.7195339557889553
3,0.6,0.6809558549568048
3,0.65,0.6732188641077014
3,0.85,0.8706167706562662
3,0.65,0.7012964454775586
3,0.95,0.6626386661762343
3,0.77,0.8507180172075368
3,0.84,0.7985904675323151
3,0.8,0.7441127746159009
3,0.51,0.5245356783402498
3,0.9,0.6922435396102892
3,0.27,0.5953398600803002
3,0.41,0.5987489581295836
3,0.45,0.45289325977967065
3,0.31,0.3635070571043115
3,0.58,0.5781694189368608
3,0.727,0.733399100181356
3,0.77,0.7736010497183607
3,0.8,0.6703600916435777
3,0.62,0.6822435282405095
3,0.99,0.8788475972642698
3,0.61,0.7461317788083004
3,0.53,0.6755133743903218
3,0.92,0.7723206186342114
3,0.38,0.7851070037052945
3,0.94,0.7391178915895515
3,0.94,0.7883387579500064
3,0.57,0.6038204562592805
3,0.51,0.5985341439153359
3,0.31,0.42245516083201645
3,0.58,0.5487029779652814
3,0.93,0.8728298307691563
3,0.85,0.8102286288565893
3,0.73,0.7412808057512312
3,0.6,0.4903433514047167
3,0.99,0.8061143752303241
3,0.75,0.750101997549919
3,0.61,0.7601335905296943
3,0.52,0.5336102223408015
3,0.82,0.8834434622708291
3,0.64,0.7108189978056524
3,0.78,0.7111275669452889
3,0.61,0.5910587786222893
3,0.85,0.623633831793942
3,0.71,0.7185205648822062
3,0.44,0.4597207277410128
3,0.51,0.6316594299193263
3,0.78,0.7124702196049675
3,0.92,0.7523391598131203
3,0.76,0.7831588866591818
3,0.39,0.6266302924632714
3,0.63,0.6255814277631108
3,0.63,0.6625326728231407
3,0.49,0.6223408777947028
3,0.5,0.6622517659702067
3,0.81,0.5314510664719256
3,0.88,0.8055674932712971
3,0.53,0.7670855066641651
3,0.69,0.8096327849449287
3,0.3,0.5322997243547329
3,0.84,0.7380761453280631
3,0.92,0.797460979213714
3,0.72,0.6627466553003248
3,0.41,0.7632071826437208
3,0.7,0.5803261870982317
3,0.5,0.790076669682217
3,0.65,0.6790820300360721
3,0.41,0.7004528718193755
3,0.95,0.7627548932319235
3,0.58,0.672305124126457
3,0.84,0.6600861856528357
3,0.78,0.6030552428695435
3,0.77,0.7341817515096863
3,0.76,0.6679916594834021
3,0.97,0.8532733485744388
3,1.0,0.8716962999983144
3,0.35,0.765719906748327
3,0.23,0.5577947999188324
3,0.72,0.8058025838081401
3,0.65,0.5787500403968671
3,0.6,0.6956001591178791
3,0.95,0.8414768162662734
3,0.78,0.7872621437135281
3,0.56,0.5783542735368558
3,0.51,0.572504219421623
3,0.35,0.502198550756554
3,0.07,0.5776968833543229
3,0.5,0.6036389259746215
3,0.74,0.6993109817570056
3,0.85,0.6915639586919621
3,0.4,0.48638751824875526
3,0.35,0.6064475897232615
3,0.65,0.49527053378506836
3,0.32,0.38027815426180556
3,0.76,0.7086624290923065
3,0.76,0.6377098710457052
3,0.93,0.9036080735406626
3,0.71,0.6309064690307481
3,0.51,0.5847090862403381
3,0.39,0.5257586037234117
3,0.83,0.7210314586883054
3,0.6,0.6463310884893659
3,0.33,0.40416166152318106
3,0.83,0.7436686016409968
3,0.91,0.9126725665304762
3,0.76,0.6207867123051964
3,0.6,0.8375671183885754
3,0.82,0.6997992995714406
3,0.82,0.7183306400297628
3,0.92,0.7719022894633727
3,0.88,0.7906020245106178
3,0.78,0.8265613583446061
3,0.4,0.6589976006397787
3,0.9,0.6824458797078574
3,0.24,0.6380140826789182
3,0.76,0.8139292719874274
3,0.655,0.6658135877829674
3,0.68,0.6679019222142767
3,0.68,0.6790992854478508
3,0.32,0.5786344527614445
3,0.26,0.4349213855625319
3,0.94,0.7512584482396031
3,0.92,0.6360018168477133
3,0.51,0.5164469679956678
3,0.85,0.8044784688415468
3,0.54,0.699634373218186
3,0.76,0.7188013300208871
3,0.62,0.6119146565470114
3,0.78,0.7637827259109188
3,0.97,0.8273314149650477
3,0.67,0.671684256016117
3,0.66,0.3467416580864966
3,0.3,0.4070623321815255
3,0.11,0.5087969101505213
3,0.16,0.5253807360388124
3,0.94,0.8734749795147716
3,0.49,0.4905992655347843
3,0.45,0.6520215590380597
3,0.75,0.7756832791790929
3,0.51,0.5826688785631751
3,0.7,0.77751558010204
3,0.93,0.5604970076801579
3,0.3,0.6350798716891256
3,0.79,0.7266613917084128
3,0.62,0.706771498837319
3,0.7,0.5004986820482789
3,0.69,0.6365624365819917
3,0.95,0.8816205867846871
3,0.94,0.8181971779146922
3,0.45,0.6878985527702766
3,0.89,0.7235629612999341
3,0.68,0.6595138628215647
3,0.34,0.5066752746023941
3,0.4,0.39349111596676833
3,0.91,0.7167499278462437
3,0.12,0.6711315311556281
3,0.3,0.6713177788765204
3,0.77,0.7244860532957037
3,0.96,0.8552830198604582
3,0.62,0.46545078829153524
3,0.5,0.5522733905007595
3,0.88,0.6275586790744917
3,0.82,0.7512543311592175
3,0.62,0.6952511189163957
3,0.085,0.6272982171877644
3,0.91,0.6649712622435542
3,0.59,0.6637517035713326
3,0.59,0.8106449037873973
3,0.7,0.7579111750019462
3,0.79,0.7737214016892495
3,0.52,0.5842249022756549
3,0.64,0.6628522948990843
3,0.46,0.7340438767157229
3,0.41,0.5049113888816987
3,0.8,0.7978065981673704
3,0.18,0.4727422016366901
3,0.59,0.6012591631043069
3,0.62,0.8015301417736884
3,0.99,0.9811224940006473
3,0.85,0.8278236168538309
3,0.72,0.6517097644193939
3,0.943,0.6851440646790175
3,0.74,0.6315484210387965
3,0.74,0.7505313937209699
3,0.73,0.7095341425739379
3,0.58,0.592867842076297
3,0.67,0.6265033564835705
3,0.932,0.6441245479355616
3,0.88,0.6388185214242494
3,0.96,0.8621527243378135
3,0.32,0.5764305671190214
3,0.78,0.7192942270244045
3,0.87,0.8893197188854196
3,0.21,0.46190286646458856
3,0.19,0.626839365665973
3,0.9,0.7328745011238222
3,0.66,0.6273847793556637
3,0.11,0.4687656565225825
3,0.89,0.7159695414063074
3,0.68,0.6280964963340917
3,0.276,0.6492878904485426
3,0.66,0.7583390856201494
3,0.87,0.6279688049039587
3,0.63,0.7305901869239739
3,0.11,0.48831402547643704
3,0.91,0.802788586685705
3,0.64,0.6812487485253981
3,0.99,0.8944694046647426
3,0.86,0.7900667774519381
3,0.2,0.5499302977620002
3,0.57,0.6365590730124084
3,0.78,0.776816538629796
3,0.59,0.6258467254231758
3,0.76,0.5874656372493203
3,0.54,0.773188406457835
3,0.6,0.61002328850004
3,0.74,0.6623834530245345
3,0.81,0.7718069916560857
3,0.43,0.6921399885984004
3,0.94,0.9286287799465257
3,0.96,0.7790309746275614
3,0.76,0.725764304968747
3,0.59,0.6981096559137046
3,0.73,0.6960679128356068
3,0.62,0.5769542226574067
3,0.85,0.8065567135985645
3,0.92,0.8261757657226831
3,0.9,0.7069390740882783
3,0.16,0.6926144896946905
3,0.2,0.5614141247314437
3,0.6,0.7692117853678264
3,0.68,0.48806406923625656
3,0.7,0.6436149927597523
3,0.74,0.7426972941695147
3,0.88,0.7329085628857317
3,0.53,0.605794947436042
3,0.82,0.7401076565366502
3,0.7,0.7122290718137945
3,0.51,0.5438175865261523
3,0.85,0.8720037360168158
3,0.81,0.715000312745826
3,0.54,0.6721198374488329
3,0.1,0.5718867563927399
3,0.62,0.5922242740386935
3,0.81,0.86717749004396
3,0.9,0.817813228417019
3,0.306,0.5810906771514264
3,0.99,0.8449072158919999
3,0.75,0.6820500574357183
3,0.9,0.8059162933285531
3,0.85,0.7884222297599214
3,0.26,0.649975723381589
3,0.79,0.5375273049960266
3,0.66,0.673656799687565
3,0.8,0.7384736006613832
3,0.72,0.65712253521926
3,0.47,0.6672504690901107
3,0.89,0.7788767769455733
3,0.75,0.7764775451688282
3,0.88,0.711094826192507
3,0.9,0.808163939549924
3,0.97,0.8372988009447334
3,0.26,0.45730643297797346
3,0.56,0.5268971776544769
3,0.7,0.6819856196809673
3,0.52,0.5818526987853253
3,0.97,0.7451156993912647
3,0.88,0.8489847212550816
3,0.88,0.6805654900043693
3,0.81,0.8255708619801181
3,0.87,0.6678740376757204
3,0.414,0.574654657244642
3,0.56,0.6375917346092725
3,0.68,0.6908915536154273
3,0.16,0.7920592693857018
3,0.93,0.8799058202374248
3,0.7,0.3937079350858481
3,0.57,0.5928479741417018
3,0.6,0.6148195868454898
3,0.22,0.6770025259040189
3,0.64,0.7291977015640574
3,0.67,0.6795720979071435
3,0.29,0.7830006280960891
3,0.9,0.8078638269383414
3,0.321,0.613760680466468
3,0.93,0.7889871486433956
3,0.22,0.5766618050519885
3,0.96,0.8251414191691325
3,0.85,0.796873151060761
3,0.88,0.8163995331060547
3,0.53,0.5392147035162678
3,0.65,0.6016988847854143
3,0.66,0.7370738419061975
3,0.74,0.7417112963938453
3,0.8,0.6689297340981859
3,0.582,0.5809704600739002
3,0.98,0.8440331126904943
3,0.82,0.6627101185538984
3,0.84,0.8242761620440593
3,0.6,0.6741523368106422
3,0.93,0.5992601430215954
3,0.52,0.6285353961278259
3,0.65,0.6374629533979681
3,0.82,0.807241429212807
3,0.95,0.6649050688271559
3,0.634,0.41439616160509785
3,0.9,0.7075649187290876
3,0.59,0.5787440491850064
3,0.77,0.720222139362761
3,0.813,0.6447567464942001
3,0.52,0.6112362735317631
3,0.86,0.6103124259290363
3,0.08,0.36843682128053934
3,0.75,0.7241104258715845
3,0.53,0.6857794178746611
3,0.83,0.6930866601941342
3,0.43,0.5732104129925638
3,0.99,0.8820661832056286
3,0.33,0.6548537546534015
3,0.52,0.5008283102217406
3,0.88,0.6429734835807802
3,0.31,0.5944845518376141
3,0.77,0.5652147892618055
3,1.0,0.8541881445734457
3,0.9,0.7917983623988998
3,0.89,0.8904261371609057
3,0.76,0.6616519237228352
3,0.89,0.8803736335304665
3,0.9,0.6548433383411241
3,0.47,0.6856437487965577
3,0.98,0.8037040657324008
3,0.286,0.31475704952599315
3,0.53,0.6359221092312692
3,0.383,0.757916232938826
3,0.56,0.6221442390994124
3,0.8,0.6680527899940591
3,0.91,0.6417361114746144
3,0.83,0.7089975525174641
3,0.81,0.8461717265310513
3,0.83,0.6487412486679575
3,0.96,0.8816149547060204
3,0.15,0.45051788634148515
3,0.97,0.7522150804381015
3,0.99,0.933573783766112
3,0.6,0.632804479935911
3,0.56,0.7038982376441778
3,0.86,0.8349649044711769
3,0.56,0.6210516541907067
3,0.57,0.7439030698083129
3,0.69,0.6086899087439678
3,0.76,0.6571101129915718
3,0.85,0.6194108366348097
3,0.73,0.6858391299859432
3,0.03,0.3844245246079484
3,0.07,0.4093830642130933
3,0.55,0.6202500988139494
3,0.77,0.5739683383013405
3,0.88,0.8751493212456927
3,0.798,0.6760256159577134
3,0.59,0.6080325953182525
3,0.62,0.6122738021943177
3,0.75,0.7051945455921949
3,0.81,0.7105748799594214
3,0.89,0.816155754827756
3,0.71,0.7564372053884518
3,0.95,0.7816992891717179
3,0.29,0.6903754246627523
3,0.66,0.7043619010123423
3,0.78,0.6703343679204083
3,0.65,0.654381621494018
3,0.47,0.4997791704308404
3,0.42,0.646479522969689
3,0.66,0.6145523395008153
3,0.77,0.6466460703696638
3,0.76,0.7571203582149666
3,0.55,0.5614793096425827
3,0.82,0.753681741037577
3,0.74,0.7245388934531423
3,0.36,0.5418585248615421
3,0.68,0.6736637877318288
3,0.91,0.755960409348959
3,0.86,0.8731667996542385
3,0.63,0.6708569162715494
3,0.75,0.7188954191561561
3,0.74,0.568365045330179
3,0.95,0.7515504065817913
3,0.7705,0.695355342391508
3,0.9,0.8106582039263048
3,0.97,0.9196646656727401
3,0.42,0.6189277343361221
3,0.39,0.6993640784733641
3,0.84,0.7692497885096083
3,0.92,0.6177618226465901
3,0.8,0.6756690223489267
3,0.89,0.846475033384098
3,0.85,0.7196018171403838
3,0.62,0.652776066912167
3,0.81,0.69352618160026
3,0.71,0.7963195126979007
3,0.63,0.6095724176842456
3,0.52,0.5920735325297757
3,0.9734,0.64093685570717
3,0.99,0.8784812078539547
3,0.67,0.6835023278114072
3,0.56,0.8192696497537093
3,0.72,0.5894939535042422
3,0.97,0.46610855603733115
3,0.95,0.7628814425697752
3,0.85,0.6068575441559791
3,0.8,0.8278557736529382
3,0.58,0.761027621878003
3,0.69,0.6497433199670349
3,0.87,0.8013077199265612
3,0.85,0.7809901354737319
3,0.72,0.6694427551332851
3,0.58,0.7325976493056834
3,0.46,0.6077599327476153
3,0.8,0.7585286597552654
3,0.63,0.6216068689045694
3,0.38,0.46653395933202463
3,0.81,0.6997603833657667
3,0.93,0.65467822656145
3,0.55,0.6100080165619449
3,0.7,0.6728049085302537
3,0.87,0.8188443602530814
3,0.95,0.7473192402718632
3,0.33,0.6436157534650462
3,0.72,0.7237899960675355
3,0.85,0.7517317086152084
3,0.79,0.6609199449279666
3,0.79,0.8281573711519559
3,0.894,0.8243056866745716
3,0.96,0.7615745321756822
3,0.77,0.696700443474532
3,0.88,0.6976699464976472
3,0.51,0.5758722382745521
3,0.78,0.7513488389440623
3,0.85,0.7717006909752597
3,0.84,0.7122052107962963
3,0.88,0.7312303284938473
3,0.15,0.509502680576339
3,1.0,0.7912349839905886
3,0.98,0.7941201112967444
3,0.65,0.6473641284818269
3,0.99,0.7412083759847863
3,0.83,0.7295211127786303
3,0.95,0.9391030841127639
3,0.76,0.6465274160033533
3,0.73,0.7352844147603188
3,0.92,0.7726195394544453
3,0.65,0.3987791482354862
3,0.9,0.7723344447075674
3,0.81,0.8089771466427758
3,0.95,0.8785869633658124
3,0.83,0.7603062797011895
3,0.94,0.8282250365645798
3,0.82,0.7803226417868674
3,0.92,0.7600915914167985
3,0.89,0.8596148872290135
3,0.38,0.5601348620997569
3,0.93,0.7585503402374396
3,0.65,0.568736173444583
3,0.46,0.3911789220769509
3,0.45,0.7712424024860536
3,0.48,0.7771323295045509
3,0.28,0.6341208931351625
3,0.64,0.6124870960263626
3,0.22,0.49256596797450325
3,0.469,0.6530960893322713
3,0.57,0.710792144137891
3,0.86,0.8953571977726008
3,0.73,0.8064110723912573
3,0.62,0.6706367449982811
3,0.88,0.7924483434788748
3,0.22,0.3349397951723313
3,0.88,0.7662749646166045
3,0.73,0.6361545241554922
3,0.5,0.6564370891505067
3,0.4,0.7648956376942906
3,0.45,0.7001797744206922
3,0.85,0.7434550280828776
3,0.79,0.7832780319034374
3,0.73,0.5793998368331361
3,0.81,0.7072666682016067
3,0.74,0.7596130459249797
3,0.51,0.6361394729133735
3,0.66,0.7881527341400913
3,0.57,0.6174537432142011
3,0.54,0.7128342122609184
3,0.325,0.5606847392189944
3,0.63,0.7147746356734739
3,0.27,0.4105089321781302
3,0.92,0.7874413342849397
3,0.61,0.7883695820770091
3,0.67,0.7206884208766005
3,0.9,0.8246561105286954
3,0.89,0.8035060121159036
3,0.84,0.7694531118880119
3,0.72,0.7310047561549369
3,0.76,0.7967044888990649
3,0.61,0.5745261633581116
3,0.64,0.5176574111793435
3,0.76,0.7432572246019247
3,0.44,0.546907356469457
3,0.73,0.7743523252713819
3,0.97,0.8272412980164319
3,0.81,0.8362964368419337
3,0.51,0.4605883354495326
3,0.86,0.5677487814915111
3,0.88,0.636504896215195
3,0.96,0.8512218816727808
3,0.68,0.6722576311982884
3,0.81,0.706021768491146
3,0.58,0.6058399142752817
3,0.06,0.5162510367177486
3,0.57,0.7159742659787707
3,0.94,0.8263792593145272
3,0.37,0.6888352221701922
3,0.68,0.7509855543665949
3,0.78,0.7289043333933163
3,0.58,0.6738240962835469
3,0.59,0.5855304572885474
3,0.48,0.6468636970781773
3,0.26,0.6263389485715345
3,0.27,0.5477402277632158
3,0.76,0.6876824694936812
3,0.21,0.43606836111144864
3,0.67,0.494754011604108
3,0.6,0.5635662739625655
3,0.3,0.6543004093101101
3,0.91,0.8751447248404197
3,0.96,0.6537485975204849
3,0.64,0.5701226949136577
3,0.35,0.424148138931395
3,0.68,0.6700660451281776
3,0.7,0.702486829802955
4,0.58,0.6189307202367071
4,0.91,0.5881588928112024
4,0.8,0.699247156796548
4,0.8,0.7027964959783967
4,0.45,0.6438809663883128
4,0.75,0.5543692882735655
4,0.45,0.47977614547022185
4,0.86,0.8579923958367264
4,0.92,0.8901641272754158
4,0.68,0.7834589692947431
4,0.97,0.7883175221167938
4,0.95,0.6557958666799862
4,0.68,0.7037823944685959
4,0.29,0.33327686712338
4,0.6,0.6669530445335541
4,0.465,0.5845145238235077
4,0.73,0.6352411871979817
4,0.72,0.7315414052053882
4,0.5,0.7486599656317885
4,0.634,0.657966937594179
4,0.78,0.8000840088457369
4,0.86,0.6504183473625154
4,0.96,0.8447367105137953
4,0.857,0.7549980677736372
4,0.63,0.635573473318083
4,0.87,0.8275217777160562
4,0.51,0.5587272687904813
4,0.73,0.8177994032587487
4,0.88,0.7772489148941679
4,0.92,0.8173860529828039
4,0.88,0.8774270886864985
4,0.96,0.9280459485256736
4,0.54,0.5818629672348984
4,0.39,0.6467986007634647
4,0.3,0.577249294594071
4,1.0,0.9679454242472941
4,0.5,0.6174385792441575
4,0.87,0.8659768243805805
4,0.85,0.7448249212195583
4,0.72,0.8288504041194145
4,0.14,0.4597158744611688
4,0.58,0.688004134707609
4,0.6,0.6237006919129394
4,0.86,0.6711479738583945
4,0.73,0.8288385575668884
4,0.94,0.521425149852893
4,0.87,0.8143390945437179
4,0.97,0.8453636084740044
4,0.71,0.7221483523273751
4,0.84,0.739802422180091
4,0.82,0.7867478932267438
4,0.25,0.5452834188513249
4,0.87,0.8375443791661003
4,0.72,0.7025277886384536
4,0.84,0.6056870880894967
4,0.68,0.5795371048775391
4,0.7,0.651696349570826
4,0.92,0.6341049273339745
4,0.92,0.7341324609355728
4,0.17,0.7806195382148253
4,0.94,0.8610534311209391
4,0.41,0.7127626728647911
4,0.92,0.8635429976712736
4,1.0,0.7302508100752108
4,0.62,0.5036732652973677
4,0.64,0.5906215373485746
4,0.7,0.8302672860806732
4,0.92,0.820847436184911
4,0.61,0.8474196692786868
4,0.63,0.6986450254774256
4,0.93,0.879937540090389
4,0.39,0.609230756343044
4,0.76,0.8614298543559933
4,0.53,0.6052383632531702
4,0.92,0.7052392988916598
4,0.43,0.6135314347280402
4,0.73,0.6750027983483375
4,0.71,0.7630392795347078
4,0.95,0.7583948174589387
4,0.43,0.5956067481288487
4,0.7,0.6072802784880955
4,0.8,0.7816229185296274
4,0.66,0.8205910372386571
4,0.88,0.7147528954755854
4,0.95,0.783836183445666
4,0.22,0.5276680943983622
4,0.44,0.6769611022723133
4,0.98,0.703494928348862
4,0.63,0.7300210765849294
4,1.0,0.9639326982815779
4,0.73,0.7243899757898741
4,0.65,0.6873258137441072
4,0.93,0.883620561806507
4,0.9,0.8070507560991897
4,0.72,0.7554438149481537
4,0.78,0.7872936248459483
4,0.84,0.6633334920966227
4,0.16,0.47706922142294933
4,0.84,0.7235488469001914
4,0.95,0.8002521799196078
4,0.84,0.6358611350580503
4,0.8,0.7978256415911824
4,0.78,0.7930145831978058
4,0.92,0.8382228723108777
4,0.66,0.6980103997790732
4,0.65,0.7108607878943416
4,0.99,0.7593121051663194
4,0.26,0.5480644892088538
4,0.9,0.766679940018755
4,0.67,0.7138212354544862
4,0.68,0.6671962965271662
4,0.67,0.6883359455133637
4,0.86,0.7465024288378115
4,0.97,0.7674227312756711
4,0.75,0.79503096099199
4,0.86,0.7755334771531411
4,0.82,0.5071256861980634
4,0.51,0.6403689963056421
4,0.78,0.660687547178292
4,0.81,0.7313312966464188
4,0.86,0.7568777454836502
4,0.96,0.62833409009192
4,0.61,0.6250397186069581
4,0.63,0.7540571230747375
4,0.74,0.6638261550546413
4,0.93,0.8825459671436
4,0.91,0.5922100535092517
4,0.94,0.5423496938211695
4,0.6,0.7430886381645276
4,0.42,0.5588731816788225
4,0.83,0.8391559342819843
4,0.77,0.8602938841992631
4,0.48,0.5624129225745955
4,0.87,0.8963707756184878
4,0.37,0.42620881543368244
4,0.82,0.7253767646817593
4,0.7,0.8365443534307803
4,0.822,0.6919126004968826
4,0.82,0.712665797688302
4,0.66,0.7836388462977522
4,0.78,0.9141359417291433
4,0.93,0.5970841402706368
4,0.09,0.34371646118924115
4,0.75,0.6662096887410851
4,0.85,0.8646265248165335
4,0.575,0.6700533173841932
4,0.54,0.544452771488315
4,0.87,0.7117519491034898
4,0.45,0.629170048530177
4,0.63,0.6990992516038022
4,0.76,0.7616907717387474
4,0.89,0.8327881911408457
4,0.87,0.7245965257293392
4,0.8,0.7069663958142315
4,0.61,0.7237863344018765
4,0.26,0.7754259474414489
4,0.8,0.6546198143478839
4,0.98,0.7731914348218693
4,0.95,0.8709550200439515
4,0.42,0.7026719523797837
4,0.88,0.6353791823460794
4,0.46,0.6183605666297092
4,0.86,0.8386466054716076
4,0.69,0.7367327136015169
4,0.7,0.7778827261626728
4,0.77,0.7882492815310582
4,0.86,0.7252617740313194
4,0.98,0.8461840953982548
4,0.85,0.757709412369807
4,0.44,0.6003021239753229
4,0.95,0.7078379747378221
4,0.94,0.90070339747747
4,0.84,0.5908148952415417
4,0.77,0.7099384796300474
4,0.95,0.8337700362038172
4,0.74,0.5865037163511341
4,0.91,0.7823286750828483
4,0.902,0.8104863578330125
4,0.9,0.7835990379577782
4,0.45,0.6407291110708551
4,0.75,0.7657027191046284
4,0.88,0.8762141163221155
4,0.91,0.7701272174653371
4,0.46,0.6085652693156709
4,0.54,0.6692283786494522
4,0.39,0.48141318140821665
4,0.57,0.4267839311435657
4,0.49,0.7907262184298456
4,0.94,0.8514835531115844
4,0.17,0.2596778067989626
4,0.98,0.854333502569399
4,0.98,0.7882040661037122
4,0.78,0.7990458341131796
4,0.6,0.7796968801166372
4,0.89,0.6171755159499133
4,0.85,0.7386686429735598
4,0.57,0.5951941292152387
4,0.81,0.8547842190452265
4,0.78,0.6548880687598775
4,0.51,0.5367109062377142
4,0.78,0.7839502173937101
4,0.55,0.5697626095598411
4,0.92,0.8238572822286371
4,0.95,0.79468994902675
4,0.78,0.7193710221628772
4,0.99,0.8878554206648048
4,0.44,0.4746002323202009
4,0.85,0.8119236455285781
4,0.18,0.7044937482555514
4,0.56,0.7253257813797362
4,0.98,0.7478736446660172
4,0.85,0.8057007996019727
4,0.8,0.8611058420263178
4,0.79,0.7949423024668152
4,0.76,0.7246701773907384
4,0.32,0.6324430907976208
4,0.7,0.708338026422193
4,0.12,0.7092692395219704
4,0.62,0.6219356448846364
4,0.73,0.6104877271076304
4,0.82,0.6929563848648602
4,0.4,0.7624291169511004
4,0.81,0.6426924975553635
4,0.86,0.6997907889332702
4,0.83,0.7061685637719664
4,0.24,0.5664234157029138
4,0.37,0.3970167260124728
4,0.56,0.5235217579809326
4,0.59,0.460013682112991
4,0.75,0.5662026463856701
4,0.82,0.8273942438885719
4,0.97,0.6920343858174066
4,0.65,0.7161924538444365
4,0.8,0.7781586628558411
4,0.38,0.6405587855764285
4,0.505,0.4775805578867225
4,0.89,0.9117812577731094
4,0.68,0.7263091131372479
4,0.54,0.7691718552391603
4,0.41,0.7700551433130043
4,0.61,0.5664766555572321
4,0.95,0.9318635104682037
4,0.95,0.8516415112765889
4,0.8,0.7078811575156918
4,0.76,0.8532176557301638
4,0.93,0.9301572169779748
4,0.66,0.7218197089532911
4,0.44,0.826913000216943
4,0.63,0.6029599500625277
4,0.82,0.8225539736764148
4,0.5,0.7093162040629636
4,0.92,0.9110227947018477
4,0.55,0.588840826374282
4,0.75,0.7870570064482593
4,0.82,0.6985733724736707
4,0.7,0.704650285402306
4,0.77,0.7132330821767494
4,0.86,0.851645787501007
4,0.83,0.7161383046793686
4,0.98,0.7441286655510413
4,0.89,0.7662406249592629
4,0.77,0.6940088470624569
4,0.53,0.5054126948011213
4,0.73,0.5638086593842271
4,0.76,0.6589081924901462
4,0.69,0.8800000953565227
4,0.99,0.8071370894633092
4,0.82,0.7473629433916316
4,0.61,0.6015283935203768
4,0.92,0.9031065368151092
4,0.82,0.8667409254256985
4,0.94,0.8683973789071482
4,0.86,0.8206251667024875
4,0.43,0.5879465456051087
4,0.85,0.8544004114746774
4,0.74,0.7159858806122646
4,0.72,0.6206028426024846
4,0.33,0.5265224239433071
4,0.53,0.6085103484018101
4,0.63,0.7851608638470886
4,0.92,0.8083541992663306
4,0.9,0.5803645967366662
4,0.64,0.7677964428289021
4,0.63,0.6649334249572469
4,0.82,0.7139028956269415
4,0.08,0.7407311160049352
4,1.0,0.9463149075506108
4,0.32,0.30385978415892645
4,0.65,0.6431127196518936
4,0.42,0.6266825311895265
4,0.96,0.7896248471408143
4,0.86,0.7081679696303681
4,0.91,0.8162769565348935
4,0.85,0.7710595850937122
4,0.41,0.6945372772391337
4,0.91,0.6595625988476563
4,0.86,0.8565530070699089
4,0.8,0.6733188235150952
4,0.94,0.8143820635422165
4,0.67,0.6206417618698119
4,0.59,0.6911193919345767
4,0.69,0.48780993410006074
4,0.92,0.801071268484137
4,0.94,0.7653496494630123
4,0.68,0.7670243951135953
4,0.62,0.83263293037198
4,0.87,0.8111120366883835
4,0.93,0.7571140582614972
4,0.83,0.8150226284377041
4,0.77,0.7473061545452279
4,0.69,0.7104055815152888
4,0.36,0.4704736519754171
4,0.85,0.8265135390885401
4,0.3,0.3465478130819969
4,0.91,0.8884322020392534
4,0.65,0.6707081194983728
4,0.32,0.6532549821615903
4,0.87,0.7879554805408758
4,0.97,0.8996468656977447
4,0.59,0.4568679301717211
4,0.65,0.7197886363050457
4,0.62,0.5315564172913361
4,0.81,0.802723311356314
4,0.645,0.6809570835149137
4,0.76,0.7414772126786782
4,0.83,0.8259494457047214
4,0.71,0.6801216445081969
4,0.43,0.5030832628128461
4,0.46,0.6726809866322667
4,0.37,0.6140781931376051
4,0.77,0.6304922874744435
4,0.31,0.701470323106488
4,0.5,0.5705787605473972
4,0.59,0.6868177376273694
4,0.94,0.8293455615737664
4,0.22,0.7086720694323507
4,0.48,0.6579758629125187
5,0.76,0.8148288057146055
5,0.74,0.8231964524206423
5,0.638,0.5491908032535745
5,0.85,0.5802658682836772
5,0.87,0.8742578512143651
5,0.95,0.8465344570822191
5,0.73,0.7204366957525588
5,0.16,0.2259821721464663
5,0.8,0.7292058623801
5,0.6,0.5996003640284597
5,0.52,0.5524361503939612
5,0.55,0.5518370522416494
5,0.57,0.42789767564388587
5,0.4,0.6699850697338369
5,0.65,0.5957087680275985
5,0.65,0.81001698497881
5,0.77,0.8597179521538985
5,0.72,0.8288707572253166
5,0.79,0.6656209519556712
5,0.45,0.6173620892292814
5,0.86,0.6358885988257115
5,0.76,0.7222082534988994
5,0.9,0.6464665884989773
5,0.94,0.6760387190151014
5,0.99,0.8665302556375973
5,0.8,0.7788016552478868
5,0.75,0.8678086086470017
5,0.89,0.8717846684984103
5,0.83,0.78196166003667
5,0.72,0.7425116232942934
5,0.35,0.510895853505088
5,0.08,0.221789642477467
5,0.59,0.56724593016804
5,0.45,0.8729212123418333
5,0.72,0.6558717711770706
5,0.694,0.5857626518801291
5,0.96,0.9085582187937836
5,0.71,0.6869102889931518
5,0.6,0.7072868379614023
5,0.801,0.6818216684155223
5,0.69,0.6158534630684109
5,0.92,0.8672467174785029
5,0.93,0.8501254624646242
5,0.58,0.625752235618494
5,0.8,0.745076965476053
5,0.67,0.6960458236866388
5,0.67,0.662720989811844
5,0.4,0.5110166771151983
5,0.98,0.8600998251097072
5,0.89,0.5646653483635304
5,0.72,0.6497861927034183
5,0.77,0.5488929414308421
5,0.41,0.7372442193724401
5,0.89,0.7266327078781971
5,0.76,0.7690157559028955
5,0.72,0.7989396378686475
5,0.461,0.817461897024472
5,0.73,0.6317782469231358
5,0.54,0.4864245323359735
5,0.99,0.9086900585227922
5,0.92,0.8671517626960863
5,0.2,0.30455359971682755
5,0.25,0.5854708546041418
5,0.92,0.9627278948281419
5,0.81,0.7595739168154824
5,0.84,0.7044200407625476
5,0.36,0.6680973616434215
5,0.91,0.9112592127801709
5,0.13,0.4923232284187235
5,0.8576,0.7526187259941391
5,0.79,0.757255807262027
5,0.51,0.6748724129290562
5,0.96,0.7479082506036101
5,0.26,0.5668823952971614
5,0.58,0.5914004556735494
5,0.99,0.7228567373530052
5,0.36,0.3618034525673087
5,0.75,0.6801053389158979
5,0.42,0.4651971381653477
5,0.99,0.8865826594853933
5,0.91,0.7381402251006435
5,0.84,0.7243737419629855
5,0.52,0.7432930928549317
5,0.24,0.5842535924951178
5,0.58,0.6801692056380783
5,0.8,0.6653337061218628
5,0.41,0.6048375919366727
5,0.15,0.2124636661319526
5,0.84,0.8175183635847425
5,0.94,0.817251679841775
5,0.86,0.733843180364512
5,0.88,0.5009151869394968
5,0.725,0.7974104457512551
5,0.7,0.7974249767269967
5,0.71,0.6739630772421457
5,0.91,0.628296081643708
5,0.47,0.6632944027193952
5,0.86,0.7702608285269692
5,0.98,0.8352994797656701
5,0.89,0.9232384270214655
5,0.98,0.780895923216079
5,0.08,0.40954358141054886
5,0.232,0.38556669353683337
5,0.96,0.8657748149682574
5,0.64,0.5118154576751436
5,0.15,0.6880125810309885
5,0.71,0.6939068981881751
5,0.61,0.7523147359395158
5,0.51,0.6549374123753476
5,0.96,0.9244271897727047
5,0.62,0.7008206040846191
5,0.98,0.7680343730330332
5,0.57,0.7907418762240987
5,0.99,0.9893282223539764
5,0.99,0.6950010695007335
5,0.65,0.6261374576319605
5,0.26,0.4475859811178798
5,0.55,0.7553493071807882
5,0.71,0.7439152180433184
5,0.77,0.7435649347894566
5,0.6,0.7099860478855828
5,0.63,0.6585494828691311
5,0.85,0.9390093685559094
5,0.85,0.7945539355657947
5,0.29,0.6548888239094987
5,1.0,0.8065132940370602
5,0.985,0.6939674118107899
5,0.88,0.7995041594494766
5,0.96,0.7316818079490537
5,0.77,0.7174270168630434
5,0.967,0.4955498676634559
5,0.5,0.6617002464251986
5,0.97,0.9041051749834009
5,0.68,0.708146759833368
5,0.99,0.908926592712163
5,0.83,0.6133231674592226
5,0.94,0.8299787454799231
5,0.89,0.709071719445926
5,0.6,0.7669014905188323
5,0.69,0.6560765765438192
5,0.85,0.9069892011971821
5,0.59,0.41344304048969516
5,0.87,0.8852905819335255
5,0.6,0.7694139953353838
5,0.95,0.8178409647327338
5,0.984,0.8640780384653759
5,0.91,0.9133285843205385
5,0.93,0.9302940769845824
5,0.99,0.9421403521079088
5,0.88,0.7987884971448352
5,0.44,0.5290555923981655
5,0.95,0.5740589597355659
5,0.55,0.6455713189565395
5,0.79,0.7348762117219838
5,0.68,0.595279768968669
5,0.93,0.7633417479058002
5,0.4,0.6121007100314309
5,0.93,0.8299846611671864
5,0.43,0.7500621284352585
5,0.95,0.8881787560188903
5,0.96,0.9653107591237171
5,0.75,0.7329752022509641
5,0.61,0.5462124499696328
5,0.45,0.47982087909494153
5,0.99,0.8626083197518496
5,0.5,0.42341395779623225
5,0.71,0.5258292578861911
5,0.38,0.4815415445578841
5,0.67,0.5398102758909433
5,0.652,0.5238551547483773
5,0.48,0.585837866808594
5,0.78,0.8672722300238012
5,0.68,0.633564039983072
5,0.0915,0.5279657562591072
5,0.17,0.6938557881900326
5,0.9,0.7789585342515163
5,0.94,0.6477951080656905
5,0.95,0.80755034304
5,0.32,0.7208203395051707
5,0.83,0.8170280654371126
5,0.88,0.7642187866033
5,0.8,0.6248663913126491
5,0.79,0.8223279169910702
5,0.6,0.7380806300344933
5,0.71,0.8345581213501927
5,0.71,0.6826623423604696
5,0.41,0.5817151274568163
5,0.7,0.5249353366556173
5,0.46,0.5143056910714614
5,0.653,0.5756124736417909
5,0.7661,0.7452589214118267
5,0.97,0.7279586474715344
5,0.41,0.5958402630554462
5,0.81,0.5679496258884122
5,0.36,0.3966570983934025
5,0.71,0.7263003361778231
5,0.96,0.7303366328454304
5,0.6,0.8401843725574976
5,0.8,0.7041166719306509
5,0.92,0.5734535977704862
5,0.99,0.8122575453658111
5,0.82,0.802194300342475
5,0.97,0.9231984451028059
5,0.8,0.7972314390572006
5,0.62,0.4335193418866804
5,0.87,0.7954056544698749
5,0.89,0.8447080622991666
5,0.37,0.44897663208503924
5,0.81,0.700184138179981
5,0.22,0.591714069705358
5,0.4,0.4940219315510127
5,0.93,0.866379581516993
5,0.96,0.7918433577476032
5,0.82,0.7090171093756703
5,0.56,0.6490038500150994
5,0.41,0.43403586210912376
5,0.69,0.5672141906792116
5,0.95,0.844900678891843
5,0.89,0.6039725572819111
5,0.21,0.2963493471837465
5,0.9,0.7720624175220236
5,0.98,0.8898346664367666
5,0.73,0.7674134087521425
5,0.67,0.5802557053919687
5,0.4,0.5306611083681702
5,0.34,0.513583123823125
5,0.7,0.6180624404430022
5,0.89,0.8107338435435221
5,0.94,0.7878254392224417
5,0.9,0.8611474803996673
5,0.95,0.5464095617550806
5,0.951,0.8990418946778879
5,0.92,0.7651360725569787
5,0.38,0.4214112676773345
5,0.754,0.595428319031556
5,0.95,0.7535229871278795
5,0.8,0.8198749637258151
5,0.34,0.6824957380635137
5,0.58,0.32174834348316694
5,0.8,0.5514542587201696
5,0.86,0.7365604967394812
5,0.45,0.47915897007216934
5,0.68,0.574723593472021
5,0.33,0.3783887859251119
5,0.75,0.8002066162337241
5,0.42,0.6090536040097008
5,0.99,0.8913666914452145
5,0.88,0.7630315291059303
5,0.52,0.32282953021563765
5,0.996,0.8313357908910354
5,0.45,0.5819956192252884
5,0.45,0.575858950248532
5,0.72,0.912100188771179
5,0.79,0.7217148117119319
5,0.3,0.5491282389462778
5,0.876,0.7937026964819633
5,0.31,0.653162676075186
5,0.94,0.6784471172196371
5,0.98,0.9619099495185542
5,0.94,0.7810035500008249
5,0.99,0.9084030707636801
5,0.49,0.7671309337483767
5,0.55,0.25923940770004567
5,0.77,0.6855055088443954
5,0.05,0.3221153906909753
5,0.84,0.8353346986525247
5,0.89,0.8464216803871742
5,0.83,0.7533943731690989
5,0.38,0.7788174096618743
5,0.28,0.34365709239125974
5,0.74,0.7305048852676925
5,0.97,0.7770402721850359
5,0.89,0.8949936813029653
5,0.78,0.7260740026119201
5,0.65,0.44834485182484846
5,0.31,0.42609041137590836
5,0.67,0.5071636557514783
5,0.9,0.7700581201372989
5,0.84,0.5627548293056331
5,0.29,0.43722434034786695
5,0.86,0.7948676774283199
5,0.92,0.8323699310710089
5,0.9,0.8843672014101691
5,0.48,0.5074695012287868
5,0.75,0.6645602881398722
5,0.85,0.8111674249206653
5,0.85,0.5960195176897084
5,0.37,0.46953494946440505
5,0.35,0.5794302625025315
5,0.84,0.8577588560798908
5,0.41,0.72480732231254
5,0.97,0.9375335073218478
5,0.75,0.5493243498853644
5,0.78,0.4856491212550494
5,0.86,0.7333835766972219
5,0.69,0.6718424483745544
5,0.89,0.6076580393821956
5,0.64,0.730875922612797
5,0.2,0.3188359883122043
5,0.52,0.7312352235415893
5,0.63,0.5087946159609371
5,0.98,0.8491810903747418
5,0.642,0.7266110369468874
5,0.35,0.49735449204672744
5,0.5,0.2154694225476005
5,0.9,0.7416053658722852
5,0.22,0.41223920641449513
5,0.96,0.8534282525950732
5,0.7,0.6748249703119352
5,0.88,0.8728926393375994
5,0.62,0.6933570904948241
5,0.92,0.8547177697067201
5,0.77,0.7768683830124987
5,0.8,0.8281315902290325
5,0.39,0.44309062024800344
5,0.24,0.48900240421939806
5,0.76,0.617296241298813
5,0.81,0.7118902522720163
5,0.538,0.6672745517266951
5,0.1,0.20851418038240827
5,0.68,0.8156091976305544
5,0.78,0.8131704151026653
5,0.72,0.5958430159747586
5,0.93,0.8932066465835087
5,0.46,0.6590543096005232
5,0.54,0.6926361882089653
5,0.6,0.6322358667703615
5,0.99,0.95974502010869
5,0.67,0.6703518735693115
5,0.48,0.7935550207085333
5,0.85,0.7805989090130032
5,0.53,0.5056220797556059
5,0.96,0.7954890260232745
5,0.41,0.4584536425074075
5,0.44,0.4323524306898569
5,0.96,0.849350126942148
5,0.38,0.4734543205340976
5,0.51,0.7300021033022234
5,0.72,0.5942725704783977
5,0.94,0.8738011296307786
5,0.78,0.8806027679438095
5,0.85,0.6218395986657839
5,0.67,0.7342761044464559
5,0.97,0.9765983489932523
5,0.91,0.918560239705543
5,0.56,0.4560495205209931
5,0.66,0.7155157715289004
5,0.98,0.9196675637834932
5,0.41,0.6692574810863696
5,0.89,0.9133406013196479
5,0.94,0.8455744935703109
5,0.67,0.5638250835442634
5,0.313,0.6416689283232128
5,0.96,0.8725247797666738
5,0.84,0.8820053102060728
5,0.816,0.9153979666296654
5,0.57,0.5723955115164676
5,0.94,0.8258237255697967
5,0.44,0.5224397612235774
5,0.68,0.5978544653465017
5,0.99,0.9039409536375976
5,0.16,0.2257995762163905
5,0.18,0.3365705447860287
5,0.78,0.6525044302290389
5,0.9,0.7597255922738212
5,0.65,0.7267747562927744
5,0.45,0.6009518381908392
5,0.32,0.5302965312744061
5,0.39,0.5427482913095797
5,0.92,0.4989746213349362
5,0.87,0.8340334825489566
5,0.79,0.8795080961895048
5,0.68,0.7454317754363101
5,0.8,0.8929113337812898
5,0.66,0.746042570338781
5,0.76,0.8665249543396716
5,0.99,0.9815917196155508
5,0.3863,0.5071414932914624
5,0.92,0.9593302555468002
5,0.76,0.5988364797790561
5,0.87,0.739192650942844
5,0.89,0.6733622825866763
5,0.86,0.8758767458834367
5,0.87,0.7297639428900736
5,0.6,0.7314705361746663
5,0.72,0.8129568944844843
5,0.63,0.5998070399850275
5,0.31,0.32731992935192145
5,0.57,0.47311084784522356
5,0.204,0.5773316589951739
5,0.45,0.6943264334497468
5,0.89,0.8052175386686246
5,0.87,0.8178809231429558
5,0.78,0.6329441698542321
5,0.74,0.7633944621594306
5,0.23,0.5466003210025138
5,0.95,0.7789705765817345
5,0.9,0.7892475157525985
5,0.73,0.8858742828770209
5,0.53,0.6646701294122781
5,0.3,0.6641003295891504
5,0.48,0.6672370148923648
5,0.68,0.6734491026834483
5,0.32,0.5666142764278184
5,0.77,0.7392420637646546
5,0.59,0.6538681870143082
5,0.63,0.4778790881703422
5,0.19,0.6613704897150287
5,0.28,0.4190549985493446
5,0.98,0.6455926294848319
5,0.76,0.7940713356711445
5,0.93,0.9715615608617983
5,0.532,0.5421575400345917
5,0.95,0.7290825071548784
5,0.83,0.5905767164468797
5,0.96,0.831110106676741
5,0.98,0.8801377154514469
5,0.98,0.7905107396763291
5,0.25,0.24457934054624328
5,0.41,0.2963483040496848
5,0.56,0.7285049886410397
5,0.8,0.82100960075039
5,0.6,0.6871932195106791
5,0.85,0.8877542993481913
5,0.95,0.8629082026309216
5,0.81,0.6227123281605378
5,0.28,0.5278441961105074
5,0.91,0.7657828307572112
5,0.18,0.5148244124433946
5,0.232,0.44994001996413824
5,0.82,0.4654925850377638
5,0.8394,0.7312598097768811
5,0.937,0.5780651306634881
5,0.86,0.4059620139668091
5,0.57,0.6170233167981938
5,0.95,0.903438190897484
5,0.81,0.5420380524520292
5,0.45,0.6583535237671367
5,0.64,0.4471083223131753
5,0.57,0.5578161293364639
5,0.23,0.31822897124937277
5,0.15,0.21368113964290225
5,0.31,0.46169204499542027
5,0.82,0.8006490280368727
5,0.74,0.7274217755537423
5,0.7,0.7028367568321214
5,0.1,0.19213726698664205
5,0.47,0.6378038361865654
5,0.99,0.8964864045917551
5,0.99,0.9622409486741148
5,0.8601,0.8847346152202591
5,0.89,0.7665535516408601
5,0.483,0.505853213825903
5,0.92,0.921898252123997
5,0.98,0.841997080966479
5,0.77,0.5780656922246382
5,0.9,0.6083375511428849
5,0.7,0.8526716603620077
5,0.35,0.37595224146302975
5,0.78,0.6834633485606276
5,0.62,0.7340028262843477
5,0.82,0.8831774523682242
5,0.582,0.41415068219546564
5,0.64,0.646949233631851
5,0.5,0.7912504026727164
5,0.8,0.6386255097485958
5,0.26,0.6948087231314318
5,0.93,0.9345102203832074
5,0.88,0.6295644891141976
5,0.54,0.6297570342911865
5,0.42,0.4613035928966531
5,0.65,0.7340308478252272
5,0.96,0.6545049676960684
5,0.5,0.48978093853903615
5,0.51,0.5561521820800411
5,0.34,0.465179281845726
5,0.69,0.7205703236358986
5,0.49,0.522255082006584
5,0.69,0.7984629180387375
5,0.723,0.7218769219635313
5,0.87,0.9091229163642819
5,0.672,0.7007421885150962
5,0.54,0.5925541961340255
5,0.46,0.6551740006675475
5,0.94,0.8789373810672293
5,0.56,0.4876106433603775
5,0.89,0.6606958655623424
5,0.13,0.6567697437970489
5,0.7,0.5389737305502873
5,0.438,0.45796055387052104
5,0.33,0.5509978226426475
5,0.76,0.780935946337068
5,0.38,0.3716511200283025
5,0.6,0.5725477592239249
5,0.907,0.5203938726899011
5,0.54,0.7147361359608639
5,0.85,0.8334471825211891
5,0.48,0.7311375040797878
5,0.85,0.6995219143136695
5,0.91,0.9465595030166695
5,0.69,0.6989833909748001
5,0.99,0.8899451342163728
5,0.52,0.6133412905068224
5,0.93,0.801018273847191
5,0.48,0.7080131079381102
5,0.33,0.6181610556780688
5,0.68,0.8136944924980566
5,0.63,0.7494246670202966
5,0.52,0.6781417576361626
5,0.64,0.6801593603881083
5,0.53,0.6532371974959688
5,0.83,0.8043281554249959
5,0.35,0.25512979291960913
5,0.35,0.6064997734631009
5,0.67,0.8473281769514189
5,0.58,0.7508232195650169
5,0.7,0.6833208868718037
5,0.85,0.8314112203807777
5,0.98,0.9152429580524417
5,0.22,0.2279997474725557
5,0.47,0.6814348428249031
5,0.762,0.6423619872622335
5,0.91,0.9242047986529405
5,0.68,0.5589714711964886
5,0.23,0.6465835885047713
5,0.99,0.912460547689033
5,0.96,0.9201967467028818
5,0.39,0.7152200810067944
5,0.51,0.4331769846465382
5,0.97,0.621397639623894
5,0.7,0.7219435141851476
5,0.76,0.7365653510069322
5,0.39,0.7712983268407854
5,0.97,0.6884906320006721
5,0.55,0.7384472827306636
5,0.51,0.5338646432463168
5,0.88,0.8215078735631587
5,0.81,0.8042896694443185
5,0.96,0.8522524493712762
5,0.81,0.7996491631438202
5,0.81,0.840614763880038
5,0.74,0.6689081146375704
5,0.3,0.3064815763125661
5,0.55,0.5619556194160085
5,0.96,0.9045448548379025
5,0.55,0.5920695316223328
5,0.78,0.8165703188110045
5,0.8,0.5801668597976719
5,0.64,0.3577714443751961
5,0.9,0.8629545315015857
5,0.96,0.8124291655071756
5,0.62,0.4656048806226766
5,0.92,0.7723380189511057
5,0.51,0.7926049120155773
5,0.65,0.4673694232180108
5,0.13,0.5520252434141155
5,0.85,0.5312329276272797
5,0.9,0.8191276989692595
5,0.61,0.5736052673538223
5,0.5,0.7699941462957984
5,1.0,0.6928206236373728
5,0.3,0.3442866023596892
5,0.71,0.9431331646218861
5,0.95,0.7307030678602336
5,0.45,0.47430801538092277
5,0.86,0.7287098989046518
5,0.58,0.8280600311495979
5,0.54,0.546975775150583
5,0.59,0.5329140938169858
5,0.92,0.7793598153769465
5,1.0,0.7546346571535514
5,0.91,0.6730849574514417
5,0.57,0.5627954882200592
5,0.56,0.7191232818530643
5,0.88,0.8508161941733473
5,0.54,0.6724583297238094
5,0.73,0.8752687639331237
5,0.55,0.6541009540933967
5,0.21,0.67126365097967
5,0.68,0.7479696818471726
5,0.71,0.7439269365478796
5,0.82,0.6929734031265135
5,0.7,0.7183132359780374
5,0.31,0.4262872187005153
5,0.765,0.6208142925376585
5,0.63,0.6427432667317237
5,0.86,0.867983361756265
5,0.05,0.582609513937191
5,0.32,0.6766063223807348
5,0.47,0.28971993781865063
5,0.4,0.616139091541886
5,0.48,0.8598459016923429
5,0.79,0.8381082730370029
5,0.955,0.8260084830889917
5,0.91,0.7673230566800653
5,0.98,0.9404473598756927
5,0.95,0.9152642386698528
5,0.83,0.6527867272579693
5,0.5,0.49990333147885657
5,0.54,0.771299031678065
5,0.7,0.6232429998544587
5,0.72,0.6943704872631888
5,0.75,0.7933797491468089
5,0.5,0.3900354408755307
5,0.99,0.6068962245802751
5,0.84,0.7985466010621807
5,0.25,0.4124520523992017
5,0.473,0.4931252734088479
5,0.8,0.720711512835338
5,0.53,0.5311668946503132
5,0.86,0.7597859185701564
5,0.82,0.6770122260789929
5,0.86,0.7326324722008845
5,0.07,0.5419975120258533
5,0.82,0.7757034070409137
5,0.33,0.45851750746424114
5,0.35,0.38418266165184983
5,0.43,0.48289363090265214
5,0.88,0.8658904938157553
5,0.37,0.6519084733676498
5,0.9,0.7488800207367521
5,0.67,0.7151791682566919
5,0.62,0.6568854667288131
5,0.58,0.8613854891569233
5,0.16,0.5191423597553032
5,0.39,0.5045533559680675
5,0.77,0.6322581969553454
5,0.8,0.7385338810880682
5,0.7,0.838004320383051
5,0.75,0.7097881466401148
5,0.85,0.7858906896159712
5,0.71,0.624688492777141
5,0.42,0.681463623443546
5,0.76,0.7947207605712222
5,0.75,0.7826528304363266
5,0.61,0.5950939935624597
5,0.54,0.6388290281169648
5,0.43,0.43142552721624305
5,0.35,0.6848723486733086
5,0.25,0.6294591390096365
5,0.515,0.4021627307903373
5,0.24,0.546611691668313
5,0.75,0.8239650736195718
5,0.91,0.6371938921458575
5,0.68,0.7772774592432655
5,0.89,0.7536576140982834
5,0.75,0.7437561549018125
5,0.9,0.7402044925235337
5,0.58,0.7191243641984952
5,0.89,0.7941697546370806
5,0.53,0.59001972406064
5,0.87,0.7324062990058412
5,0.103,0.6959849295254252
5,0.84,0.6097594728612634
5,1.0,0.9867080094544063
5,0.27,0.38661740176553994
5,0.59,0.6039586679048553
5,0.91,0.7873302736475505
5,0.59,0.5355841581068095
5,0.57,0.583022152533175
5,0.672,0.6686734756812404
5,0.77,0.48274739588210036
5,0.81,0.6897140411804539
5,0.82,0.8317319822782387
5,0.65,0.5681594906014238
5,0.06,0.6277999262421785
5,0.64,0.5790560228633782
5,0.87,0.7626600040747447
5,0.55,0.47471413296985054
5,0.57,0.742161113931521
5,0.64,0.6268786774402696
5,0.32,0.5785802100527953
5,0.99,0.9765416844267135
5,0.88,0.8555831954706969
5,0.31,0.693911358341744
5,0.93,0.8707386615088023
5,0.97,0.8055156505150716
5,0.99,0.7928949991520631
5,0.97,0.8823642869778644
5,0.57,0.7066348013206123
5,0.95,0.7942238983157557
5,0.434,0.5822588737190024
5,0.969,0.5392740863781809
5,0.66,0.7290411461111312
5,0.76,0.7709034721298522
5,0.88,0.8602092420385943
5,0.17,0.40463817798717433
5,0.99,0.953213065461667
5,0.14,0.47833442024052264
5,0.49,0.458368103863114
5,0.47,0.6310592426134009
5,0.27,0.5997697861484725
5,0.52,0.7788216061693924
5,0.5,0.7272286167033056
5,0.7,0.7572671771024856
5,0.95,0.8369595448532259
5,0.7,0.7085489629060436
5,0.72,0.5946715809221346
5,0.5,0.475853258849965
5,0.22,0.2951784099433094
5,0.75,0.8844606147158073
5,0.4,0.7264746786579441
5,0.898,0.8209171892607503
5,0.8,0.7397258615525069
5,0.38,0.39975091895971804
5,0.68,0.6510936643285242
5,0.68,0.8656166624843158
5,0.55,0.49713947356775834
5,0.5,0.7973058749570766
5,0.86,0.840964662021469
5,0.53,0.6239676726821431
5,0.87,0.8922598667143519
5,0.75,0.5071573790221802
5,0.59,0.8199388448991729
5,0.95,0.90478127786534
5,0.15,0.7953461692587867
5,0.7,0.8621052521411576
5,0.72,0.7233918938499267
5,0.79,0.559933785666586
5,0.92,0.8764882748540999
5,0.18,0.5082158571835459
5,0.52,0.40683517331569197
5,0.71,0.653876223696989
5,0.91,0.7889894804948127
5,0.94,0.6730890382263714
5,0.63,0.6259584996504979
5,0.66,0.7235472915317509
5,0.86,0.7749919458665565
5,0.94,0.8223340499653603
5,0.21,0.269889948954655
5,0.36,0.6673466928309458
5,0.95,0.8903479423597633
5,0.87,0.6404729020839013
5,0.62,0.5388744745343982
5,0.664,0.577708805041037
5,0.76,0.6198026800023072
5,0.74,0.36606895982139265
5,0.93,0.7895539716979465
5,0.96,0.8032525884835906
5,0.23,0.6149751761579937
5,0.9,0.889335299617685
5,0.86,0.8413243198115123
5,0.76,0.69635977533206
5,0.88,0.6936985239539223
5,0.673,0.7029566637456941
5,0.82,0.7144286510171081
5,0.73,0.6350042963401548
5,0.6,0.5684374679434658
5,0.92,0.8365827454700759
5,0.35,0.3857779513141863
5,0.83,0.7634340366829715
5,0.3,0.4575562695226243
5,0.44,0.43333214485150157
5,0.25,0.5778784665118288
5,0.37,0.5005059422104794
5,0.12,0.5577939157703767
5,0.3,0.4052172090932863
5,0.25,0.573902376897625
5,0.6,0.7539845155582074
5,0.7,0.7221716960655921
5,0.81,0.759029287665379
5,0.8,0.7345015383487556
5,0.104,0.35459339010098
5,0.95,0.7655865738778136
5,0.78,0.7330722110324935
5,0.86,0.8069984755844224
5,0.16,0.5247470360953461
5,0.19,0.76927011767798
5,0.21,0.4347051869752372
5,0.612,0.5916739619880286
5,0.97,0.7903743927329182
6,0.65,0.6601339898778622
6,0.95,0.8178825667422134
6,0.75,0.6285456484752177
6,0.6,0.7688097907792959
6,0.92,0.8663719894722133
6,0.77,0.8487465526535347
6,0.8,0.8564987780996787
6,0.87,0.6610995090260235
6,0.98,0.812102701609416
6,0.92,0.7869093505977378
6,0.814,0.5465986384153667
6,0.57,0.7875371804161755
6,0.23,0.47191380039408026
6,0.9,0.7883193008373363
6,0.44,0.4987965797988744
6,0.922,0.8058170110476564
6,0.6,0.6977917494814119
6,0.71,0.7237256720446688
6,0.98,0.8181836774875625
6,0.87,0.786532770336251
6,0.55,0.3224704499566927
6,0.68,0.5904225088080516
6,0.71,0.6955924766024922
6,0.84,0.8690524066158601
6,0.88,0.7838920241955025
6,0.92,0.8116547438788255
6,0.95,0.8049495728711281
6,0.95,0.6965235928566501
6,0.92,0.7582470653866669
6,0.47,0.6882943876319247
6,0.81,0.858942938678515
6,0.8,0.8090691521445882
6,0.66,0.6551546325197986
6,0.79,0.7304942659011084
6,0.68,0.5832589753630848
6,0.45,0.7540200550178189
6,0.9,0.8348046703265604
6,0.92,0.7041194166802871
6,0.73,0.8368690588533794
6,0.99,0.8549159928780432
6,0.27,0.712652961875672
6,0.88,0.8421888105700783
6,0.72,0.6867676890947304
6,0.75,0.650915420362893
6,0.3,0.4967641162127384
6,0.59,0.6861853677093854
6,0.3,0.5699863110634275
6,0.204,0.6240830170242039
6,0.76,0.8254091899442882
6,0.663,0.5244900723678114
6,0.34,0.7259198413939398
6,0.28,0.4495788835799118
6,0.97,0.809954935027761
6,0.83,0.7136578059247185
6,0.59,0.6823995760594261
6,0.87,0.7867581233565857
6,0.73,0.8158580157377548
6,0.64,0.5883479249091891
6,0.89,0.850627068554977
6,0.96,0.767358772016328
6,0.92,0.8721983264076447
6,0.55,0.7545085382168112
6,0.77,0.6921870676695824
6,0.33,0.30595552978875346
6,0.05,0.37633106563870217
6,0.99,0.8029437007352275
6,0.45,0.5685655320281495
6,0.69,0.7466638440475761
6,0.9,0.7888579208297803
6,0.8,0.7069962548454235
6,0.88,0.5449303899780981
6,0.79,0.7999095990453833
6,0.99,0.8678906957771843
6,0.91,0.8587378133250922
6,0.28,0.24027691006384994
6,0.58,0.6187759497500707
6,0.78,0.6813132005781103
6,0.91,0.7593365348221355
6,0.6,0.6342766886608562
6,0.96,0.7889090627446192
6,0.97,0.9311099656557622
6,0.67,0.6968691282753539
6,0.83,0.7922962461040965
6,0.9,0.652789636490632
6,0.64,0.7248785756582208
6,0.72,0.7479709650536613
6,0.9,0.8280152969390969
6,0.97,0.8583806080516216
6,0.95,0.6464647582733105
6,0.7,0.6964604574305779
6,0.62,0.6750836734749011
6,0.91,0.8533665891597346
6,0.81,0.7442267078830228
6,0.7,0.7807801684318298
6,0.97,0.7821808921453695
6,1.0,0.7203988578348215
6,0.28,0.4114842196917471
6,0.38,0.7324490149659149
6,0.33,0.6074844429385383
6,0.88,0.6831083102338906
6,0.5,0.6530498890334528
6,0.81,0.6983531790254053
6,0.77,0.761808461687561
6,0.63,0.6979752482949796
6,0.895,0.8550771028929653
6,0.72,0.4876895987098576
6,0.92,0.7220715979247602
6,0.82,0.7534767957366153
6,0.96,0.8634915374828158
6,0.57,0.7135190330203798
6,0.48,0.5769425879219892
6,0.86,0.8178099438301891
6,0.935,0.7425309586502206
6,0.88,0.8459885632234081
6,0.77,0.7768214977934114
6,0.75,0.7069128685625246
6,0.06,0.5594138313091368
6,0.85,0.8478182014160307
6,0.63,0.6752533149228175
6,0.9,0.7660743194880469
6,0.99,0.806281882797234
6,0.61,0.6798445088535208
6,0.87,0.7748974738427208
6,0.85,0.8491570249646377
6,0.39,0.5131891311321434
6,0.66,0.5421849285278326
6,0.99,0.835603054463766
6,0.66,0.724226878575688
6,0.58,0.6715404379402281
6,0.49,0.54960886125572
6,0.8,0.729204216923014
6,0.57,0.8263361621387914
6,0.53,0.39422486774189114
6,0.57,0.646240186970546
6,0.48,0.3484803026662255
6,0.51,0.5374518682379896
6,0.92,0.7943209329177627
6,0.25,0.7875564333843602
6,0.92,0.8288230439636638
6,0.67,0.7771988881970453
6,0.56,0.6550270435497073
6,0.61,0.749552938483755
6,0.75,0.7373713148954157
6,0.81,0.6914457512736005
6,0.95,0.8149296398292738
6,0.844,0.6384468857805268
6,0.93,0.7976572002184762
6,0.59,0.6169351067990608
6,0.41,0.7926166459543134
6,0.05,0.3472323820452322
6,0.73,0.6766973108800778
6,0.59,0.796344274739599
6,0.75,0.8508017414359446
6,0.6,0.7364390355879904
6,0.63,0.6602982122590182
6,0.77,0.6883502370770032
6,0.98,0.7369079913854988
6,0.379,0.6610963426677123
6,0.64,0.9450818233934815
6,0.11,0.296494223565234
6,0.65,0.8341289313957965
6,0.44,0.5036482795398204
6,0.76,0.8010551382009801
6,0.84,0.6891138078450464
6,0.85,0.8024016134541647
6,0.13,0.22323907667648069
6,0.87,0.8239494006520773
6,0.85,0.8292077274225572
6,0.87,0.8355602218362352
6,0.58,0.6760684656446192
6,0.76,0.8923246220397661
6,0.99,0.6745637605338228
6,0.88,0.7972245548718292
6,0.74,0.7192072707071826
6,0.49,0.5679723347123047
6,0.59,0.6882642028094491
6,0.69,0.6745890045197507
6,0.89,0.6994798210837858
6,0.61,0.6225833894955051
6,0.73,0.733735556577904
6,0.44,0.7575320157411605
6,0.83,0.8117075844073346
6,0.92,0.7366090777430064
6,0.74,0.8256068530991093
6,0.6,0.6393062091440901
6,0.97,0.758032794725948
6,0.91,0.8037321739381535
6,0.82,0.6976498609853203
6,0.65,0.7215162101041979
6,0.51,0.5357260606849171
6,0.92,0.8085284022475306
6,0.75,0.7071295510416196
6,0.67,0.7059084714432011
6,0.51,0.5165632357088417
6,0.76,0.536868962575852
6,0.946,0.8199292281919877
6,0.693,0.6707480329837385
6,0.72,0.711962954404576
6,0.62,0.8363925639545211
6,0.7,0.7343492697500122
6,1.0,0.9523690585501903
6,0.75,0.9049208013972354
6,0.89,0.8971861584242722
6,0.59,0.7812531563953169
6,0.87,0.7120132772072407
6,0.75,0.7866209440950245
6,0.67,0.7264784339338513
6,0.64,0.5092591552268739
6,0.93,0.7065055191040035
6,0.9,0.7793305573708755
6,0.61,0.6448342239614073
6,0.65,0.6593175396643175
6,0.99,0.8635839063121791
6,0.87,0.8940500633060098
6,0.5,0.3771535433462134
6,0.65,0.8011381907576131
6,0.33,0.6575567808344739
6,0.32,0.4216697508989634
6,0.93,0.6801540939998808
6,0.83,0.7992053345995715
6,0.39,0.803621715232596
6,0.7,0.633604406764195
6,0.73,0.6973648988717485
6,0.513,0.7237291277236699
6,0.7,0.818335783878992
6,0.88,0.7727069444873715
6,0.46,0.5504187025345818
6,0.73,0.7359355755246583
6,0.75,0.6706869602331635
6,0.62,0.6942865821746439
6,0.75,0.8082217749650107
6,0.48,0.5999639317676493
6,0.82,0.7329841438290798
6,0.79,0.7246279405267574
6,0.8,0.6993930443899254
6,0.38,0.7608514619688643
6,0.82,0.7592090167371792
6,0.89,0.7930477194748293
6,0.5,0.7483764921487497
6,0.62,0.8083479936575345
6,0.9,0.8514964709751213
6,0.92,0.797783823517223
6,0.96,0.8849768076786665
6,0.88,0.7070364627933332
6,0.75,0.8434273097862931
6,0.72,0.7091811555697536
6,0.88,0.6984083887663612
6,0.42,0.6846840602291903
6,0.466,0.5588804221806337
6,0.41,0.674282122215676
6,0.22,0.18835762485405014
6,0.47,0.7372195759038538
6,0.9,0.8464681846133019
6,0.76,0.7200037805232123
6,0.98,0.8711052744606873
6,0.16,0.5726821042197139
6,0.72,0.5676856045957871
6,0.81,0.7472665693980779
6,0.641,0.4312033987886506
6,0.6,0.7112889021900797
6,0.9,0.837441008209994
6,0.47,0.7150243206850214
6,0.9,0.8403321322752237
6,0.65,0.5311495143539118
6,0.94,0.7508120252730986
6,0.76,0.7629604978913822
6,0.973,0.8750895245973775
6,0.64,0.6893032038865174
6,0.55,0.8140970254627073
6,0.87,0.8047006205075757
6,0.61,0.8090379077769704
6,0.38,0.4634862468461655
6,0.64,0.7900102807336019
6,0.52,0.6588251455472733
6,0.9779,0.9467647294866649
6,0.86,0.9422465881907558
6,0.7,0.45184958075602266
6,0.4,0.5726562699601532
6,0.95,0.7714323425611368
6,0.75,0.8390975984397201
6,0.44,0.5206458774423637
6,0.75,0.7206815418869901
6,0.95,0.7633547648319912
6,0.4,0.7213096705879167
6,0.94,0.730942000746737
6,0.31,0.5220632455747332
6,0.67,0.7107277394980387
6,0.56,0.511507548574811
6,0.71,0.8234825559194988
6,0.72,0.7159597064093124
6,0.19,0.3894413064159044
6,0.84,0.753808388327903
6,0.21,0.5239198562695124
6,1.0,0.8323572571176219
6,0.996,0.8141859798606382
6,0.663,0.7514477767115436
6,0.733,0.8009903087756378
6,0.61,0.8511143683671869
6,0.8,0.7884988771900221
6,0.95,0.8151239693751241
6,0.43,0.36794446783949286
6,0.93,0.8493392281958214
6,0.84,0.8138400937252455
6,0.93,0.8505410528907611
6,0.8828,0.7640224073627655
6,0.48,0.7294253942568656
6,0.12,0.6976671477521735
6,0.74,0.8968553513093028
6,1.0,0.8063150189674091
6,0.84,0.8191579960993229
6,0.64,0.7962415872681132
6,0.75,0.5376959783107726
6,0.95,0.7799726138143811
6,0.77,0.8977169983243951
6,0.23,0.47837900993140386
6,0.72,0.7608692780642183
6,0.76,0.7333757976572923
6,0.78,0.8630281799575199
6,0.78,0.877677762324156
6,0.79,0.8531447262137197
6,0.72,0.7526085745002657
6,0.49,0.5351996123568503
6,0.7,0.7845484460673519
6,0.94,0.7880422084188294
6,0.85,0.6810745602075436
6,0.97,0.8471031805616671
6,0.75,0.8029007135604578
6,0.81,0.7243464878149746
6,0.98,0.7972055120194206
6,0.5,0.5736372276846871
6,0.95,0.7896451963939599
6,0.86,0.7981679572408016
6,0.31,0.774309324595274
6,0.8,0.6791766186972651
6,0.95,0.8811259043722346
6,0.85,0.8088425675334703
6,0.95,0.7412836779087492
6,0.4,0.5315541686063953
6,0.98,0.6918176463919484
6,0.73,0.8780755568835352
6,0.93,0.8153598509067399
6,0.44,0.6055810949825406
6,1.0,0.7708305656420017
6,0.84,0.789704569932231
6,0.77,0.7418072984858832
6,0.36,0.5839994488701594
6,0.88,0.8204625761208354
6,0.88,0.756793633647217
6,0.83,0.7825773594588337
6,0.63,0.6511893998667543
6,0.81,0.8913827098780671
6,0.84,0.7610837425744932
6,0.86,0.7734339769103247
6,0.5,0.4351882785884066
6,0.83,0.8949389808975605
6,0.77,0.7375515934120178
6,0.8,0.7226231828778291
6,0.73,0.8135224206601457
6,0.88,0.887717556695417
6,0.84,0.71569323295341
6,0.88,0.7894980416526515
6,0.16,0.6850641780458545
6,0.51,0.5401228270098153
6,0.9,0.7239114463870422
6,0.63,0.5910854580508684
6,0.79,0.7086386791659633
6,0.5,0.5974771810026487
6,0.79,0.6775834132031128
6,0.65,0.748536791338568
6,0.44,0.6479249186426108
6,0.69,0.6372530961030493
6,0.89,0.8926013893152664
6,0.38,0.7919735552386888
6,0.62,0.5497782137949523
6,0.83,0.7795147669858071
6,0.24,0.6170952299628403
6,0.8,0.7556986753386878
6,0.3,0.3596518786434291
6,0.63,0.7051815324667157
6,0.81,0.7452667551956338
6,0.87,0.7006931430512012
6,0.68,0.8576865797564106
6,0.7076,0.6416816195531581
6,0.79,0.7393247031123
6,0.553,0.47913848495743855
6,0.85,0.814873842448014
6,0.52,0.5387038214867756
6,0.18,0.3687363540897802
6,0.68,0.8451625712659349
6,0.42,0.5840738432691581
6,0.39,0.37769933771704545
6,0.28,0.7441477684862191
6,0.95,0.8395069677967821
6,0.64,0.617638294290263
6,0.85,0.8184068830939738
6,0.76,0.7157266097415234
6,0.52,0.5370307084684697
6,0.86,0.6569099713506549
6,0.81,0.7893517714546963
6,0.84,0.818141332813238
6,0.34,0.473785675304103
6,0.71,0.8807209630372527
6,0.89,0.7740520804375851
6,0.85,0.7581031623667143
6,0.58,0.7172642323479602
6,0.92,0.8220702273081261
6,0.55,0.6748400096994933
6,0.67,0.7455486723453052
6,0.81,0.7319117228666411
6,0.72,0.7380219064233695
6,0.76,0.7780974872502668
6,0.99,0.8525862904111481
6,0.95,0.7684479082261841
6,0.95,0.6621186523472143
6,0.93,0.8797380604043415
6,0.68,0.772219092034911
6,0.65,0.5979687194204619
6,0.6695,0.7432413253445037
6,0.87,0.8348928191955225
6,0.6,0.6271018666746639
6,0.96,0.7384665590839645
6,0.52,0.5231456048367653
6,0.61,0.8304835135714423
6,1.0,0.7850243933467579
6,0.72,0.7713610627028089
6,0.76,0.6350715497743397
6,0.27,0.5176191670760846
6,0.59,0.7032901091322605
6,0.28,0.6296165570451746
6,0.98,0.7676793397394803
6,0.95,0.6559943343216975
6,0.95,0.7724656479449243
6,0.82,0.8410731157910918
6,0.56,0.6972902427160732
6,0.7,0.7751762006178233
6,0.72,0.5317653471601227
6,0.99,0.8432187067228931
6,0.43,0.655067750108413
6,0.91,0.7629715857933377
6,0.68,0.6971068438983175
6,0.085,0.7030417967045216
6,0.5,0.723979061579946
6,0.51,0.5872789565070928
6,0.99,0.8055134949512355
6,0.51,0.8703218452879818
6,0.19,0.35990457008078164
6,0.96,0.8733667493463916
6,0.7,0.8094817404493434
6,0.58,0.6999649571335255
6,0.99,0.7085117611105722
6,0.84,0.7835243299155525
6,0.53,0.6484978013018522
6,0.92,0.7439195345600584
6,0.77,0.7358339500359047
6,0.79,0.9280014419911548
6,0.28,0.4783205981641576
6,0.96,0.7559208630370335
6,0.88,0.8815067350405235
6,0.89,0.7979096241233108
6,0.7,0.6473715903400559
6,0.66,0.6343180580442167
6,0.83,0.8119828401014174
6,0.89,0.8733767004704505
6,0.75,0.48238896896358396
6,0.82,0.6329183345144581
6,0.8,0.7347174051215356
6,0.75,0.7744428437352396
6,0.79,0.833685689246687
6,0.45,0.7504968355590751
6,0.74,0.7719746629645967
6,0.75,0.7637973082458955
6,0.88,0.6802950664962666
6,0.835,0.8156409462148784
6,0.59,0.7442757392400967
6,0.83,0.6737409551567815
6,0.85,0.8037326010079393
6,0.92,0.8316798445842377
6,0.62,0.6374020883623108
6,0.82,0.7087563116451812
6,0.99,0.8868175530173796
6,0.26,0.5506837506992408
6,0.84,0.6073216432393095
6,0.93,0.7682958711205725
6,0.64,0.7814920323121307
6,0.92,0.8368684796419891
6,0.75,0.6988475616038285
6,0.84,0.7454469879354335
6,0.99,0.9182286577430059
6,0.74,0.7267472365329413
6,0.75,0.7257126619141829
6,0.92,0.8402945194819121
6,0.96,0.7676740335747488
6,0.5,0.6322043575631108
6,0.51,0.5656041248693009
6,0.92,0.8144452567211855
6,0.9,0.9146817596216987
6,0.92,0.8723232000296605
6,0.6,0.6948304848787861
6,0.44,0.5638675244023288
6,0.83,0.7265658994290428
6,0.55,0.7277516832001247
6,0.79,0.7644728553189857
6,0.88,0.6208392438061627
6,0.94,0.897135411099557
6,0.89,0.6507341941613674
6,0.32,0.4490098547586648
6,0.94,0.8550617919040606
6,0.24,0.5948789032614539
6,0.95,0.689120683394124
6,0.93,0.8434187825579144
6,0.26,0.40199382568772063
6,0.98,0.8466494735181835
6,0.88,0.8454735170403908
6,0.42,0.4920608033261429
6,0.64,0.7697810708434698
6,0.71,0.740004426764481
6,0.89,0.6616835533246749
6,0.95,0.9044423901342417
6,0.56,0.564166522054961
6,0.82,0.6102769452245289
6,0.48,0.47853602482599106
6,0.72,0.8546772203522942
6,0.77,0.7133372403584398
6,0.8,0.6915430749069199
6,0.93,0.6205100501207943
6,0.53,0.6193141604075757
6,0.87,0.8296991237190896
6,0.893,0.858183089071693
6,0.61,0.749895217322898
6,0.66,0.6177168783512762
6,0.51,0.6155506886345172
6,0.69,0.7035121029659817
6,0.76,0.6545215374984431
6,1.0,0.8952216365785043
6,0.717,0.8283500933469297
6,0.82,0.8173195662319651
6,1.0,0.9073436792018751
6,0.98,0.6721700059939791
6,0.56,0.8234192431869696
6,0.71,0.5072241764560972
6,0.54,0.6355752747640326
6,0.62,0.7723451314736911
6,0.72,0.7742167514364497
6,0.64,0.5768070398189001
6,0.48,0.7251503691556774
6,0.87,0.8532721052253366
6,0.18,0.5939028884974138
6,0.84,0.8232627187792998
6,0.89,0.8315958793242098
6,0.43,0.5900941589611263
6,0.84,0.8152154500855084
6,0.64,0.7556584081469142
6,0.882,0.8385496334787457
6,0.457,0.4734066883507845
6,0.94,0.8414671911286871
6,0.8,0.8089096457757716
6,0.32,0.5373460733537495
6,0.57,0.6771829927619257
6,0.56,0.6293613990181053
6,0.97,0.595417040352196
6,0.83,0.7678252122312769
6,1.0,0.7515007978876218
6,0.55,0.5706909385011569
6,0.85,0.6827442080225922
6,0.78,0.7294889814151582
6,0.58,0.6436000644057904
6,0.79,0.7957522240105765
6,0.45,0.43777632296545715
6,0.885,0.8074520106764902
6,0.92,0.8150092837324032
6,0.9,0.82162635942344
6,0.61,0.7379557969558619
6,0.49,0.792367695108849
6,0.93,0.818054839140064
6,0.14,0.5817937910721208
6,0.1752,0.5304720106307845
6,0.98,0.9054895028370756
6,0.79,0.6207162415592637
6,0.761,0.823673002939006
6,0.52,0.6549941157267067
6,0.69,0.6437461623468506
6,0.91,0.8672630864696684
6,0.86,0.8080538869771603
6,0.88,0.8428330583404537
6,0.92,0.8231102734033711
6,0.8,0.7762033508428475
6,0.997,0.8111158439122413
6,0.77,0.5634004080737567
6,0.511,0.5243583769156519
6,0.92,0.8149522074189122
6,0.32,0.5172717023081355
6,0.646,0.6500286615912372
6,0.94,0.7883006934987874
6,0.82,0.7953895825560134
6,0.76,0.6926786284412028
6,0.91,0.7813223179763517
6,0.83,0.6978814863023225
6,0.033,0.5261552077290069
6,0.78,0.6270342438145358
6,0.764,0.5954327826202551
6,0.92,0.7592637683353716
6,0.68,0.687199536164145
6,0.5,0.6086656714093432
6,0.82,0.7881847527915323
6,0.83,0.7552545828004082
6,0.99,0.7432675812572338
6,0.94,0.917032456464367
6,0.45,0.6550085460052986
6,0.86,0.7755997683106449
6,0.84,0.8437110491785191
6,0.71,0.8270599194188086
6,0.92,0.8715463712565061
6,0.66,0.7023164356448082
6,0.78,0.8753771733500089
6,0.87,0.8325577139143508
6,0.94,0.8524510507388778
6,0.9,0.7267689159777599
6,0.73,0.7359106889092747
6,0.68,0.6632890580902291
6,0.97,0.8743953873307009
6,0.76,0.7173505685348494
6,0.77,0.7721675590087358
6,0.88,0.7938451039346065
6,0.81,0.8169799134718813
6,0.6,0.7696044963440968
6,0.88,0.8221960419309651
6,0.58,0.9178116132729117
6,0.31,0.5340129109251491
6,0.64,0.5553975787038453
6,0.99,0.793649113246848
6,0.77,0.7180455942967185
6,0.83,0.7379437364007045
6,0.79,0.7512286757280624
6,0.31,0.7429217686020941
6,0.96,0.7508999249214562
6,0.67,0.6579636287096242
6,0.38,0.6326593452550167
6,0.83,0.8097518897665823
6,0.38,0.4034727169103815
6,0.99,0.7621063666702608
6,0.93,0.7161447185192074
6,0.68,0.8273182221989166
6,0.8,0.8993481852816355
6,0.9,0.7902806451741415
6,0.56,0.4812417968879777
6,0.91,0.49894239162512555
6,0.92,0.5250051691716968
6,0.62,0.5718938931080011
6,0.72,0.7089263987771957
6,0.29,0.694351178145583
6,0.8,0.8265134392714537
6,0.3,0.4820868973872088
6,0.76,0.7786145930456275
6,0.85,0.5872742055189709
6,0.81,0.708691820613744
6,0.886,0.8664193115130613
6,0.84,0.7467801915120164
6,0.89,0.8146298308610489
6,0.69,0.6083295949196356
6,0.7,0.830796485450096
6,0.93,0.6361397576802286
6,0.7579,0.818792233802401
6,0.69,0.6460885481890422
6,0.9,0.8759789603375179
6,0.88,0.8514584888433461
6,0.46,0.7741720041252351
6,0.4,0.8128256566845413
6,0.63,0.6042030443495804
6,0.54,0.630690322034966
6,0.62,0.5643925248545526
6,0.95,0.9006001485973435
6,0.38,0.522129013027447
6,0.83,0.4487883989981732
6,0.44,0.6758641613204301
6,0.88,0.889448107887628
6,0.21,0.692208917408071
6,0.27,0.8076927671325309
6,0.53,0.7758272801167704
6,0.63,0.8356899698563592
6,0.52,0.2566578304891005
6,0.26,0.6949899574949514
6,0.95,0.7541259761472954
6,0.99,0.8645748626821095
6,0.68,0.7540842551160376
6,0.64,0.7366808124218497
6,0.8,0.8386626242166237
6,0.91,0.7290145097598448
6,0.58,0.7607465012825096
6,0.89,0.6478676369764191
6,0.952,0.7565208725862833
6,0.49,0.6134585597898408
6,0.85,0.579906313493333
6,0.57,0.7065645284941557
6,0.78,0.7474195073365524
6,0.92,0.7978249097674084
6,0.9,0.8891763056546638
6,0.45,0.6464045521811863
6,0.9,0.7701966000835818
6,0.78,0.8192071303520503
6,0.47,0.6197750134062219
6,0.53,0.32840069969696356
6,0.6,0.6868814101133042
6,0.6,0.7364251407165578
6,0.93,0.7143328035329156
6,0.125,0.32813369203796683
6,0.6,0.6311974004559985
6,0.54,0.7891136461537779
6,0.99,0.7861213000078011
6,0.96,0.9191597552210238
6,0.72,0.8150242400000868
6,0.11,0.29571045863194734
6,0.48,0.6003580579177475
6,0.79,0.6709168641110511
6,0.97,0.5679231684424502
6,0.93,0.8204608090395229
6,0.59,0.7650122495280955
6,0.95,0.749292443445631
6,0.7,0.7856909607123839
6,0.68,0.7427856931694734
6,0.85,0.7827021245749761
6,0.9,0.7601325157898915
6,0.59,0.8144756943650115
6,0.85,0.6897498970671949
6,0.78,0.8834980710538951
6,0.39,0.7860674426411091
6,0.91,0.7310926752712932
6,0.08,0.13478253401620732
6,0.78,0.665825239284769
6,0.74,0.8889453946232649
6,0.6,0.7041822743679611
6,0.71,0.7160046130860882
6,0.72,0.6461494523737437
6,0.64,0.6191829351852423
6,0.83,0.8913586960997135
6,0.73,0.6355581349636743
6,0.88,0.7485526645254357
6,0.62,0.7936261575078557
6,0.81,0.7367205818825732
6,0.94,0.8547758888363525
6,0.81,0.7979776582086441
6,0.75,0.6811210544095665
6,0.63,0.8153612657829346
6,0.83,0.7530571088408442
6,0.8,0.8135117871816312
6,0.92,0.7094160504899367
6,0.56,0.5130269465087531
6,0.25,0.43752576969328066
6,0.88,0.7450175920437017
6,0.9,0.8272972237403986
6,0.8,0.7997501239514817
6,0.48,0.4825338935011457
6,0.86,0.595815134700485
6,0.7,0.6155867838362987
6,0.89,0.5967932502514428
6,0.83,0.7785926582452669
6,0.84,0.7041627714027869
6,0.068,0.36287728904877536
6,0.92,0.8820756027980097
6,0.97,0.7862788585767808
6,0.72,0.7052680479481321
6,0.78,0.6789768660801901
6,0.77,0.7540854251550095
6,0.89,0.8725777714380244
6,0.98,0.7963048295294621
6,0.75,0.6207709641440016
6,0.61,0.5442374314617603
6,0.71,0.7639663786787865
6,0.81,0.7727948708798604
6,0.89,0.8868879005991975
6,0.31,0.5617366097341672
6,0.57,0.7374029441670582
6,0.96,0.7825273232801823
6,0.75,0.7246501326522494
6,1.0,0.7441292777813098
6,0.78,0.6593060148668155
6,0.61,0.6192749763942075
6,0.6,0.64843440595754
6,0.26,0.3049813413811655
6,0.97,0.9139970527296571
6,0.703,0.7416451401545808
6,0.58,0.579994871986691
6,0.23,0.4821253138139272
6,0.89,0.864628837089202
6,0.57,0.7091537087519736
6,0.88,0.8306974016157673
6,0.99,0.6842752245385727
6,0.61,0.5435990933440892
6,0.5,0.3960378351999167
6,0.12,0.5960195265986589
6,0.9,0.8107637221960169
6,0.71,0.8007046789887939
6,0.9,0.8560730811120868
6,0.71,0.7074437409023298
6,0.99,0.819511983919514
6,0.89,0.8366597451750883
6,0.99,0.7924683273940594
6,0.35,0.49098286793838763
6,0.78,0.7051453397707759
6,0.333,0.6289780231688794
6,0.43,0.6179651366521304
6,0.7,0.7298729824490694
6,0.99,0.8402515970027999
6,0.85,0.8761160363306566
6,0.35,0.3091313292627569
6,0.82,0.6676686195514854
6,0.88,0.7774569773829554
6,0.9,0.7291848552481293
6,0.565,0.739291220273962
6,0.96,0.7913165052977613
6,0.7,0.6989642108770482
6,0.84,0.7112433924525225
6,0.87,0.8061463173286836
6,0.89,0.640443029161783
6,0.45,0.5880478299278236
6,0.81,0.5510333290032515
6,0.77,0.7611616764741841
6,0.92,0.8579712021028104
6,0.79,0.8336205802733653
6,0.95,0.7940475954322075
6,0.55,0.5811545662555235
6,0.63,0.6662262315202394
6,0.82,0.8642004752987249
6,0.97,0.8743918745854818
6,0.7,0.7923825850502844
6,0.76,0.7661890591794596
6,0.71,0.5300242829651213
6,0.77,0.6991383860783456
6,0.3,0.38711379041023347
6,0.3,0.7262073210391998
6,0.91,0.7957087127886673
6,0.88,0.7383476351701789
6,0.93,0.7705251165998284
6,0.79,0.8141924746724292
6,0.85,0.866643039963876
6,0.9,0.6230976617177137
6,0.84,0.8457332751746496
6,0.58,0.6523004809732003
6,0.7,0.6735748641504387
6,0.49,0.7891533145344534
6,0.72,0.5394650398617817
6,0.93,0.793392522795535
6,0.77,0.5299241377612951
6,0.86,0.7647923932047812
6,0.56,0.7151731210499934
6,0.77,0.6200120408512583
6,0.72,0.7593936058866535
6,0.46,0.5050027269155271
6,0.37,0.807351135745047
6,0.67,0.6910457863171418
6,0.89,0.8697826531497984
6,0.41,0.68831975800455
6,0.886,0.8007690273592369
6,0.92,0.6916898829960625
6,0.45,0.5360284449039104
6,0.77,0.7514222359378483
6,0.89,0.902610383722052
6,0.83,0.7334541869421445
6,0.7,0.8141761951901038
6,0.68,0.7763932314059492
6,0.92,0.809269652114444
6,0.48,0.51492984303472
6,0.38,0.500280884838099
6,0.71,0.7404909396962996
6,0.93,0.8032300472514657
6,0.64,0.449828914509933
6,0.83,0.7243036009174926
6,0.82,0.648937229078149
6,0.553,0.6868623270331957
6,0.93,0.8872107228568946
6,0.63,0.5125679319224934
6,0.92,0.6298782813077586
6,0.96,0.9314950258136618
6,0.52,0.7204094794339864
6,0.7,0.7986198787257309
6,0.8,0.8271500565044976
6,0.9,0.8372283089391823
6,0.84,0.7687084834999386
6,0.96,0.8938613986419552
6,0.79,0.7513720924222058
6,0.87,0.835928364486289
6,0.79,0.6475809400577828
6,0.37,0.6060308500718521
6,0.92,0.8427425784839754
6,0.64,0.585236946018635
6,0.98,0.7686535065554398
6,0.95,0.7627046572618251
6,0.71,0.6829807234455243
6,0.62,0.8368669601394061
6,0.81,0.818100339947404
6,0.5,0.7538363053737591
6,0.86,0.8241672391373944
6,0.6,0.6210016656545665
6,0.45,0.6723996296189062
6,0.82,0.798373520909124
6,0.82,0.7607854229250276
6,0.85,0.5993326793957352
6,0.65,0.7950666611038559
6,0.95,0.8507053086628196
6,0.65,0.6072607947253444
6,0.11,0.381333506375799
6,0.53,0.5902143922224841
6,0.37,0.5452814479303711
6,0.89,0.7678368181682684
6,0.7,0.6772768617847368
6,0.56,0.6120894507227166
6,0.92,0.864324421488929
6,0.97,0.8733294649362532
6,0.72,0.7650598720088908
6,0.7,0.5730453709751744
6,0.8,0.6521703621937314
6,0.71,0.7845561941245492
6,0.82,0.810307328168058
6,0.631,0.46524693271605194
6,0.27,0.4299426076727073
6,0.78,0.8614447143174604
6,0.71,0.7290363908510952
6,0.96,0.737593879295432
6,1.0,0.7008477673814735
6,0.35,0.4948738706243932
6,0.737,0.6536710327213545
6,0.815,0.5987833271544905
6,0.43,0.7206568269187286
6,0.4,0.47903813990540367
6,0.25,0.8231939208694705
6,0.71,0.8022393503889411
6,0.586,0.35465154419376954
6,0.55,0.7874167289505034
6,0.99,0.73181086515418
6,0.47,0.5141269296137312
6,0.91,0.8642032259846885
6,0.88,0.9477368663814422
6,0.59,0.5561914530311676
6,1.0,0.9040210592493297
6,1.0,0.6675532459979905
6,0.43,0.6805255269297342
6,0.5,0.48497272422242677
6,0.94,0.6883502276235214
6,0.9,0.757733755198013
6,0.22,0.24133398859824517
6,0.52,0.6342032016539527
6,0.66,0.6931783110254517
6,0.46,0.5274317065129694
6,0.76,0.6995976062573128
6,0.8,0.8399382155108283
6,0.935,0.8192562338648723
6,0.73,0.7422339257625874
6,0.48,0.678991978852723
6,0.78,0.7422790980088891
6,0.74,0.5192739674287576
6,0.65,0.6033187710665171
6,0.85,0.8262362967471338
6,0.5,0.4341476801110711
6,0.36,0.6452930601318799
6,1.0,0.9549743688948216
6,0.61,0.6049683882612159
6,0.68,0.8249900425035424
6,0.97,0.9142382885977776
6,0.7,0.8153590218145831
6,0.55,0.5120812189661998
6,0.98,0.7931133002583488
6,0.92,0.7835342154944107
6,0.24,0.5966012339457969
6,0.5769,0.676349295698289
6,0.78,0.6213072605535894
6,0.93,0.7984592179124521
6,0.81,0.7830578825490957
6,0.95,0.7473626571209214
6,0.82,0.8404438748010092
6,0.92,0.7495705755687696
6,0.901,0.7523156714065844
6,0.91,0.8749234449363731
6,0.44,0.5546056751932922
6,0.7,0.7408971398745018
6,0.9,0.7526437946846575
6,0.61,0.6847709737108357
6,0.81,0.5621402709414324
6,0.2433,0.5331223387500168
6,0.1348,0.28727402448967687
6,0.7,0.6229582107519936
6,0.89,0.9617632492017789
6,0.46,0.8162207773197896
6,0.63,0.5707971516326854
6,0.72,0.7607150604631268
6,0.97,0.958814100892807
6,0.54,0.6243905224080989
6,0.91,0.7317503630578355
6,0.45,0.4781886722136458
6,0.71,0.8117856389471354
6,0.34,0.7450319477701315
6,0.93,0.6809040497038555
6,0.89,0.8365653761510242
6,0.71,0.6415550542102502
6,0.69,0.6891130515037387
6,0.79,0.7422960612042402
6,0.94,0.8033263956568477
6,0.69,0.8345353167536367
6,0.93,0.8415080613367878
6,0.93,0.7824746285129274
6,0.57,0.7613580820436463
6,0.86,0.6137350420075188
6,0.95,0.6964743169630198
6,0.37,0.41390496671543264
6,0.74,0.7449097950686662
6,0.94,0.8401897873185769
6,0.31,0.6962466365572899
6,0.97,0.8205481176421815
6,0.81,0.7982753457367286
6,0.49,0.5676727882343635
6,0.476,0.4392824220425785
6,0.34,0.4705129546489326
6,0.07,0.2255303868994755
6,0.71,0.6894215785119212
6,0.27,0.431727862278512
6,0.96,0.916532194470562
6,0.82,0.7888844719289594
6,0.8,0.600169012362059
6,0.9,0.7904353633488936
6,0.89,0.853196339366525
6,0.85,0.7761462649049015
6,0.61,0.7369179586448676
6,0.78,0.6216879228661714
6,0.83,0.7225973417606674
6,0.98,0.7525750570824825
6,0.9,0.7714892735668917
6,0.53,0.5127874560784274
6,0.74,0.7941703333192868
6,0.52,0.7488379632766946
6,0.81,0.6567841375616198
6,0.95,0.84491076220085
6,0.55,0.8341597694959738
6,0.81,0.7153833222874677
6,0.73,0.7848415418075501
6,0.52,0.5067771212606114
6,0.71,0.607740330640265
6,0.96,0.7413004033730632
6,0.67,0.703634436027462
6,0.86,0.8067749546892574
6,0.51,0.6245685020538132
6,0.83,0.7791496810793455
6,0.83,0.7342441130197721
6,0.52,0.6194060247534809
6,0.4,0.6374649475000757
6,0.922,0.8727430059008212
6,0.88,0.6297578528725991
6,0.5,0.681772902077335
6,0.93,0.7665122386750259
6,0.8,0.6502126560207653
6,0.78,0.8491322903465169
6,0.75,0.5879233604298664
6,0.55,0.655091124849533
6,0.79,0.5310615075095019
6,0.44,0.5558027192737401
6,0.92,0.6426295017269595
6,0.79,0.8257064587905469
6,0.94,0.7165966046667038
6,0.92,0.8132446672298208
6,0.16,0.7863945019929717
6,0.93,0.8277662194984841
6,0.8,0.8244345975382339
6,0.78,0.7521546986533963
6,0.93,0.6152193236135247
6,0.96,0.6964897639346895
6,0.58,0.5742442379142775
6,0.85,0.7155374953981917
6,0.6,0.7938056783530915
6,0.7431,0.7142860480339662
6,0.59,0.6283256347822022
6,0.96,0.8110390513836122
6,0.87,0.7978044250942097
6,0.99,0.8764542573852424
6,0.96,0.8391961547150222
6,0.79,0.8168693850980785
6,0.85,0.7309412272452165
6,0.89,0.736844486917748
6,0.93,0.8914536713529173
6,0.68,0.6674417305711273
6,0.83,0.8352806059496025
6,0.85,0.7955739957510619
6,0.96,0.8485698172045075
6,0.72,0.8048145716409456
6,0.97,0.7814307769631751
6,0.65,0.5496436776311593
6,0.99,0.8614745117262821
6,0.74,0.6452358792203342
6,0.48,0.4883015876126163
6,0.87,0.8231691310960773
6,0.8,0.7484093406953573
6,0.75,0.7452600241795452
6,0.66,0.6420695719134143
6,0.85,0.8456324704411187
6,0.75,0.6880066265849542
6,0.7,0.6752237167067106
6,0.61,0.7264346596140199
6,0.53,0.6787534476241758
6,0.12,0.6647847421240879
6,0.51,0.7533024288361435
6,0.95,0.8222981283163775
6,0.72,0.7900938563776135
6,0.162,0.47307939998442067
6,0.94,0.8031161857639346
6,0.89,0.728119567555972
6,0.99,0.6897165858253971
6,0.73,0.8272581193414793
6,0.94,0.44232160710217033
6,0.52,0.6506992053951032
6,0.83,0.7805574581066477
6,0.58,0.6395489582362034
6,0.84,0.7768327386662739
6,0.74,0.8378872398631616
6,0.645,0.7366759239857322
6,1.0,0.8964377502589511
6,0.17,0.24959750403306383
6,0.92,0.8359742421468326
6,0.86,0.7450982264840511
6,0.622,0.6552273835590481
6,0.72,0.8494926853546936
6,0.7,0.7642183113887657
6,0.73,0.7784840980509391
6,0.8,0.7426261084690058
6,0.61,0.5397019337981591
6,0.32,0.6267719439893188
6,0.95,0.8689013910135516
6,0.35,0.7929607421674126
6,0.41,0.6625767169288835
6,0.64,0.7440626789899868
6,0.88,0.8037793843585168
6,0.72,0.7165540967294393
6,0.78,0.7417741583970179
6,0.47,0.7530980261983525
6,0.84,0.6261423110180075
6,0.81,0.837205493792362
6,0.99,0.7689321656896022
6,0.3,0.47811278570803273
6,0.95,0.8446984051186344
6,0.5,0.45880044420607513
7,0.93,0.884630600320294
7,0.72,0.8262165764554069
7,0.6,0.66101348612509
7,0.8,0.7163612792446806
7,0.9,0.8918071762867101
7,0.75,0.7567459989531239
7,0.76,0.7399498815038633
7,0.62,0.7504460769911545
7,0.54,0.7394507465646416
7,0.94,0.7698157945730402
7,0.74,0.7872758590535404
7,0.76,0.7799441894639438
7,0.88,0.9179415456173358
7,0.82,0.8297365125938672
7,0.84,0.8042136076025868
7,0.84,0.7366438706589129
7,0.95,0.9409322766462751
7,0.74,0.756910281508628
7,0.94,0.9085433455013461
7,0.84,0.8408465143019422
7,0.85,0.803204750697589
7,0.75,0.7291822329119279
7,0.53,0.6609346249083026
7,0.78,0.5980622874754897
7,0.89,0.8312132224342198
7,0.81,0.7739725956367371
7,0.71,0.6593888836094741
7,0.72,0.7948044959637655
7,0.93,0.7735083914560963
7,0.8,0.6906547036889679
7,0.99,0.9275915857510226
7,0.44,0.5854196085974895
7,0.74,0.883309538500952
7,0.64,0.6425752980543702
7,0.75,0.724931457639905
7,0.95,0.8349678796497555
7,0.8,0.7997552885143299
7,0.5,0.7060840403977295
7,0.51,0.6650976012325346
7,0.74,0.7962961600711627
7,0.82,0.8940940963673034
7,0.85,0.6486976191067306
7,0.62,0.7530134417208088
7,0.88,0.8417215525616174
7,0.93,0.9515862241500952
7,0.25,0.3658408281836819
7,0.9,0.8016826547850306
7,0.9,0.76171800022967
7,0.53,0.7124481858979563
7,0.35,0.773747962882667
7,0.87,0.7852481726375138
7,0.65,0.6350028697176999
7,0.92,0.8592785431461729
7,0.79,0.6512949847972381
7,0.87,0.887473965724195
7,0.9,0.8724715789169206
7,0.376,0.3374508735009733
7,0.76,0.7711778098180533
7,0.77,0.8727158163182014
7,0.94,0.865521797842947
7,0.6,0.7796883052456746
7,0.91,0.6872705238345126
7,0.93,0.8340521772958991
7,0.58,0.5803071141797121
7,0.808,0.701772842631885
7,0.69,0.7904138682628477
7,0.85,0.789513547641497
7,0.5,0.5904952424684692
7,0.95,0.7418533939435659
7,0.97,0.8987624036640212
7,0.53,0.5906168149488692
7,0.7,0.6933031702591542
7,0.9,0.8088141829552407
7,0.55,0.5316186165365028
7,0.32,0.31317783045336833
7,0.8,0.8256282594068184
7,0.6,0.5585593754413244
7,0.8,0.8520261949312061
7,0.9,0.8121565686068217
7,0.74,0.7960697557741758
7,0.65,0.7564737061331867
7,0.6,0.6462778594654425
7,0.6,0.7635703830275467
7,0.91,0.7424503183421064
7,0.94,0.826033876058617
7,0.81,0.6013103940114055
7,0.95,0.8327102355717553
7,0.92,0.9049904395356467
7,0.79,0.6789552956923597
7,0.99,0.88277169366517
7,0.95,0.9305850221357106
7,0.91,0.9061663957966806
7,0.8,0.7402865817734791
7,0.7,0.7690579527641968
7,0.9,0.7571641108509345
7,0.41,0.5551307365387209
7,0.85,0.8850722187294238
7,0.68,0.5911965511376953
7,0.95,0.8296797555736803
7,0.82,0.8886804999144726
7,0.84,0.8816833229282459
7,0.84,0.856464872969247
7,0.99,0.8119862527266355
7,0.89,0.8478081917786953
7,0.79,0.7542378126493259
7,0.83,0.7753040306493222
7,0.99,0.8989999543495371
7,0.71,0.6311236389973274
7,0.6,0.880680486676561
7,0.82,0.8156432261523157
7,0.98,0.8772960439619837
7,0.57,0.6140162576675632
7,0.8,0.8007507227395503
7,0.9,0.8161375432797437
7,0.76,0.7892059674991507
7,0.346,0.4910493644380824
7,0.85,0.8926935098951425
7,0.92,0.8986454563403878
7,0.83,0.6670688637064062
7,0.89,0.8553480093142881
7,0.96,0.9053662634937996
7,0.82,0.8711984100312751
7,0.9,0.8917907173873147
7,0.78,0.819144987441784
7,0.99,0.7721967502167568
7,0.81,0.8764776042908249
7,0.58,0.5523102737730039
7,0.76,0.7641776154952313
7,0.97,0.9205102926864739
7,0.461,0.6888924677555366
7,0.76,0.7798544250496233
7,0.96,0.8791439296371149
7,0.74,0.6907987854278645
7,0.58,0.7279722476424597
7,0.95,0.8806687109568352
7,0.93,0.8485984523950788
7,0.66,0.8948034789974972
7,0.63,0.9412585878890851
7,0.7,0.7615736767954178
7,0.85,0.7818373686587206
7,0.97,0.9565072860620683
7,0.87,0.8225739971743388
7,0.88,0.7251792455944002
7,0.77,0.8515062825659261
7,0.48,0.4183983455235769
7,0.95,0.7213763513368241
7,0.81,0.8629378786121139
7,0.96,0.8059757662634588
7,0.8,0.8269896041347753
7,0.67,0.7262176431977168
7,0.92,0.8363539993815409
7,0.88,0.8990073348570833
7,0.98,0.7113010710445852
7,0.95,0.8889165799149077
7,0.72,0.6621472730474266
7,0.91,0.775056017976336
7,0.84,0.8645046581332825
7,0.88,0.8885182791847612
7,0.93,0.9108322239886817
7,0.76,0.7769897426852026
7,0.85,0.8123061374665392
7,0.84,0.8147380927395066
7,0.86,0.8592499183696478
7,0.78,0.8099401994628936
7,0.94,0.7947981668772663
7,0.91,0.7659816131293098
7,0.63,0.7687113907643943
7,0.99,0.9237481303712445
7,0.89,0.7919019056086121
7,0.98,0.9481290585473329
7,0.25,0.35754690515581816
7,0.78,0.7017724868231386
7,0.95,0.8757262653777621
7,0.74,0.7337024411776638
7,0.6,0.6360116713866877
7,0.67,0.644774517675304
7,0.9,0.8361471171745294
7,0.81,0.7229463134565458
7,0.97,0.8288045647540436
7,0.83,0.8120041151124731
7,0.32,0.6177984679509937
7,0.9,0.901575311364155
7,0.85,0.8062531541195552
7,0.77,0.7731467871045414
7,0.88,0.7894285792908255
7,0.77,0.7578906621837396
7,0.64,0.7593719210358221
7,0.76,0.677495382653175
7,0.89,0.7479441777441346
7,0.38,0.673951789547284
7,0.25,0.6739082935126406
7,0.95,0.9404879186810795
7,0.88,0.8533413863395075
7,0.88,0.7502000637122644
7,0.8,0.7778107422766258
7,0.99,0.8706326681068273
7,0.85,0.7567626897035789
7,0.88,0.838873264419132
7,0.9,0.8889200440703107
7,0.78,0.7919879953500257
7,0.86,0.7940974912300163
7,0.88,0.928915317759804
7,0.76,0.7514099178088334
7,0.79,0.7162438919819863
7,0.96,0.8764445269702243
7,0.1,0.3326719727531301
7,0.82,0.8447703892447374
7,0.9,0.8588251199775921
7,0.98,0.9510517587488405
7,0.98,0.9338021770864904
7,0.64,0.6759536655671222
7,0.86,0.5053171726803644
7,0.63,0.6327973533972543
7,0.85,0.8525854598467841
7,0.97,0.7870517317260812
7,0.84,0.7997988713429532
7,0.9,0.822443771630827
7,0.87,0.8800391422015772
7,0.96,0.815733263474367
7,0.65,0.717527112938004
7,0.68,0.608190958772469
7,0.49,0.811948876911756
7,0.94,0.8778875272218509
7,0.83,0.8699897624000826
7,0.46,0.6630374959364125
7,0.78,0.8633862055994033
7,0.9,0.8692182668174808
7,0.99,0.9315126125255335
7,0.95,0.8344648908941238
7,0.9,0.9370459272395575
7,0.97,0.8375889954797568
7,0.45,0.7919103105132956
7,0.6,0.7820921507857682
7,0.9,0.7763068582017527
7,0.82,0.6310614706908616
7,0.96,0.7218965390825561
7,0.99,0.7255630068436085
7,0.88,0.7864061251447236
7,0.92,0.9010725384796168
7,0.8,0.7855189348563087
7,0.78,0.796431049884053
7,0.75,0.7126191119079444
7,0.6,0.736319196601896
7,0.87,0.8691052409136527
7,0.9,0.9488059586304876
7,0.9,0.8463240920275655
7,0.9,0.9091714891272848
7,0.63,0.8358631149365766
7,0.78,0.8251681160160838
7,0.96,0.8112476025870712
7,0.95,0.7438926678037596
7,0.96,0.8552868308130068
7,0.8,0.7909445788934206
7,0.96,0.9654518651367918
7,0.85,0.7285855245954428
7,0.82,0.8933680819211203
7,0.9,0.7189607759857832
7,0.75,0.7808133375802611
7,0.82,0.8765804171615255
7,0.8,0.8156173058056773
7,0.14,0.6708482980585654
7,0.87,0.5658658250432235
7,0.8,0.8602865068548036
7,0.81,0.7765226145982098
7,0.46,0.7837496578632193
7,0.84,0.7439426312332325
7,0.68,0.6840271879367887
7,0.65,0.7090987963909495
7,0.96,0.8640663365469846
7,0.98,0.92731027734878
7,0.73,0.8381177605004893
7,0.89,0.8833344251680615
7,0.62,0.630651797956475
7,0.7,0.8932056046848158
7,0.86,0.840830535771564
7,0.7,0.7612317848792745
7,0.9,0.8399674125318652
7,0.86,0.7778082814707102
7,0.74,0.743979027660158
7,0.93,0.9395857535656188
7,0.7,0.745177737204065
7,0.82,0.7939609319595422
7,0.86,0.845751401957165
7,0.93,0.8943464020408447
7,0.91,0.8879237194232219
7,0.96,0.8113304237972698
7,0.85,0.8642656176101308
7,0.59,0.6477486768881805
7,0.85,0.7688224122397976
7,0.7,0.5974438395091806
7,0.58,0.5710574363916734
7,0.79,0.5830457802169378
7,0.82,0.7641462918563755
7,0.97,0.758040308247792
7,0.82,0.8082906673355468
7,0.98,0.8771550168759644
7,0.79,0.771360393419793
7,0.91,0.721077111889286
7,0.78,0.7950025841170909
7,0.81,0.6465752380775265
7,0.93,0.9143950103061556
7,0.4,0.6565840157009626
7,0.87,0.8602554104529473
7,0.84,0.8276745283758269
7,0.59,0.752317932606659
7,0.97,0.940210565229163
7,0.53,0.6777890574222998
7,0.86,0.8469057560685307
7,0.89,0.9024950058087566
7,0.95,0.7521856166626375
7,0.86,0.8881661987889029
7,0.75,0.7702293536520746
7,0.9,0.8679016534721368
7,0.75,0.7334683619842033
7,0.87,0.743666102077876
7,0.93,0.8691745176505381
7,0.87,0.9011337566471359
7,0.68,0.7739603830313336
7,0.98,0.8871941742044502
7,0.91,0.8746500111498319
7,0.92,0.780292243447195
7,1.0,0.7790684436059676
7,0.59,0.7937831908959758
7,0.9,0.7748539979051586
7,0.71,0.84893902122348
7,0.79,0.6740149737727062
7,0.93,0.8769963294746117
7,0.41,0.5565620553724535
7,0.98,0.9468998501046603
7,0.85,0.8737057406116631
7,0.6,0.6614560470132538
7,0.9,0.6242287297087836
7,0.97,0.8473205820085032
7,0.87,0.6644576112093692
7,0.51,0.6360345194252446
7,0.94,0.8746368196213727
7,0.4,0.48455614288460375
7,0.9,0.8095404438509362
7,0.86,0.9061121004281385
7,0.91,0.8079626342618177
7,0.67,0.8141131578269161
7,0.87,0.8494447927874524
7,0.99,0.9162034993796624
7,0.88,0.8614436804789222
7,0.94,0.8428380304721284
7,0.65,0.6967529440804274
7,0.488,0.7991351651271
7,0.81,0.7209182360058878
7,0.66,0.658205357273993
7,1.0,0.767356370556878
7,0.92,0.9197357299977071
7,0.98,0.9236916814405705
7,0.99,0.8483835748347821
7,0.51,0.7994969911741943
7,0.13,0.7285863312981362
7,0.72,0.6278405025521416
7,0.72,0.48927745776858333
7,0.31,0.6503376932636346
7,0.95,0.9025674057515125
7,0.65,0.657358540566876
7,0.65,0.825924085100241
7,0.9,0.7637311803229587
7,0.34,0.331393284309054
7,0.76,0.8066366496485987
7,0.488,0.7937577390496332
7,0.95,0.8073324132195323
7,0.51,0.6307451226655336
7,1.0,0.8924230492127847
7,0.55,0.6604916512294747
7,0.98,0.885597939659932
7,0.6,0.7002736107300129
7,0.99,0.9022475818891318
7,0.74,0.7713111098622154
7,0.89,0.8353521894672172
7,0.96,0.9503998511523519
7,0.7,0.722101783638283
7,0.07,0.5400826506810457
7,0.72,0.7249045397075417
7,0.64,0.6588038951839215
7,0.74,0.8334664301192314
7,0.13,0.2622105766246852
7,0.93,0.8085573743033756
7,0.96,0.9245035838239704
7,0.62,0.725972538082913
7,0.82,0.7774307783241272
7,0.19,0.6054217140769449
7,0.94,0.9097810310031882
7,0.81,0.6063125160113406
7,0.98,0.9161127654333685
7,0.83,0.8381356825369684
7,0.54,0.6741631976185882
7,0.9,0.8800915405133883
7,0.91,0.87534935702246
7,0.87,0.8188682612884493
7,0.97,0.917466050635839
7,0.91,0.7907282678909741
7,0.63,0.5807174157005283
7,0.83,0.7833612182698702
7,0.93,0.8024541358786266
7,0.79,0.7387509801524269
7,0.84,0.8914447334288766
7,0.77,0.8048313427673739
7,0.75,0.7359136756604657
7,0.71,0.9085875942343844
7,0.79,0.7604017344365991
7,0.84,0.8331571745524464
7,0.86,0.8023943453866695
7,0.97,0.8898582774195571
7,0.75,0.6882199161976944
7,0.99,0.8652631219886923
7,0.9,0.8628456765768108
7,0.66,0.7420256675270352
7,0.78,0.7099341852127385
7,0.68,0.5748931557320418
7,0.64,0.7339248906423494
7,0.85,0.886000669620862
7,0.75,0.7588511250639823
7,0.92,0.8511497391709
7,0.69,0.752514494905534
7,0.71,0.7373407030426735
7,0.5,0.703477068030308
7,0.92,0.7868847509880802
7,1.0,0.8462382946740723
7,0.97,0.8704256898614395
7,0.89,0.8804684544354026
7,0.69,0.7206105277479995
7,0.77,0.68362139008927
7,0.89,0.9482220852206724
7,0.8,0.7909168544165412
7,1.0,0.9467286474036513
7,0.92,0.8695151333807984
7,0.74,0.8012353084560212
7,0.89,0.8485295430662801
7,0.88,0.7855116927971165
7,0.93,0.8774419946493219
7,0.95,0.891448873189872
7,0.6,0.799787123377135
7,0.82,0.7112342842598917
7,0.64,0.6466121056904968
7,0.98,0.7946086778250524
7,0.84,0.9038215767325815
7,0.43,0.519619391555627
7,0.75,0.8273368610301086
7,0.46,0.5941737170866104
7,0.83,0.8410731761891423
7,0.45,0.6428837883196854
7,0.87,0.899293519131688
7,0.78,0.7107331431704411
7,0.88,0.7821692213896614
7,0.87,0.608110627936042
7,0.73,0.6963201728757202
7,0.84,0.8145329053579276
7,0.468,0.47449322345016065
7,0.65,0.6798124337805626
7,0.42,0.6053144890057212
7,0.5,0.6055419803093692
7,0.65,0.7231147366762614
7,0.85,0.7834624207014893
7,0.8,0.8532641477596792
7,0.84,0.8822621433917301
7,0.98,0.9392998616959894
7,0.9,0.9240431586458214
7,0.66,0.7358833625408537
7,0.92,0.7918235260917981
7,0.93,0.932809798981141
7,0.61,0.736292374181328
7,0.96,0.8675023772664101
7,0.9,0.8292778218431263
7,0.86,0.8596357076440447
7,0.62,0.7693419672778461
7,0.81,0.8309700063070156
7,0.54,0.6858307660916845
7,0.87,0.7558368706148029
7,0.95,0.8958715037260089
7,0.65,0.7066029468233237
7,0.64,0.5747926555045534
7,0.61,0.55661979567283
7,0.88,0.7467853653574149
7,0.66,0.6998803379711284
7,0.55,0.6814610948602957
7,0.85,0.678212248658696
7,0.98,0.8992707004722454
7,0.88,0.7970180575620679
7,0.45,0.5287055758117571
7,0.6,0.8157620200936437
7,0.93,0.9204692557657521
7,0.9,0.9013619525545322
7,0.89,0.7546754332859622
7,0.89,0.897526710278906
7,0.96,0.9089227923246609
7,0.88,0.7946695919827917
7,0.85,0.8620010534567151
7,0.84,0.6509706655763972
7,0.84,0.8178204783849677
7,0.98,0.8642695836575605
7,0.99,0.9872988801632044
7,0.74,0.49320441819909505
7,0.9,0.9317060468366072
7,0.3,0.837539645062267
7,0.99,0.9083127902568455
7,0.77,0.8300066474093171
7,0.92,0.8886893498219973
7,0.99,0.7903768599744023
7,0.86,0.8157267637850141
7,0.72,0.7872384490239654
7,0.78,0.8318564588559569
7,0.77,0.7757398261746261
7,0.46,0.6264596876622981
7,1.0,0.7375790668828122
7,0.62,0.7012237448508857
7,0.59,0.845267115570139
7,0.94,0.9144824943572292
7,0.22,0.7287883843988826
7,0.98,0.9105871788928603
7,0.61,0.6733385424652635
7,0.95,0.6552573897658759
7,0.82,0.9013657944918451
7,0.95,0.9007241207781925
7,0.97,0.8921481053850944
7,0.7,0.8906353482822857
7,0.93,0.8540594284546817
7,0.75,0.7510127151420314
7,0.8,0.7618108975012025
7,0.64,0.5643408347808956
7,0.96,0.839924404373178
7,0.96,0.8908980721925903
7,0.88,0.7664202020886948
7,0.68,0.7037953391342102
7,0.8,0.6887129617105784
7,0.92,0.9005833326759873
7,0.9,0.9128634208505457
7,0.78,0.7726053732466157
7,0.92,0.743790865579491
7,0.99,0.8532625395313813
7,0.99,0.8437570799746188
7,0.98,0.8634089336482453
7,0.95,0.9091643306723225
7,0.75,0.7580665443368164
7,0.89,0.888787845273917
7,0.92,0.8502307279850043
7,0.96,0.9151743793707197
7,0.77,0.7413223786500027
7,0.92,0.7833632527197509
7,0.84,0.9019043342957442
7,0.98,0.8918223174230298
7,0.05,0.434868568799946
7,0.75,0.7442578622583459
7,0.6,0.7366078883560719
7,0.91,0.825629958331269
7,0.7,0.8515929406103462
7,0.91,0.8597882642073416
7,0.89,0.6935676020471246
7,0.53,0.554192535226075
7,0.93,0.7485489400569656
7,0.88,0.8367940192317886
7,0.85,0.8660213109783832
7,0.84,0.7088590259122763
7,0.35,0.6560310214049202
7,0.98,0.8710060639900129
7,0.89,0.7702123268804648
7,0.85,0.8256761350516191
7,0.86,0.7452583001741079
7,0.97,0.796941396794727
7,0.96,0.8413024829736202
7,0.9,0.8805298686196528
7,0.67,0.7552649969810122
7,0.97,0.8446134391373576
7,0.75,0.7470713109177645
7,0.99,0.9355592703790956
7,0.98,0.8969427526591462
7,0.85,0.8194670531823884
7,0.92,0.7270591933543971
7,0.78,0.7405830006151262
7,0.74,0.7714530800143339
7,0.28,0.47895284571044133
7,0.9,0.9370443563014301
7,0.551,0.5068102538297027
7,0.98,0.9064114853822314
7,1.0,0.8476551939606085
7,0.98,0.8323799000707641
7,0.9,0.8974795508484823
7,0.89,0.8690329907128851
7,0.92,0.8328881181319813
7,0.88,0.7885273456779491
7,0.86,0.8031086834284733
7,0.891,0.7702844643861504
7,0.75,0.708235337436599
7,0.8,0.7906311030020567
7,0.41,0.7916408703544215
7,0.96,0.8269869583793337
7,0.9,0.8717841319429398
7,0.94,0.9103658054244479
7,0.45,0.38107035681520895
7,0.73,0.7359892694096803
7,0.69,0.7357508441909638
7,0.43,0.6884675458020897
7,0.7,0.7178334715503298
7,0.83,0.9012389725255298
7,0.98,0.9123718795792933
7,0.7,0.7638820872047059
7,0.6,0.6202011451725955
7,0.89,0.8191011856765988
7,0.7,0.7275870150126736
7,0.61,0.6200323164240065
7,0.88,0.8463462511259823
7,0.85,0.8588746233362251
7,0.7,0.6861507878562467
7,0.92,0.8629814690445652
7,0.75,0.7228307940515205
7,0.41,0.6402452636596792
7,1.0,0.9433775372159066
7,0.385,0.36351250406516344
7,0.61,0.6685416550100318
7,0.9,0.7865067480833102
7,0.99,0.9755057421978932
7,0.34,0.7056054163035458
7,0.8,0.7695871417960094
7,0.25,0.7303463561725774
7,0.72,0.8013156122437834
7,0.9,0.8877371453315905
7,0.55,0.6615748776669059
7,0.85,0.9086173564859243
7,0.96,0.8409852306522378
7,0.22,0.6191261539343426
7,0.93,0.8209478332676304
7,0.74,0.7324209345078938
7,0.46,0.6222828548256358
7,0.75,0.7722910458177883
7,0.93,0.9192760553621503
7,0.85,0.8657365317147301
7,0.55,0.7369085032245426
7,0.81,0.7784240776623432
7,0.89,0.8362718748708097
7,0.72,0.7497309426303305
7,0.73,0.7637878535285939
7,0.99,0.9506857768802467
7,0.82,0.7127752711981576
7,0.39,0.8050165876498836
7,0.6,0.6900372456691873
7,0.84,0.7378852932803828
7,0.98,0.919905511667231
7,0.81,0.6846623265904854
7,0.9,0.7589429036277238
7,0.62,0.6467226472497729
7,0.9,0.8455698294489937
7,0.81,0.8074100312771535
7,0.26,0.6921502248228465
7,0.39,0.6680887608527435
7,0.88,0.8631725860058791
7,0.66,0.7579064548042402
7,1.0,0.8034502720898162
7,0.87,0.799212347427875
7,0.77,0.8116488086340574
7,0.91,0.7365632939069108
7,0.67,0.6963114548032386
7,0.84,0.8282441987175531
7,0.75,0.7879919950107651
7,0.78,0.8426244436727869
7,0.89,0.8630563004768987
7,0.91,0.9186264816108007
7,0.91,0.8784491164552266
7,0.97,0.9369751409960103
7,0.62,0.7190715405505272
7,0.46,0.6606960407148497
7,0.84,0.6797622851069929
7,0.99,0.9221258839894069
7,0.9,0.7185237608161973
7,0.72,0.8352967365945002
7,0.9,0.8044460660325696
7,0.9,0.8037229152699428
7,0.85,0.8591280330274436
7,0.98,0.8513473825604982
7,0.82,0.829074483822156
7,0.88,0.872405666781124
7,0.78,0.7503648216422334
7,0.91,0.8767978388461641
7,0.94,0.7882143382538778
7,0.92,0.8493752346203889
7,0.98,0.882371517762218
7,0.58,0.7532380059848827
7,0.89,0.7170885275652732
7,0.391,0.4516928820208116
7,0.81,0.7653551416573801
7,0.98,0.9172831870183165
7,0.73,0.872860914708617
7,0.8,0.7715140291357543
7,0.86,0.8046406975270595
7,0.9,0.8919619086794376
7,0.82,0.7215554168496207
7,0.99,0.8393185623025482
7,0.81,0.8704088850633449
7,0.52,0.6295893626805853
7,0.85,0.8754122701865112
7,0.82,0.7521564433741932
7,0.89,0.7946713078104288
7,0.65,0.6799574527414036
7,0.8,0.8571663336535926
7,0.97,0.8825788456794512
7,0.9,0.7900880585421055
7,0.45,0.8093776306028188
7,0.64,0.6677299233377856
7,0.87,0.8927789981940266
7,1.0,0.8327928266317441
7,0.88,0.7681692528303266
7,0.59,0.8110895447125224
7,0.93,0.9262964960009328
7,0.72,0.7139595636012401
7,0.8,0.6858427641914573
7,0.15,0.7555189985133495
7,0.49,0.5755871233377376
7,0.84,0.7473457428984194
7,0.93,0.9136061056657463
7,0.8,0.762659589158281
7,0.98,0.939837852326936
7,0.95,0.9453663032538397
7,0.95,0.9109930776787641
7,0.65,0.7574497032036136
7,0.99,0.9002318613515566
7,0.59,0.7264359468113832
7,0.85,0.6343120487611622
7,0.83,0.8139916284567346
7,0.3148,0.42549812032882706
7,0.79,0.7828218713609962
7,0.88,0.8889054344028243
7,0.95,0.8963880697057025
7,0.97,0.9531432001986717
7,0.94,0.9325419254661917
7,0.37,0.6314261685834728
7,0.88,0.7670210386323643
7,0.84,0.8280103963003431
7,0.65,0.7534800829108814
7,0.96,0.8523579796563104
7,0.87,0.9164303285148263
7,0.98,0.8812982898999704
7,0.79,0.6834862589511462
7,0.65,0.8370384872592802
7,0.83,0.67427538357585
7,0.82,0.8131370315016522
7,0.83,0.8337023157642487
7,0.8,0.7758987411893656
7,1.0,0.8465759031429003
7,0.55,0.7535909406220465
7,0.85,0.788934907785901
7,0.47,0.5963105654549887
7,0.95,0.7056104413449558
7,0.92,0.7764429797012322
7,0.69,0.7817666363429685
7,0.88,0.7396910991552508
7,0.96,0.6835896671291117
7,0.81,0.715256023506238
7,0.76,0.8187014389107022
7,0.93,0.8470473349785519
7,0.8,0.7557083832685791
7,0.57,0.6767049556755567
7,0.99,0.9494715629611732
8,0.89,0.7724046805931559
8,0.95,0.7885267329607661
8,0.75,0.7724521768360808
8,0.99,0.9093022956385828
8,0.96,0.8114900638195357
8,0.94,0.8253473679168216
8,0.73,0.7558918374972976
8,0.94,0.7482482011968932
8,0.36,0.5485897959426742
8,0.96,0.7728158593275172
8,0.9,0.9084406088768409
8,0.787,0.7277543321641908
8,0.86,0.8167628958411577
8,0.83,0.8131542309990173
8,0.97,0.8355590234867669
8,0.87,0.7009936283221982
8,0.84,0.7052959211425621
8,0.85,0.8602197921004189
8,0.88,0.5870991677025692
8,0.96,0.8008512308695401
8,0.238,0.7325826931187933
8,0.06,0.7751556045974407
8,0.807,0.7740514837902183
8,0.31,0.4153697417137807
8,0.95,0.809454126284015
8,0.74,0.6973241630483078
8,1.0,0.8466328111959108
8,0.65,0.7275683132933084
8,0.85,0.8259774340327743
8,0.96,0.7909858575879606
8,0.9,0.7596510934562299
8,0.7,0.8891233452882098
8,0.72,0.785520452256216
8,1.0,0.7280243349172187
8,1.0,0.5168311408568343
8,0.84,0.8785879810205166
8,0.65,0.7750155832831647
8,0.75,0.6600791120849702
8,1.0,0.8822098950495844
8,0.84,0.8260936174250602
8,0.923,0.9245563848957958
8,0.67,0.6958535429096224
8,0.79,0.756582313318584
8,0.92,0.8733916828269696
8,1.0,0.8288313394536477
8,0.85,0.6691239058701525
8,0.17,0.4087053310374202
8,0.85,0.8135052041948302
8,0.9,0.7817853038550429
8,0.78,0.4855368094254432
8,0.87,0.7873184266192593
8,0.89,0.7864275976233208
8,0.25,0.553421371539603
8,0.86,0.7517813218212133
8,0.84,0.7777284613382398
8,0.84,0.8242376531383159
8,0.93,0.5857115680812676
8,0.878,0.6978957201852459
8,0.84,0.9001459245925665
8,1.0,0.6984012816105434
8,0.43,0.5515127859449052
8,0.69,0.6660279399066296
8,0.69,0.8152198856429661
8,0.85,0.7366988856600134
8,0.69,0.6829667630859404
8,0.6,0.615350379754392
8,0.53,0.5360802567475829
8,0.93,0.8076765944222729
8,0.84,0.593406974247229
8,0.99,0.7320814155268576
8,0.887,0.7554697171071201
8,0.75,0.7251967443296653
8,0.66,0.5313198269050274
8,0.88,0.8423767915384593
8,0.78,0.7513060137150394
8,0.67,0.703500783072539
8,0.25,0.6967612541750409
8,0.85,0.6463888739683015
8,0.43,0.7474331720491489
8,0.56,0.7125535030200674
8,0.504,0.5874364006104545
8,0.75,0.8902503484132
8,0.91,0.8634935185170951
8,0.98,0.8727276422879575
8,0.91,0.7082853754383924
8,0.88,0.9124875701724684
8,0.54,0.6320796477038033
8,0.9,0.8345579242987327
8,0.64,0.6969406272869864
8,0.88,0.8018432947223346
8,0.87,0.6882852888556363
8,0.97,0.8721579415887571
8,0.977,0.7036874278297903
8,0.1,0.35066405534678724
8,0.73,0.7952038611749799
8,0.43,0.45903439292061265
8,0.405,0.5113008551061536
8,0.8,0.7766715042294136
8,0.63,0.6013867310445866
8,0.92,0.6750519248943472
8,0.81,0.7882255837264833
8,0.81,0.6534110447442074
8,0.66,0.766318521494505
8,0.67,0.6186774283523596
8,0.66,0.6825190841666502
8,0.67,0.6736224053323987
8,0.83,0.8478509114860733
8,0.81,0.7252629378966449
8,0.93,0.8039383589597281
8,0.38,0.6485268578019849
8,0.92,0.6050986721521836
8,0.52,0.634626348119359
8,0.43,0.5952402924967808
8,0.79,0.825951784801915
8,0.91,0.816696878806498
8,0.431,0.6524901444526747
8,0.61,0.643975773018235
8,0.92,0.6740160013088285
8,0.99,0.9023971116855155
8,0.86,0.8185679965947703
8,0.8,0.7653237298084797
8,0.72,0.6286326251279686
8,0.31,0.3884420754549679
8,0.58,0.6778069767670659
8,0.99,0.7487543121144415
8,0.94,0.8379458276316293
8,0.93,0.7604859770430192
8,0.82,0.788109297411431
8,0.91,0.8571299513108744
8,0.87,0.7954613096094292
8,0.21,0.4911785262094516
8,1.0,0.9251341894284025
8,0.95,0.856529119445024
8,0.9,0.8290217132253028
8,0.8046,0.7688330750085929
8,0.68,0.6974456946713739
8,0.88,0.6064262763797015
8,0.79,0.7003576863803814
8,0.92,0.8482745442498049
8,0.9,0.6773827487272139
8,0.74,0.7197943675661853
8,0.79,0.725594304921289
8,0.87,0.7026432162338425
8,0.87,0.8804494066813304
8,0.76,0.8031966489013236
8,0.93,0.8856495261028524
8,0.97,0.8826861516189253
8,0.72,0.7037495376064236
8,0.22,0.3395993180265546
8,0.9,0.8763382743441255
8,0.71,0.6809766601833019
8,0.83,0.6692134914956742
8,0.3818,0.581695246664411
8,0.74,0.7596447607676879
8,0.36,0.5998386578222763
8,0.92,0.7962818142621981
8,0.79,0.8143516283033131
8,0.86,0.532203849291327
8,0.62,0.7686500988861968
8,0.82,0.791238182170104
8,0.96,0.7961349484701681
8,1.0,0.9303497030765989
8,0.99,0.7277653707980806
8,0.81,0.7723942775378677
8,0.92,0.7832851972906552
8,0.967,0.8609818035384591
8,0.66,0.8021190600845867
8,1.0,0.8163413774508023
8,0.98,0.8779802469806129
8,0.77,0.8230336176454883
8,0.91,0.7493751348451921
8,0.96,0.7482117313151813
8,0.91,0.6851466987764491
8,0.6823,0.762720747025897
8,0.77,0.7397046165843826
8,0.96,0.8277319686652654
8,0.92,0.6243031445577606
8,0.84,0.8053680601983405
8,0.97,0.6224804683317411
8,0.69,0.6167670860927074
8,0.67,0.7146264574563833
8,0.96,0.659930400285899
8,0.85,0.8174568984786036
8,0.9,0.633076280893261
8,0.671,0.4262215160267657
8,0.9,0.7702541991029499
8,0.95,0.8068790605699827
8,0.587,0.632963470097077
8,0.89,0.6687956026723725
8,0.893,0.7106772234070221
8,0.9,0.8963972660476371
8,1.0,0.8531080614245732
8,0.82,0.7610249753633329
8,0.6,0.6721563464272968
8,0.2,0.7260580800922463
8,0.67,0.6931972672698916
8,0.85,0.7655981060067034
8,0.35,0.7174305858864843
8,0.34,0.42326569300987643
8,0.75,0.814792087355309
8,0.94,0.8001698136044519
8,0.58,0.7399215451986998
8,0.8,0.7594167907948456
8,0.95,0.7225728428409057
8,0.09,0.598043551613916
8,0.37,0.6011765391867554
8,0.88,0.8281482714455953
8,0.918,0.8152164150562251
8,0.72,0.7348937851789709
8,0.81,0.7626621007405611
8,1.0,0.787433227948152
8,0.57,0.6062132815546553
8,0.7,0.7662467047491109
8,0.65,0.7002243744111871
8,0.48,0.571413205386766
8,0.71,0.7619812945109321
8,0.87,0.8394556731898598
8,0.439,0.5909375382505357
8,0.94,0.9209239139539248
8,0.8,0.7608416754219816
8,1.0,0.7631687192187256
8,0.36,0.4269503364755523
8,0.06,0.4429084448073248
8,0.59,0.814364231298832
8,0.89,0.7939223564935561
8,0.1195,0.25007421329866775
8,0.38,0.6028280326213198
8,0.86,0.7961938091097617
8,0.69,0.7476490790169212
8,0.21,0.6925110564804291
8,0.73,0.6843764410994473
8,0.98,0.7413748365735644
8,0.9,0.8258329551474852
8,0.8,0.8727308261322086
8,0.75,0.7703522221955063
8,0.69,0.7739751221336701
8,0.18,0.3363171775745103
8,0.97,0.7679128037704648
8,0.881,0.7792979521012852
8,0.93,0.8344377101655386
8,0.77,0.7767012765693947
8,0.82,0.8002804374291136
8,0.81,0.8080004292271541
8,0.19,0.7873580027110697
8,0.91,0.9151243168149512
8,0.859,0.7522346322983673
8,0.681,0.6277721132538894
8,0.89,0.826887462539798
8,0.79,0.7858034344012478
8,0.64,0.6700313318634492
8,0.8,0.7224307637950198
8,0.634,0.5913837876536806
8,0.41,0.4820560994076264
8,0.85,0.8194229001259734
8,0.98,0.8087126028539721
8,0.43,0.6982991834465885
8,0.85,0.7101901945728908
8,0.91,0.8549426241310496
8,0.65,0.7480102861822909
8,0.86,0.8432552749753757
8,0.83,0.8291265293171324
8,0.9,0.7958386390063376
8,0.6,0.6096313710883252
8,0.69,0.7973417445689139
8,0.99,0.7910858227227043
8,0.876,0.8199446866360673
8,1.0,0.7651780383588868
8,0.78,0.7380004122565305
8,0.8,0.9421159351926084
8,0.448,0.6320156981578725
8,0.19,0.40162496935944764
8,0.68,0.6648728152133796
8,0.65,0.8100829422370815
8,0.97,0.8272891477194787
8,0.2445,0.6035928406285893
8,0.81,0.7815702969718683
8,0.86,0.7389144258614622
8,0.51,0.824173541326179
8,0.86,0.7388505927365858
8,0.94,0.8408248671789832
8,0.72,0.8348846567407405
8,0.67,0.760798492325035
8,0.52,0.5118009552667144
8,1.0,0.83076996932357
8,0.82,0.8845166983070085
8,0.82,0.7797359587061093
8,0.91,0.7088524543666892
8,0.32,0.6201221204200487
8,0.81,0.7184426786019509
8,0.59,0.6798150443579543
8,0.92,0.8450178723981414
8,0.167,0.5768091187172892
8,0.63,0.6558387755718729
8,0.92,0.851842003555636
8,0.94,0.882976709628666
8,0.9,0.8291316132503017
8,0.72,0.8049004126287302
8,0.753,0.8592697890547392
8,0.71,0.8509415135355659
8,0.28,0.8027116049805281
8,0.671,0.7643107465899809
8,0.712,0.7223104497663788
8,0.25,0.7608094544775853
8,0.62,0.7088711316462849
8,0.7,0.6585702690381999
8,0.9,0.7370218019340071
8,0.81,0.7599186591447639
8,0.81,0.554756355532254
8,0.86,0.7594216030753412
8,0.95,0.8567664361113319
8,0.48,0.7507501241364801
8,0.88,0.8307754816779884
8,0.96,0.8599975735519992
8,0.85,0.7196127945901263
8,0.86,0.8086534191739034
8,1.0,0.8750124156435012
8,0.72,0.8086349651985223
8,0.91,0.6681579011948457
8,0.22,0.33386913866450807
8,0.9,0.8299239900557918
8,0.65,0.7026809513462331
8,0.76,0.7523946648653543
8,0.9,0.8167107804965419
8,0.99,0.7689241912686873
8,0.92,0.741863449213462
8,0.41,0.6305028383929681
8,0.91,0.908340210829855
8,0.93,0.6998229150125008
8,1.0,0.8396910797636553
8,0.86,0.836446818413819
8,0.84,0.6470646236821166
8,0.593,0.6656562814741867
8,0.18,0.3930270329879135
8,0.89,0.7818403714415765
8,1.0,0.7198341493735343
8,0.9,0.762314663406325
8,0.9,0.7367515215241291
8,0.73,0.7456986394567324
8,0.11,0.7062942399567433
8,1.0,0.8290558942612469
8,0.769,0.7756152672105556
8,0.98,0.8626795895063046
8,0.96,0.7593731057942246
8,0.91,0.8203376095141798
8,0.33,0.6869853188207125
8,0.63,0.6444446028478542
8,0.13,0.4930253697538384
8,0.91,0.7191188311406488
8,0.65,0.7020785353446031
8,0.8,0.7839230956508583
8,0.38,0.7128452462817076
8,0.87,0.8020234602446765
8,0.81,0.7431885064000566
8,0.47,0.7045523770883906
8,0.49,0.5390900229469213
8,0.51,0.5214188639744644
8,0.9,0.82697919938086
8,0.54,0.6356781665852032
8,0.94,0.8107063227253888
8,0.445,0.5448688196539657
8,0.889,0.7555685726920449
8,0.76,0.6447804951044986
8,0.43,0.5162683593692257
8,0.58,0.6700030547277729
8,0.92,0.6553193716697128
8,0.75,0.656793764383768
8,0.76,0.7084661539444905
8,0.8,0.7279812784243721
8,0.88,0.8433152336197578
8,0.8,0.8498644502991954
8,0.66,0.694633178255291
8,0.9,0.6287740134478799
8,0.83,0.8123653301967355
8,0.9,0.7905023454652104
8,0.04,0.29529547951295093
8,0.75,0.8198150055522483
8,0.81,0.7864271556871238
8,0.9,0.8004577070991137
8,0.949,0.653988761963262
8,0.93,0.8181653576299732
8,0.88,0.7136844798184477
8,0.99,0.692636792773535
8,0.99,0.8330016244109386
8,0.416,0.4958988674087174
8,0.863,0.6523231644217447
8,0.4,0.5318505862572296
8,0.8,0.5437252969092149
8,0.91,0.7917271629148903
8,0.85,0.7710019395146801
8,0.71,0.7829885245487936
8,1.0,0.822363171524795
8,0.51,0.8081686736181242
8,0.91,0.8231223579801985
8,0.88,0.8027301230825319
8,0.74,0.6013395890651336
8,0.66,0.5804832284749595
8,0.83,0.7872667066309766
8,0.68,0.6740570996741923
8,0.71,0.745118771750805
8,0.63,0.5659196475111281
8,0.95,0.9419248873643488
8,0.67,0.6693240736238508
8,0.8,0.7890332123465053
8,0.79,0.699811303343715
8,1.0,0.8675623111101807
8,0.29,0.48900312612877117
8,0.7994,0.869971776509181
8,0.96,0.7548575960349196
8,0.791,0.7089315636228626
8,0.86,0.8068503323536367
8,0.6,0.7218046826548505
8,0.91,0.738169886961814
8,1.0,0.8755717814579941
8,0.874,0.8992846686266427
8,0.679,0.789411043107777
8,0.231,0.5762592735203822
8,0.9,0.849224961295886
8,0.9,0.8096720238682831
8,0.91,0.8587364759624339
8,0.97,0.9151902597503524
8,0.96,0.8833525693050368
8,0.42,0.5036116139712272
8,0.99,0.8613406881009102
8,0.72,0.7740943135761087
8,0.85,0.7683524753294735
8,0.39,0.7111805673626259
8,0.98,0.9585311485366118
8,1.0,0.7927532677041175
8,0.9,0.6124743528434486
8,0.4,0.5737353374612986
8,0.68,0.7054773986576736
8,0.912,0.7776992525271758
8,0.33,0.6280215458800171
8,0.77,0.7285153109923151
8,0.82,0.6811027572504738
8,0.73,0.59383405977673
8,0.896,0.6233308253104777
8,1.0,0.8018542709279968
8,0.84,0.7332796338195202
8,0.713,0.6952556653352214
8,0.652,0.6700489921485182
8,0.93,0.8277475505395394
8,1.0,0.7894978031404308
8,0.55,0.6005342391841861
8,0.788,0.6748191662672002
8,0.96,0.62557438112265
8,0.87,0.6602938887422427
8,0.98,0.9171391371456464
8,0.85,0.7805148298424973
8,0.902,0.8639073315466204
8,0.99,0.8362665659770419
8,0.872,0.8673948117899213
8,0.7,0.5945286148622151
8,0.8,0.6712979443920857
8,0.87,0.808287823816518
8,0.94,0.6025635784137241
8,0.73,0.7095950283714453
8,0.95,0.6625659767024429
8,1.0,0.8129588846649707
8,0.83,0.754218944402374
8,1.0,0.8146851288392585
8,0.971,0.8218557403611114
8,0.91,0.7865191784363912
8,0.7,0.7482780407436633
8,0.79,0.7320840529443661
8,0.86,0.7587544346136089
8,0.97,0.7327074052076821
8,0.53,0.5873568909553047
8,0.91,0.8157397884026867
8,0.78,0.6149836112337224
8,0.3,0.6989768285364424
8,0.87,0.727238575115121
8,0.47,0.7170980826688951
8,0.98,0.8857294856767503
8,0.74,0.7778094918960695
8,0.97,0.9301992851425132
8,0.97,0.684362236242849
8,1.0,0.8269590041978228
8,0.8,0.8074554310428967
8,0.79,0.7437978552077058
8,0.96,0.7566687893736824
8,0.65,0.5896033679493968
8,0.98,0.8911142660141579
8,0.79,0.8869624687432104
8,0.69,0.7045635720576586
8,0.91,0.8106124482627668
8,0.65,0.7390722046968092
8,0.99,0.7199247549748458
8,0.74,0.8579550612997104
8,0.9438,0.8258764801762459
8,0.565,0.6175130781024227
8,0.72,0.8435537360036901
8,0.76,0.6800507314074846
8,0.7,0.7250719315236933
8,0.91,0.8018379681720015
8,0.6,0.7939484700695433
8,1.0,0.7005843481941189
8,0.81,0.6820870797588688
8,0.81,0.739479470323523
8,0.22,0.680887106861217
8,0.77,0.7757821708647117
8,0.27,0.5982651811529875
8,0.61,0.6046063010432743
8,0.87,0.8691276463465987
8,0.398,0.5979937738137988
8,0.5,0.5086354420412235
8,0.72,0.77151114463449
8,0.98,0.7902599950141445
8,0.99,0.759771936428296
8,0.33,0.8122621062074199
8,0.89,0.8381291734970018
8,0.926,0.7498826971843162
8,0.57,0.6624414177868938
8,0.79,0.7770777905132307
8,0.46,0.7825666967770707
8,0.37,0.6372119434528266
8,0.84,0.797636608497101
8,0.75,0.6731931794677972
8,0.74,0.8328622311263203
8,0.94,0.8096319207461936
8,0.88,0.830757460103598
8,0.75,0.6816593354552888
8,0.75,0.6791863016839004
8,0.76,0.7623636281894574
8,0.98,0.7194972062751714
8,0.56,0.7368646134080736
8,0.7,0.7354007669811253
8,0.362,0.6601688573744038
8,0.78,0.7582604381375457
8,0.78,0.8522914588013467
8,0.25,0.3833072578926664
8,0.732,0.6586539957452446
8,0.99,0.8583674741318805
8,0.882,0.791603480319625
8,0.87,0.8244723941287789
8,0.52,0.5076773442544208
8,0.55,0.5787005197860752
8,0.26,0.362193547024283
8,0.99,0.830188842137465
8,0.85,0.789226523332551
8,0.865,0.7920833305517772
8,0.91,0.7267581206242784
8,0.93,0.8394631663826168
8,0.91,0.6939140691431891
8,0.8,0.6423105020601141
8,0.85,0.7712759955953594
8,0.92,0.8240657280884305
8,0.76,0.808449856781094
8,0.9,0.7957502151950038
8,0.2,0.7945120256277773
8,0.94,0.8187204882565264
8,0.93,0.8746461730281038
8,0.77,0.784177247555492
8,0.37,0.7401780772963219
8,0.9,0.5397852628027426
8,0.43,0.5186377162598145
8,0.88,0.8336174273667973
8,0.95,0.8007252714641028
8,0.97,0.7003692517694717
8,0.68,0.7892796930078504
8,0.8,0.6970955463349728
8,0.95,0.765211886810926
8,0.93,0.8125276255077244
8,1.0,0.6863945331740499
8,0.63,0.6017536342884817
8,0.79,0.8246879342543323
8,0.8,0.716630560190837
8,0.72,0.7392020752666365
8,0.8,0.794028305180217
8,0.24,0.5444490284365994
8,0.85,0.6895798070503845
8,0.5,0.7396078515973683
8,0.24,0.3702907078252054
8,0.8,0.7736899191482352
8,0.97,0.8164086649468648
8,0.962,0.8289236683114836
8,0.54,0.6309960154180961
8,0.95,0.5715884892050374
8,0.87,0.7806474856200794
8,0.88,0.7901383919091817
8,0.85,0.8017853458758374
8,0.77,0.9083175330599802
8,0.86,0.7683643562762663
8,0.99,0.9030515485788653
8,1.0,0.9569954103987408
8,0.891,0.6004968258293941
8,0.426,0.6011815180584852
8,0.9,0.7314742155862877
8,0.69,0.7418169096063151
8,0.27,0.7151848828147134
8,0.98,0.7467033820236451
8,0.5,0.5292267963969599
8,0.64,0.6890652794105858
8,0.57,0.6131555736904972
8,0.95,0.8236324195291453
8,0.88,0.7700427750128364
8,0.81,0.781585005146093
8,0.6,0.8357466287925606
8,0.2114,0.6525871390375626
8,0.34,0.5013634347162587
8,0.88,0.7937457466220132
8,0.21,0.5969857517469672
8,0.67,0.6243486405885357
8,0.77,0.718867581040236
8,0.33,0.7435110390659996
8,0.41,0.4072370758709378
8,0.77,0.7317712701546157
8,0.75,0.7179162498658855
8,0.52,0.5826373764208199
8,0.77,0.8987321152385147
8,0.927,0.8736846396782223
8,0.86,0.8317961729260794
8,0.9332,0.8876019428209716
8,0.19,0.7164525047214817
8,0.98,0.7962112420921292
8,0.79,0.5848475940111655
8,0.68,0.6617916365334955
8,0.88,0.7468488124634749
8,0.92,0.8535633024838798
8,0.74,0.6779369783747095
8,0.23,0.6392859596124916
8,0.9,0.7051331561319983
8,0.95,0.826001988570304
8,0.44,0.7460364395415795
8,0.875,0.6737526512795822
8,0.88,0.7804133242104109
8,0.86,0.7510757214085728
8,0.72,0.7431173388382077
8,0.86,0.7916356687016709
8,0.38,0.5626495967270935
8,0.99,0.8650668297613392
8,0.86,0.8376206409599194
8,0.17,0.43538421262642174
8,0.95,0.8927853373299697
8,0.7,0.6171571404530067
8,0.402,0.698507468936378
8,0.91,0.7604951902064787
8,0.85,0.7053655982469631
8,0.985,0.7255708165441472
8,0.43,0.703443372002063
8,0.95,0.7803403860700762
8,0.69,0.7200144246085702
8,0.387,0.5742587321421597
8,0.97,0.7279466328327837
8,0.89,0.8770383896380809
8,0.82,0.7759114616739986
8,0.86,0.7056336070831905
8,0.37,0.4788796623932941
8,0.64,0.7124480197315384
8,0.89,0.6407398068989842
8,0.42,0.649115426120769
8,0.69,0.7898057752053617
8,0.99,0.727155854237682
8,0.9,0.644121231165035
8,0.24,0.6247608744953732
8,0.771,0.8228017142195547
8,0.8,0.782063057863732
8,0.71,0.7379561203315999
8,0.81,0.7249495060964588
8,0.69,0.7695030239501727
8,0.36,0.4912280508958219
8,0.61,0.6982523686077433
8,0.9,0.8865536546561683
8,0.98,0.9116742918982955
8,0.81,0.7350400579973934
8,0.63,0.5690030746381091
8,0.89,0.8096298644959613
8,0.96,0.7964761940406229
8,0.8931,0.9387686662276018
8,0.82,0.7410698527529197
8,0.28,0.33551434831631954
8,0.68,0.705247528145134
8,0.33,0.7454545795741466
8,1.0,0.8584441408339933
8,0.4,0.40754285550572394
8,0.8,0.5768301732740011
8,0.83,0.766750022378493
8,0.96,0.8926652128445371
8,0.76,0.6548263615131362
8,1.0,0.6658788411199846
8,0.55,0.6195970964150764
8,0.38,0.5564392991047478
8,0.35,0.5037915653033224
8,0.88,0.8144571431985593
8,0.82,0.7686258743917018
8,0.14,0.39913549169167867
8,0.79,0.645627590548776
8,0.55,0.6687398062084167
8,0.57,0.5949149755896336
8,0.72,0.7868924700771818
8,0.97,0.8464385145510827
8,0.77,0.7398151550978619
8,0.89,0.8119089265116796
8,0.69,0.8117784501106352
8,0.77,0.7497563628552689
8,0.8,0.7795985550460064
8,0.655,0.7026873454689907
8,0.67,0.6780530477671051
8,0.91,0.8209183594135104
8,1.0,0.8553802655908761
8,0.81,0.7195801620133674
8,0.66,0.6668587379724158
8,0.79,0.7527454440711872
8,0.94,0.9164690529418362
8,0.97,0.8261467311672672
8,0.93,0.7701919624530926
8,0.85,0.8105483928974649
8,0.27,0.7399720256036129
8,0.44,0.43452779560811217
8,0.17,0.5789294190573528
8,0.495,0.7209649465219485
8,0.875,0.7018530604254221
8,0.76,0.6847154142105982
8,0.94,0.7775704744907065
8,1.0,0.7327246360228756
8,0.89,0.5719686745672065
8,0.97,0.8008755618036967
8,0.97,0.86417715935614
8,0.66,0.6683316760263582
8,0.46,0.5079680575875068
8,0.934,0.8668009070084672
8,0.32,0.6552223928962335
8,0.84,0.7916146375595418
8,1.0,0.6661500909213846
8,0.8007,0.7608968853918466
8,0.1,0.1909012054686573
8,0.95,0.8088217369640304
8,0.95,0.7096541656517613
8,0.672,0.6364920004488639
8,0.6515,0.6222695770812658
8,0.99,0.8331949536725207
8,0.93,0.5747191051693372
8,0.73,0.7157273747826207
8,1.0,0.8640602160317619
8,0.936,0.7869605269911343
8,0.8,0.7319885243376588
8,0.73,0.9249678277199196
8,0.96,0.6840497354740547
8,0.86,0.7478514473235426
8,0.91,0.8280000461377703
8,0.36,0.4152148959118006
8,0.8464,0.835148666343372
8,0.7773,0.8027561405098292
8,0.85,0.8958400422762375
8,0.91,0.8116638654655843
8,0.81,0.6984541187379109
8,0.35,0.46614903342844616
8,1.0,0.7395750891006068
8,0.77,0.8819600995149766
8,0.64,0.6846680188777607
8,0.33,0.3839586279510206
8,1.0,0.5296094170265702
8,0.79,0.730161571217397
8,0.98,0.842672240106341
8,0.89,0.9384333728858594
8,0.69,0.6486935882723537
8,0.742,0.660366942945686
8,1.0,0.7747710972023557
8,0.36,0.5351738566361167
8,0.83,0.7326490994945474
8,0.87,0.30524412708851734
8,0.68,0.7527188901937127
8,0.68,0.760782707437901
8,0.44,0.7409871341484616
8,0.41,0.7385083591272968
8,0.48,0.6423240141256655
8,0.91,0.7982469048704068
8,0.72,0.7737301447989771
8,1.0,0.9370667654089113
8,0.7,0.8761828697371501
8,0.945,0.6450196610579766
8,0.51,0.6839036105335834
8,0.96,0.9306243996759536
8,0.68,0.6849492446001166
8,0.87,0.8330185514698587
8,0.0953,0.46510738743653235
8,0.79,0.7265247248706925
8,0.973,0.83878491543178
8,0.96,0.7790212075267946
8,0.835,0.8291378512850769
8,0.92,0.8785901425705298
8,0.92,0.8017287567539699
8,0.96,0.8616282997804096
8,0.66,0.7181321088746756
8,0.74,0.8215394426100259
8,0.86,0.662574273471707
8,0.903,0.6865767910396505
8,0.1426,0.2256905189370307
8,0.88,0.8491496494675528
8,0.98,0.8902856144660962
8,0.92,0.7412360192177744
8,0.8532,0.9005187060888956
8,1.0,0.8125461799077232
8,0.6,0.6989923827425768
8,0.66,0.8553244851318431
8,0.65,0.6431528023632436
8,0.85,0.7879785818455705
8,0.51,0.6454545696237287
8,0.86,0.7204075460173788
8,0.56,0.7653291335181502
8,0.96,0.7472318619591727
8,0.7,0.91240491567509
8,0.92,0.7491760748441196
8,0.97,0.8054564866126517
8,0.55,0.759342810026273
8,0.82,0.860543618474437
8,0.86,0.7707691711202164
8,0.644,0.7374657321502898
8,0.93,0.8542686491546946
8,0.89,0.7199222259988547
8,0.95,0.7659575135882208
8,0.86,0.7869718912285608
8,0.94,0.6576748195154755
8,0.89,0.7221593588621974
8,0.6,0.5805573194752801
8,0.44,0.3510620228835491
8,0.8613,0.8162267390591471
8,0.64,0.8502142690031872
8,0.94,0.7714567379667651
8,0.26,0.6675276183177159
8,0.91,0.8349927200192808
8,0.79,0.7584259816854416
8,0.695,0.8011626601991808
8,0.48,0.5864062793000488
8,0.54,0.7333390896040475
8,0.939,0.6989924397501013
8,1.0,0.8155257891849209
8,0.94,0.7412029130348257
8,0.765,0.8581191824549526
8,0.2465,0.47459100336206855
8,0.97,0.7188106733364138
8,0.4184,0.4294469428777788
8,0.96,0.8001056305142689
8,0.24,0.6062241704390896
8,0.75,0.7007676127890491
8,0.64,0.7205504111702301
8,0.66,0.801260719950399
8,0.86,0.8141378779167621
8,0.91,0.7785363426214527
8,0.93,0.7548083846078154
8,0.83,0.7883615951855237
8,0.21,0.7227463418415779
8,0.82,0.7815113502672759
8,0.7,0.5867102281043861
8,0.93,0.7995538496851612
8,0.8,0.7251763414644063
8,0.95,0.7440842780148875
8,0.9,0.8414100589885286
8,0.86,0.7602238166399256
8,0.91,0.8204296279458425
8,0.73,0.7620825588575588
8,0.83,0.6704331209090172
8,0.85,0.6775123507402364
8,0.87,0.7316545196833795
8,0.72,0.6804181559150511
8,0.8,0.7687220121354196
8,0.96,0.8462430716134983
8,0.88,0.804765560304788
8,0.42,0.6951314194715376
8,1.0,0.8545933821652669
8,0.91,0.7283425618176173
8,0.422,0.6436940256331389
8,1.0,0.8993631726308067
8,0.37,0.5670622319430361
8,0.62,0.5486636729140106
8,0.99,0.8834889542893165
8,0.95,0.877093875924573
8,0.85,0.8193114981761839
8,0.87,0.7987557274630088
8,0.05,0.5778316800530577
8,0.87,0.7936765256823304
8,0.96,0.870747810319886
8,0.78,0.7622991452616938
8,0.584,0.6637668440733475
8,0.78,0.8051125459300924
8,0.57,0.7111269321020333
8,0.84,0.7787129993293529
8,0.92,0.8859484542436041
8,0.56,0.691080986603587
8,0.39,0.8417535236751493
8,0.22,0.7588383608694029
8,0.09,0.6981993406102361
8,0.78,0.7220069669499602
8,0.95,0.8568315132511044
8,0.75,0.6920564120610817
8,0.87,0.7821619749608499
8,0.85,0.721070723822216
8,0.65,0.6644048689331044
8,0.71,0.7033993635512512
8,0.59,0.6824544356790387
8,0.44,0.6362045620651182
8,0.88,0.8723879671619055
8,0.13,0.20861069461959583
8,0.39,0.6507878672346886
8,0.88,0.748386934336092
8,0.9,0.6784423994305344
8,0.2,0.8337846694392654
8,0.75,0.6071795943850142
8,0.94,0.8283082451575061
8,0.4,0.7384093810980735
8,0.55,0.7765479158707146
8,0.71,0.7803488310322644
8,0.4,0.4676442903190097
8,0.91,0.8043168516885825
8,0.39,0.4680620318999298
8,0.55,0.6288884530588859
8,0.89,0.8026218424374314
8,0.31,0.6090933992672836
8,0.501,0.614245115085785
8,0.87,0.7985116382846205
8,0.8,0.6828922178055368
8,0.47,0.5232248389995672
8,0.86,0.7893850900554149
8,0.69,0.5336244353156171
8,0.9,0.8246989747126283
8,0.97,0.8603703589236011
8,0.88,0.7271320631880427
8,0.76,0.608602232979147
8,0.95,0.7009282224156722
8,0.82,0.768823072886253
8,0.94,0.7874072032476297
8,0.9,0.8299404719750711
8,0.56,0.606711362506617
8,0.21,0.6595066196207836
8,0.9,0.8389654387671965
8,0.91,0.7912575074028422
8,0.9,0.7746994760833521
8,0.25,0.339721725526805
8,0.9,0.781716973406912
8,0.96,0.7687715042449138
8,0.84,0.7994688818583264
8,0.4,0.5030935147470046
8,0.37,0.7137884122545463
8,0.95,0.8041659208368583
8,0.44,0.6106374748345476
8,0.39,0.6645382946359076
8,0.9,0.7148660757889366
8,0.9,0.6879578020019443
8,0.29,0.7191933665671334
8,0.86,0.8719691480301572
8,0.98,0.892210446265465
8,0.92,0.823416848710481
8,0.84,0.7816314392041481
8,0.467,0.7588329848709761
8,0.9,0.82353248205502
8,0.55,0.7014126360027308
8,0.69,0.6786691933743201
8,0.65,0.675489757134727
8,0.34,0.694668654986412
8,0.87,0.7207922417271604
8,0.61,0.7106039961214625
8,0.96,0.6191095277598684
8,0.3659,0.47299480105253505
8,0.73,0.7418641792646028
8,0.87,0.7648361537783661
8,0.94,0.7805927575038837
8,0.55,0.8083774067607563
8,0.73,0.7142834625970451
8,0.1917,0.47084830598595767
8,0.85,0.7697100593014827
8,0.79,0.6144472387127407
8,0.356,0.7211610695765786
8,0.78,0.7839109992481457
8,0.91,0.7384305000352422
8,0.71,0.7952118806596689
8,0.86,0.8481312771712015
8,0.99,0.8993149901929925
8,0.99,0.7208357977126613
8,0.81,0.8186747329243338
8,0.36,0.42052122231850164
8,0.16,0.3199089232511708
8,0.9,0.8045529538543216
8,0.91,0.7083758323468838
8,0.15,0.6868108773678588
8,0.93,0.8296038560534033
8,0.95,0.8488218889230623
8,0.77,0.7992507187102367
8,0.96,0.8826720046817492
8,0.39,0.444181092999397
8,1.0,0.7216032239641665
8,0.95,0.8804989810102741
8,0.82,0.8225417835605766
8,0.91,0.8155179691914443
8,0.73,0.7536262822377503
8,0.6,0.7388665134586814
8,0.81,0.8102930883216812
8,0.524,0.6240965070668557
8,0.0523,0.6705116446693893
8,0.85,0.8134751079713767
8,0.95,0.8705329266741139
8,0.71,0.7687010741515982
8,0.87,0.8279764268692493
8,0.43,0.7961851122589607
8,0.85,0.7510983108482298
8,0.32,0.7317712190373379
8,0.32,0.6198304459992823
8,0.74,0.8392345126914659
8,0.94,0.9047718276146243
8,0.49,0.7225136179293721
8,0.96,0.757044082527311
8,0.88,0.7480373386782272
8,0.61,0.6521233745272522
8,0.87,0.7669528281690627
8,0.409,0.8556480284165948
8,0.66,0.8335528106572803
8,0.88,0.6010666449622212
8,0.3,0.8202212042882319
8,0.83,0.7913455939618267
8,0.79,0.7573169660651002
8,0.89,0.7804833011843237
8,0.58,0.6129262119912728
8,0.88,0.9539305116207039
8,0.97,0.4497248600032048
8,0.62,0.6462554260826354
8,0.68,0.7307995073582066
8,0.87,0.8723256385997986
8,0.82,0.7089293113572832
8,0.84,0.767566351738159
8,0.87,0.7274255684974533
8,0.83,0.7658054590416872
8,0.75,0.6785310664963926
8,0.2,0.7204182533945915
8,0.83,0.5886219782209778
8,0.85,0.7873577133025836
8,0.85,0.7044886948475496
8,0.68,0.7731293788937397
8,0.73,0.7112730684099051
8,0.96,0.6716189689188867
8,0.74,0.7358656116420812
8,0.31,0.3268627292019153
8,0.84,0.7970644864965621
8,0.81,0.7153461114445132
8,0.82,0.8538465487711253
8,0.96,0.8613332866254064
8,0.79,0.7988484249960747
8,0.77,0.8121722994568323
8,0.74,0.6094296088569673
8,0.87,0.7922431632135417
8,0.876,0.7977043456217388
8,0.94,0.7610184334531251
8,0.99,0.7749855610916682
8,0.94,0.8930520110739444
8,0.69,0.3151511667891952
8,0.963,0.8235833513128048
8,0.7,0.7566787622229599
8,0.96,0.7682498008246336
8,0.87,0.7050825020122158
8,0.41,0.48871009831607504
8,0.88,0.7720722465735486
8,0.91,0.8151243213334054
8,0.75,0.6924939317880876
8,1.0,0.7249696991868191
8,0.93,0.80437523141127
8,0.973,0.8847566159879168
8,1.0,0.8805780880080146
8,0.81,0.7743159775925783
8,0.97,0.7184328218193776
8,0.4,0.4866761788590485
8,0.97,0.8336306885804179
8,0.78,0.7334391679432729
8,0.97,0.771436829891003
8,0.87,0.8181132347328162
8,0.4022,0.6566983361526569
8,0.77,0.7277002515116798
8,0.8,0.7345291344086513
8,0.91,0.8759479828585414
8,0.58,0.6646719679482908
8,0.89,0.8440521145045121
8,0.95,0.8890450065582254
8,0.535,0.6665071705992142
8,0.86,0.7690233790185395
8,0.85,0.6527777082121204
8,0.54,0.5996419559739099
8,0.79,0.8617378244517997
8,0.94,0.9287876870992987
8,0.896,0.7878159948626011
8,0.897,0.7489858295636141
8,0.56,0.7634940255967335
8,0.86,0.6643739077948843
8,0.95,0.8571352695874896
8,0.84,0.8288036454451284
8,0.999,0.7521615326356819
8,0.713,0.6419959854097096
8,0.71,0.697244637851623
8,0.7109,0.7564748865589475
8,0.74,0.7271611831178161
8,0.38,0.6303973434279218
8,0.589,0.6535350924223413
8,0.95,0.7607767099979508
8,0.59,0.6110736540933791
8,0.9,0.8171239331708804
8,0.71,0.6724824427734739
8,0.8,0.6973562180029749
8,0.38,0.7885083835074851
8,0.49,0.655008798127386
8,0.656,0.8050750897155483
8,0.45,0.4829847383428018
8,0.88,0.8866753658446783
8,0.44,0.7042637893955646
8,0.47,0.7581301926196742
8,0.99,0.8305778163703882
8,0.719,0.8103400687414081
8,0.37,0.5046305221482978
8,0.71,0.7857066357849654
8,0.72,0.7770011819455326
8,0.71,0.7537320111880863
8,0.88,0.8674953656162763
8,0.92,0.7957445559450149
8,0.874,0.6944628140733593
8,0.97,0.7401732218417598
8,0.74,0.6994506309316864
8,0.39,0.7203299563791377
8,0.75,0.7227470783870534
8,0.94,0.7316334036051952
8,0.79,0.671804100543577
8,0.99,0.7550296583458846
8,0.86,0.8269021391197928
8,0.73,0.71120533592845
8,0.78,0.721024596444029
8,0.85,0.8202240445931845
8,0.81,0.9309613260614285
8,0.99,0.6116638202888991
8,0.99,0.7972195179950758
8,0.9,0.8777180192846834
8,0.36,0.4123362095581741
8,0.9,0.8826396283191291
8,0.08,0.6101027278368935
8,0.83,0.7332151750553091
8,0.9,0.7103551970636087
8,0.95,0.8146399010949924
8,0.8,0.7364335450434021
8,0.27,0.4863067105846739
8,0.63,0.7918700420613102
8,0.52,0.6287408969697647
8,0.34,0.6840843582525974
8,0.714,0.7614365861853388
8,0.23,0.7542361020242461
8,0.79,0.7741594941035882
8,0.78,0.7250649986747426
8,0.89,0.7568276393480581
8,0.86,0.7853510705763553
8,0.65,0.6554471474110646
8,0.99,0.9008398921514666
8,0.61,0.6757020974992074
8,0.85,0.6382330651582342
8,0.52,0.7733206178742915
8,0.62,0.6573583425029978
8,0.73,0.6723369383514144
8,0.87,0.6950824244900341
8,0.86,0.8375360438164894
8,0.21,0.30871482328083555
8,0.7,0.6026063420477007
8,0.91,0.8795076390978623
8,0.88,0.7410489740570947
8,0.86,0.8194945994136872
8,0.9,0.7519094457330388
8,0.858,0.8005339146472916
8,0.83,0.7064656928415967
8,1.0,0.6472104654668381
8,0.8132,0.8550977856980904
8,0.88,0.6901546547346608
8,0.65,0.7378303799623318
8,0.74,0.8355382473210067
8,0.7,0.7559806863135627
8,1.0,0.8742535310491584
8,0.7588,0.7993035083410285
8,0.23,0.3056315699935187
8,0.91,0.7053356301834608
8,0.93,0.7240833582574925
8,0.91,0.766164837261186
8,0.62,0.6861794094424775
8,0.87,0.7471257560726244
8,0.88,0.7509656114322893
8,0.549,0.5818064329837754
8,0.88,0.8477754572688645
8,0.87,0.7689071260715564
8,0.817,0.8260158180481585
8,0.94,0.7663438346190298
8,0.815,0.7960047240878403
8,0.81,0.7178380536086897
8,0.18,0.4276375974049218
8,0.95,0.842307297279981
8,0.99,0.8475070263576227
8,0.89,0.6809625435740398
8,0.71,0.8419937086861793
8,1.0,0.822219366765049
8,0.55,0.7394980189920514
8,0.49,0.7585857038511392
8,0.8,0.8562319663223573
8,0.68,0.60252966890178
8,0.73,0.7884404097243021
8,0.88,0.8073798314264372
8,0.98,0.920440606207809
8,0.79,0.6909999292715497
8,0.77,0.7631692871221051
8,0.1,0.37221787184702393
8,0.7,0.656339438373359
8,0.89,0.7005775446649547
8,0.88,0.7496499976429594
8,0.89,0.6252787548809653
8,0.76,0.6051907919498051
8,0.8,0.771859327343931
8,0.8,0.7845572954820631
8,0.81,0.49928352442756707
8,0.84,0.6885757651447182
8,0.95,0.7740441588465767
8,0.85,0.8448365708445386
8,1.0,0.8511676552338692
8,0.42,0.4886284191986817
8,0.94,0.718812655858892
8,0.9,0.7664225736677776
8,0.99,0.8862528702076118
8,0.91,0.7535620663004541
8,0.82,0.7588238468407638
8,0.87,0.8526076054441504
8,0.54,0.6971241191184939
8,0.82,0.6616157261477154
8,0.93,0.7357927778954887
8,0.6,0.8066761763145818
8,0.9,0.741385497341315
8,0.96,0.9175547694389854
8,0.3,0.6895963330494616
8,0.81,0.6679523407612173
8,0.83,0.6009733231293926
8,0.75,0.7823605629582981
8,0.97,0.7657704779664116
8,1.0,0.6879419123879414
8,0.42,0.5715382678415095
8,0.09,0.7812425994081905
8,0.855,0.7753720563892121
8,0.82,0.7138323533198963
8,0.12,0.18872266496612447
8,0.94,0.6386715236403018
8,0.35,0.5151573521112929
8,0.342,0.6192100907620801
8,0.99,0.8116397565865532
8,0.94,0.7843003099003821
8,0.971,0.8234696507480515
8,0.949,0.8701345855788025
8,0.49,0.6491174081999038
8,0.83,0.8144357029031548
8,0.778,0.7072294115805038
8,0.759,0.6218621442156816
8,0.8,0.6250952470003585
8,0.8,0.8690161062792834
8,0.75,0.7880177962702248
8,0.8,0.7720350057980991
8,0.948,0.9149258111818331
8,0.741,0.7113851787989087
8,0.925,0.873497548035137
8,0.84,0.7721715064384894
8,0.844,0.8512053472533181
8,0.75,0.7499231584531749
8,0.83,0.7402976015460792
8,1.0,0.6555191755324625
8,0.795,0.7426985507161431
8,0.74,0.6272614499574583
8,0.98,0.7931989852254019
8,0.74,0.6772964883124974
8,0.273,0.7235952891371025
8,0.86,0.748582198308579
8,1.0,0.8103676278134899
8,0.936,0.7493571611302136
8,0.87,0.7978150115208312
8,0.59,0.792905352471976
8,0.25,0.5659597216348045
8,0.83,0.8079437144326714
8,0.22,0.6381217256359525
8,0.81,0.648548568798697
8,0.19,0.22747179391179145
8,0.68,0.7248981852355303
8,0.89,0.7172722453080667
8,0.94,0.7850128260368401
8,0.936,0.8570591150769113
8,0.1801,0.3238848642159165
8,0.73,0.5469735598475419
8,0.6,0.6449821634425232
8,0.97,0.7161452629907201
8,0.83,0.6932314121419788
8,0.65,0.6511873372261412
8,0.9,0.8246260693603675
8,0.8,0.8386622823081846
8,0.79,0.7998719477277196
8,0.83,0.7385539687474661
8,0.864,0.8275987072964085
8,0.99,0.9544908807808252
8,0.88,0.7845571736476374
8,0.87,0.8663580909845403
8,0.4,0.7187179755055351
8,0.4421,0.5375129785996975
8,1.0,0.8809538083503424
8,0.76,0.7483314345986688
8,0.87,0.7797052812986142
8,0.9,0.7691372256856608
8,0.39,0.6463253072402437
8,0.62,0.7002764158478405
8,0.82,0.7391711672561675
8,0.35,0.6772057099936163
8,0.87,0.8832778638995902
8,0.85,0.7787678745784897
8,0.1,0.41867424504483397
8,0.41,0.6912883065113042
8,0.93,0.5757753709583888
8,0.75,0.773168338988387
8,0.88,0.7954544769306174
8,0.937,0.80316081114183
8,0.43,0.4732941363213291
8,0.38,0.5313618529055583
8,0.6,0.5336337453648717
8,0.3397,0.4094126769190619
8,0.8,0.7686329226916876
8,0.77,0.7584615936419317
8,0.94,0.7315027372606144
8,0.551,0.5508896831798665
8,0.96,0.6804385125189163
8,0.91,0.8516940040340328
8,0.5959,0.8658599648920586
8,0.685,0.7336847244256828
8,0.94,0.7709625687198851
8,0.67,0.7088801798947499
8,0.97,0.8637182386861848
8,1.0,0.8635814639682713
8,0.957,0.7558240216643535
8,0.75,0.7471933309034999
8,0.8703,0.6989762014558786
8,0.28,0.6480503036974287
8,0.717,0.6982728412475574
8,0.97,0.6287923156983513
8,0.43,0.801681296512432
8,0.654,0.7995157188257804
8,0.6,0.7362096325189059
8,0.38,0.6211272319264853
8,0.75,0.6883473911611895
8,0.873,0.8320927713372199
8,0.95,0.9015351030939129
8,0.15,0.6789519063673222
8,1.0,0.9050656004977631
8,0.68,0.7514880579426086
8,0.68,0.7242473013813551
8,0.88,0.7420373498768033
8,0.95,0.777739780306715
8,0.38,0.5219702557170255
8,0.91,0.5168866665299532
8,0.946,0.8366360281931544
8,0.99,0.8646070969095933
8,0.86,0.6042938785304302
8,0.91,0.6927415067503626
8,0.97,0.7759750849241405
8,0.88,0.7048385535217823
8,0.67,0.7814210245818057
8,0.98,0.7820494630118047
8,0.68,0.7066226143451081
8,0.79,0.7509253106474022
8,0.928,0.663826635229517
8,0.9,0.8278687145708417
8,0.89,0.9028555905767313
8,0.91,0.831086512953731
8,0.93,0.8033556152782262
8,0.959,0.8449075410784879
8,0.923,0.8442784432716337
8,0.923,0.8641954621853369
8,0.75,0.7870638673156726
8,0.75,0.799060403955161
8,1.0,0.876525322440949
8,0.93,0.8017436510518007
8,0.79,0.7510055096689117
8,0.81,0.7341514261859785
8,0.63,0.7922995364065293
8,0.99,0.8280844919795787
8,0.77,0.8618524331164921
8,0.88,0.6229583661695319
8,0.75,0.7316357062253187
8,0.84,0.699731233540438
8,0.65,0.6757363053314334
8,0.73,0.7023225559030122
8,0.88,0.8265908716183368
8,0.42,0.5542087151770506
8,0.82,0.789056642040164
8,0.8,0.7914222386744444
8,0.66,0.7467912658784026
8,0.67,0.7091787385136511
8,0.76,0.78555529515801
8,0.91,0.6266035676809121
8,0.89,0.67469127238184
8,0.88,0.8208624623633223
8,0.96,0.8183178373795801
8,0.92,0.7773384982989162
8,0.65,0.7222868746163522
8,0.99,0.9749838062556979
8,0.83,0.7929289154506958
8,0.99,0.8217906118335335
8,0.64,0.7442894423482193
8,1.0,0.7312545993477133
8,0.94,0.8115719177180869
8,0.589,0.7930421399286097
8,0.95,0.7189670471054553
8,0.881,0.8495454480212615
8,0.83,0.6897571282985167
8,0.78,0.7805484232326705
8,0.894,0.7369663417506958
8,0.74,0.7209224653483917
8,0.76,0.7049069852325051
8,0.99,0.8278231238995257
8,0.85,0.8506347292686312
8,0.25,0.7637846592342235
8,0.91,0.762596048040372
8,0.93,0.71508355521967
8,1.0,0.8657001077995357
8,0.67,0.8173154454850015
8,0.79,0.786005574701424
8,0.99,0.8684866153175154
8,0.83,0.6915837354906332
8,0.91,0.8113906736580396
8,0.765,0.7533753110500117
8,0.95,0.7848243639424072
8,0.82,0.7617424020932739
8,0.75,0.8023972051801389
8,0.93,0.757006971266776
8,0.62,0.8239376336013824
8,0.93,0.8882437560006381
8,0.74,0.6969824239817398
8,0.69,0.7172589185761702
8,0.66,0.7231898041550717
8,0.33,0.40889975393572825
8,0.96,0.7040069483054301
8,0.98,0.8725251195289105
8,0.41,0.5461162509429041
8,0.57,0.6432637015081685
8,0.55,0.6760328373199105
8,0.67,0.7153155826939124
8,0.71,0.5988827460414022
8,0.85,0.6810080757191047
8,0.85,0.7117394573472468
8,0.42,0.45752873008294886
8,0.18,0.7978958773405109
8,0.83,0.6078214901306016
8,0.659,0.6363019186089409
8,0.6923,0.7648233628595935
8,0.5,0.5854132489374262
8,0.76,0.7564382814664692
8,0.86,0.8144568607978064
8,0.661,0.8551408052496132
8,0.85,0.6566675244113741
8,0.42,0.75375050222
8,0.78,0.43168008176009964
8,0.88,0.6450178972932125
8,0.85,0.7725694387442377
8,0.49,0.5426988399752524
8,0.613,0.6915989913666583
8,0.79,0.7836143964191247
8,0.81,0.8156055355313365
8,0.42,0.7272213248855162
8,0.99,0.7004975718055664
8,1.0,0.9370349503658018
8,0.95,0.6675793396627798
8,0.558,0.5971127883415637
8,0.74,0.682543925855511
8,0.76,0.6672408479865375
8,0.4,0.6508787841279436
8,0.874,0.7355218120820816
8,0.95,0.7641661252709324
8,0.8,0.7186593032299856
8,0.77,0.675250474163761
8,0.73,0.6921386955742646
8,0.71,0.8437358094768925
8,0.75,0.7845568577497357
8,0.84,0.7456666355691406
8,0.753,0.7144996434441839
8,0.97,0.7206474794259163
8,0.94,0.8200736446883174
8,0.68,0.6592302985046503
8,0.72,0.61160964743342
8,0.91,0.7688959810495067
8,0.79,0.7476091328865659
8,0.75,0.8342486383444028
8,0.7246,0.6687632373563832
8,0.89,0.7996999565944658
8,0.83,0.6990719610060412
8,0.97,0.8123796892852598
8,0.92,0.8604883600685291
8,0.99,0.9575957223978954
8,0.86,0.8808847971361515
8,0.98,0.8666923745064338
8,0.43,0.8120689479018692
8,0.78,0.7856661443333592
8,0.86,0.7953534746205012
8,0.84,0.8265199642183998
8,0.81,0.7448200045545501
8,0.79,0.7453724900503146
8,0.38,0.6133998413408214
8,0.79,0.753429057539754
8,0.91,0.8198589938035686
8,0.8,0.6478948825122508
8,0.89,0.7361976231906078
8,0.99,0.8012059500977773
8,0.61,0.6158458026231535
8,1.0,0.9372289646564724
8,0.13,0.16993723915658931
8,0.41,0.6261687810969665
8,0.816,0.7607092640787697
8,0.66,0.8297182541786723
8,0.78,0.6879081739236264
8,0.65,0.7547754386061529
8,0.99,0.8901153727593265
8,0.79,0.6309816099326578
8,0.75,0.7961191014541362
8,0.67,0.7717332591389817
8,0.87,0.575967506371355
8,0.19,0.570701922593087
8,0.36,0.6867578995044853
8,0.84,0.747970090902362
8,0.95,0.7393054741745809
8,0.81,0.836374503955787
8,0.68,0.7860123212395648
8,0.87,0.7635404084473297
8,0.65,0.6741923823363327
8,0.67,0.6376499320403829
8,0.89,0.8026503530549922
8,0.15,0.733050277352539
8,0.81,0.8014512602934127
8,0.97,0.9057112568120416
8,0.94,0.6033528680789206
8,0.99,0.9048032029680595
8,0.86,0.8010573328362698
8,0.972,0.8469977533023618
8,0.92,0.8376129942730555
8,0.9,0.8971123288299973
8,0.92,0.8562750297270333
8,0.93,0.774140530677701
8,0.86,0.7628703355979874
8,0.41,0.7905454500794475
8,0.92,0.7865026918551928
8,0.51,0.7036714280176581
8,0.77,0.6110356798892795
8,0.22,0.41418676758482986
8,0.79,0.7401307600102716
8,0.68,0.7694792662421029
8,0.77,0.8298120958738694
8,0.81,0.8077728096959824
8,0.671,0.6919010099063375
8,0.99,0.7908458316334979
8,0.63,0.448049187554024
8,0.8,0.6807267198310204
8,0.536,0.6241001093495937
8,0.81,0.698138787240138
8,0.54,0.530842444807044
8,0.78,0.7225863333966354
8,0.78,0.5942397152118943
8,0.95,0.6914688631744813
8,0.88,0.7318461594474265
8,0.85,0.7842846358025964
8,0.8582,0.6862066614776307
8,0.95,0.8509861361462878
8,0.98,0.8057836920964957
8,0.84,0.7635084478301942
8,0.75,0.7675437925237693
8,0.917,0.6800325678572916
8,0.94,0.9481612511773418
8,0.96,0.8062780071181281
8,0.33,0.8202186477255184
8,0.86,0.6871348950269134
8,0.22,0.7829609329681796
8,0.761,0.5123676790861847
8,0.45,0.5843700447470148
8,0.87,0.6831071192421012
8,0.85,0.8445994794849478
8,0.85,0.8010381820099444
8,0.96,0.8751226387183733
8,0.45,0.7526039469790919
8,0.995,0.8585521741410073
8,0.925,0.7914328729105244
8,0.83,0.8417025900623384
8,0.69,0.6846359802802972
8,0.67,0.7486118013323975
8,0.26,0.6893588684984792
8,0.26,0.5349460582440025
8,0.99,0.7314432137394506
8,0.73,0.7097889545886592
8,0.8,0.6464684778188825
8,0.85,0.6316205797135802
8,0.71,0.6713830993332783
8,0.85,0.8333102288998508
8,0.9,0.8206951976964056
8,0.77,0.8042369389024889
8,0.76,0.6154818639207493
8,0.91,0.56345071335982
8,0.68,0.6470817887717945
8,0.685,0.7892766824256918
8,0.93,0.8299621728673521
8,0.786,0.6980190628985692
8,0.83,0.6723215902856963
8,0.95,0.7476461951866042
8,0.89,0.8124391130616563
8,0.88,0.7989098435168986
8,0.7,0.7985990656799122
8,0.7,0.5942544422503298
8,0.29,0.7038254316556904
8,0.95,0.8194537108261803
8,0.72,0.5975608396874519
8,0.35,0.5389530303826866
8,0.63,0.8011453905553112
8,0.74,0.7261779902838748
8,0.88,0.8516364476965692
8,0.95,0.767956965205687
8,0.86,0.825900687578369
8,0.587,0.7453651472450986
8,0.97,0.8094251777953763
8,0.21,0.8184747351951179
8,0.951,0.7205780160340767
8,0.96,0.7606593602390488
8,0.85,0.7899491198040872
8,0.36,0.5088395643966526
8,0.82,0.80564197535922
8,0.86,0.6785685204399567
8,0.81,0.7555189529747828
8,0.91,0.7825925772795916
8,0.85,0.7847817538425153
8,0.98,0.7059995326565174
8,0.64,0.771718902301425
8,0.93,0.6632774725522181
8,0.88,0.8777552216914035
8,0.95,0.762562434318756
8,0.8,0.6681507718465247
8,0.875,0.6580319060346371
8,0.7,0.7305771981604574
8,0.72,0.7576891535941075
8,0.76,0.8963079591215293
8,0.5,0.7994740885285552
8,0.4,0.6238970350889007
8,0.5,0.5158018299623307
8,0.59,0.7956256647521978
8,0.65,0.7011345924115877
8,0.63,0.8031322455859792
8,1.0,0.8504448189097698
8,0.87,0.7818381084579781
8,0.843,0.8271355613134326
8,0.99,0.6976479932802225
8,0.84,0.6871283855650623
8,0.44,0.7638954859313363
8,0.82,0.8026206346379503
8,0.58,0.7638445293767204
8,0.88,0.7339508504517682
8,1.0,0.7530811460026892
8,0.72,0.6196564800386806
8,0.83,0.730882525533578
8,0.72,0.7453136466899524
8,0.1576,0.24802806867806784
8,0.33,0.6600428048118783
8,0.85,0.7292557283849006
8,0.8,0.728464640423882
8,0.81,0.7479816306956577
8,0.8119,0.7067711653767411
8,0.86,0.7843830315608171
8,0.87,0.8229274371562103
8,0.83,0.8294945828446402
8,0.5,0.4645964356703594
8,0.22,0.7850454139110059
8,0.85,0.8055558380599078
8,0.7,0.606413644836872
8,0.81,0.8174443309468444
8,0.93,0.7669818272128544
8,0.76,0.8082595459451715
8,0.99,0.8334653451974574
8,0.82,0.75259254046514
8,0.9,0.7573169249296365
8,0.858,0.8203777047303663
8,0.859,0.3640286561231587
8,0.655,0.6716644616332385
8,0.99,0.7693997183312817
8,0.81,0.8144954023036767
8,0.88,0.8877025366288952
8,0.96,0.8341012025390124
8,0.9,0.7911522910546734
8,0.882,0.7865684218284326
8,0.76,0.5709604298620008
8,0.82,0.8904592912760305
8,0.57,0.49137622586509055
8,0.9,0.8245497474619314
8,0.93,0.9245200842687608
8,0.88,0.6626553757197869
8,0.134,0.6167141270373386
8,0.66,0.804894344609425
8,1.0,0.7790654001540211
8,0.719,0.737227931900128
8,0.87,0.6795106771714247
8,0.91,0.746293161578166
8,0.93,0.8462306539672878
8,1.0,0.7348853422993298
8,0.67,0.6964468031150495
8,0.8,0.7833947616176474
8,0.69,0.6779280293275638
8,0.92,0.8957542713949653
8,0.89,0.8542924031642904
8,0.523,0.6909811087424675
8,0.46,0.6647718733547703
8,0.95,0.8625438463830309
8,0.33,0.494176027047509
8,0.87,0.8023934339136511
8,0.99,0.7466389057452847
8,1.0,0.7339563311790603
8,0.73,0.7953860877472507
8,0.39,0.6842432352946535
8,0.85,0.8164226422285403
8,0.99,0.8537178779755307
8,0.19,0.16195949512026675
8,0.8,0.7021891992850833
8,0.61,0.8318875164956121
8,0.99,0.7201184093937465
8,0.92,0.7686674599742863
8,1.0,0.9193898560209879
8,0.88,0.8154141330640705
8,0.92,0.7331267907094543
8,0.82,0.7788753279697606
8,0.85,0.514737501294284
8,0.8,0.8059852929216688
8,0.96,0.8727594697811039
8,0.41,0.531549408191496
8,0.71,0.8078954793191685
8,1.0,0.7033895040438305
8,0.705,0.7804424682506326
8,0.86,0.7646588375091347
8,0.697,0.41290142991439105
8,0.42,0.5909204435362311
8,0.82,0.7481891299984771
8,0.9,0.7963560218756357
8,0.83,0.7329522843370095
8,0.97,0.8172446641138673
8,0.85,0.7507357690907228
8,0.99,0.8251818663938686
8,0.72,0.8571434172218533
8,0.9,0.871443489672139
8,1.0,0.8504207856146212
8,0.38,0.5969247466797207
8,0.41,0.39383691412398236
8,0.887,0.792759331263586
8,0.93,0.8100939432280352
8,0.81,0.667195029589218
8,0.52,0.5668460383027524
8,0.95,0.8422931726552823
8,0.93,0.8446453764504448
8,0.86,0.7438329744343902
8,0.994,0.8955653830704787
8,0.94,0.848382532908271
8,0.878,0.7042072837811783
8,0.86,0.8003000992488909
8,0.75,0.7272435707109204
8,0.9162,0.7128741906081989
8,0.44,0.6723011365564595
8,1.0,0.7027030907132086
8,0.9,0.7915353878671763
8,0.98,0.7693373033137357
8,0.54,0.6696119577918571
8,0.95,0.659502091544504
8,1.0,0.7733522959599087
8,0.72,0.7609224574055693
8,0.84,0.7841634610532531
8,0.72,0.7050033104434162
8,0.9,0.7183435246260044
8,0.9,0.8321932578433333
8,0.82,0.7387596115718935
8,0.74,0.7484577747164372
8,0.7,0.6718662567666944
8,0.2,0.6321181910142404
8,0.39,0.7666085671398503
8,0.67,0.6826404407236502
8,0.98,0.8427579283887574
8,0.9,0.8075267803218886
8,0.91,0.619355209120202
8,0.97,0.816812688091526
8,0.203,0.30542838314867327
8,0.9,0.7835748681182763
8,1.0,0.8287577928768288
8,0.87,0.5958692199706717
8,0.793,0.7632283117708855
8,0.96,0.8744154960304931
8,0.83,0.8680945905090824
8,0.96,0.7994986400602501
8,0.96,0.7141606927236641
8,0.846,0.7389912048516479
8,0.7,0.6027465342006316
8,0.86,0.7985568175160556
8,0.94,0.8608511820231923
8,0.86,0.7858017229715365
8,0.8,0.8561463667578099
8,0.22,0.19504255962335976
8,0.64,0.6458579528062068
8,0.93,0.8055746667335477
8,0.72,0.785413825909818
8,0.26,0.3309968895213561
8,0.86,0.8114567752959605
8,0.85,0.8367934996076438
8,0.36,0.6712475850828181
8,0.85,0.7950201200823974
8,0.9,0.8795992388316439
8,0.67,0.7165290694394002
8,0.725,0.706014491569167
8,0.902,0.8369556920126489
8,0.8,0.70289330034253
8,0.65,0.8030777778144444
8,0.36,0.7288864838160326
8,0.85,0.7109497697256458
8,0.97,0.8730412319980414
8,0.908,0.8198748162032594
8,0.863,0.8159768970489552
8,0.94,0.8370256132556847
8,0.781,0.7181943208590857
8,0.84,0.8018935471684743
8,0.87,0.8240541248242703
8,0.87,0.7981161745314472
8,0.73,0.6931402671942131
8,0.49,0.8745320449726748
8,0.415,0.6814826467954114
8,0.55,0.6075146604713169
8,0.41,0.8198871097527501
8,0.67,0.6534635312243722
8,0.4412,0.4475364622950975
8,0.41,0.519970815947321
8,0.67,0.7069186067854079
8,0.93,0.8062350649630544
8,0.9,0.9125999261452338
8,0.859,0.5893977173832294
8,0.55,0.6041379693300024
8,0.48,0.6934495793047243
8,0.85,0.7402685082504735
8,0.95,0.7591668662488271
8,0.66,0.6523057781083827
8,0.6,0.7157631662777075
8,0.908,0.6188093041227243
8,0.96,0.8770248862248241
8,0.47,0.6283362757136076
8,0.99,0.6565310494225781
8,0.3,0.6546025316487559
8,0.12,0.25653698910894107
8,0.8,0.793962416559943
8,0.86,0.7328731631210802
8,0.605,0.6595971820140529
8,0.41,0.45494997449129426
8,0.41,0.43795355084518717
8,0.67,0.7365540215898764
8,0.732,0.8943308331605739
8,0.87,0.6664478539080574
8,0.51,0.7751807379614246
8,0.93,0.7725922672628169
8,0.82,0.6837868796504663
8,0.82,0.7820189321362305
8,0.59,0.6126845876773421
8,0.394,0.5414103075516931
8,0.83,0.7739902066839288
8,0.78,0.44977899135161037
8,0.73,0.7759121017238793
8,0.85,0.7668024489657175
8,0.42,0.7740622466037368
8,0.936,0.7889417816154976
8,0.94,0.9051591676498274
8,0.729,0.7919640316174048
8,0.53,0.7341947467281458
8,0.2,0.6807609957618678
8,1.0,0.7622774677590595
8,0.41,0.5081799567312177
8,0.74,0.7819992467411963
8,0.92,0.7438340402119031
8,0.93,0.7590837828532713
8,0.77,0.7924665377317417
8,0.8,0.8469444576374281
8,0.71,0.6475527200801539
8,0.66,0.6210608289768393
8,0.93,0.8818591782867341
8,0.35,0.8209909541379853
8,0.934,0.8043038650911727
8,0.78,0.7423528785754173
8,0.62,0.6830202001343805
8,0.96,0.7694164745103835
8,0.74,0.7360534747568148
8,0.99,0.8988927941731248
8,0.624,0.5977101535892131
8,0.79,0.6090331796755065
8,0.39,0.6471609289438213
8,0.85,0.8074447750699137
8,0.14,0.6619748563023589
8,0.7298,0.6645280382503815
8,0.55,0.7239071397236573
8,0.91,0.7512114409364093
8,0.85,0.4086427771753739
8,0.2,0.44325729449734963
8,0.72,0.8176411250507829
8,0.37,0.7581326332127625
8,0.41,0.612170704471529
8,0.74,0.8192216081566447
8,0.955,0.7193572082220323
8,0.98,0.7013399863701196
8,0.814,0.8367005594554676
8,0.99,0.7463950846139455
8,0.06,0.1705015835927234
8,0.29,0.3253855756132574
8,0.82,0.7519567984466533
8,0.38,0.6114693847271815
8,0.84,0.8005396094079493
8,0.47,0.7181696760563399
8,0.82,0.8309188446061965
8,0.57,0.7099451609179865
8,0.12,0.7364218573292185
8,0.739,0.7157373703880647
8,0.76,0.777390734764335
8,0.82,0.7565683656979947
8,0.85,0.6719043153777069
8,0.83,0.7966550415103698
8,0.95,0.9045303522221013
8,0.26,0.6485298921350495
8,0.93,0.7741718295373837
8,0.21,0.17946775005156393
8,0.63,0.6285437374700036
8,0.76,0.8850417939650423
8,0.79,0.7970071141482331
8,0.84,0.8653306786830859
8,0.84,0.8722699508140908
8,0.56,0.5961647705102633
8,0.9,0.7466434389702524
8,0.77,0.7825948575208088
8,0.88,0.7051579536754606
8,0.18,0.6552034800414255
8,0.9,0.7906014040949667
8,0.89,0.7780704762345223
8,0.83,0.805820559615364
8,0.868,0.7060515683802449
8,0.72,0.7754656474048504
8,0.59,0.7176867683040706
8,0.96,0.7793340989792807
8,0.86,0.8053026589067109
8,0.7,0.6501369667933337
8,0.25,0.6872821736534567
8,0.44,0.7321656528093791
8,1.0,0.8242647843964546
8,0.77,0.74867535414814
8,0.35,0.4513938620275223
8,0.72,0.6923772458238814
8,0.63,0.7036846370623958
8,0.72,0.7347601153487727
8,0.812,0.6859670530785427
8,0.9,0.7438565527326639
8,0.6883,0.7163759046546936
8,0.984,0.9411453434799174
8,0.68,0.73533575328547
8,0.74,0.6756677257505441
8,0.92,0.81259657105456
8,0.86,0.764444914181337
8,0.4281,0.41454473319427965
8,0.99,0.8805956684923644
8,0.63,0.6430718017947079
8,0.95,0.7852271241901798
8,0.7,0.6954732333551468
8,0.66,0.6502092964144107
8,0.42,0.5001109548327829
8,0.096,0.7331476895416376
8,0.623,0.6258493928682332
8,0.9,0.9006297350339098
8,0.3394,0.7895135698311844
8,0.68,0.8107832789810505
8,0.55,0.5627024957108484
8,0.2036,0.6224604222844722
8,0.91,0.8024715310183127
8,0.93,0.8026313394336637
8,0.32,0.824238778284677
8,0.99,0.8690663663534396
8,0.9,0.8626761977789111
8,0.74,0.6572422220281087
8,0.46,0.598410604211671
8,0.9,0.7940829886738563
8,0.95,0.7952162359151221
8,0.85,0.8366974779174445
8,0.77,0.6833240971554301
8,0.796,0.6828230930433461
8,0.9,0.8362175240156383
8,0.902,0.794740549920893
8,0.87,0.8300259980511444
8,0.56,0.8495453840776979
8,0.89,0.8357694623115406
8,0.88,0.7482763480052579
8,0.893,0.7618692660898223
8,0.99,0.7865903135410519
8,0.882,0.7800046137782457
8,0.9982,0.8458727590788162
8,0.65,0.7976819554578978
8,0.92,0.8118805639034177
8,0.43,0.46280526188489646
8,0.43,0.48639881658855905
8,0.97,0.7652974844568818
8,1.0,0.7520383973526474
8,0.701,0.6650103742161347
8,0.77,0.6729492231063685
8,0.96,0.8529071323054662
8,0.89,0.8138484799640504
8,0.52,0.6841870982647773
8,0.418,0.6283170905487049
8,0.91,0.6680094408858412
8,0.89,0.7894926817536939
8,0.89,0.8329380059421632
8,0.49,0.6715410324084247
8,0.12,0.5002287340817058
8,0.67,0.7637572928488647
8,0.92,0.8303703263581417
8,1.0,0.7029293617127482
8,0.73,0.8276032193871672
8,0.35,0.6460874022897964
8,0.86,0.7858725237691107
8,0.49,0.5251473236714375
8,0.81,0.7844326089963876
8,0.89,0.8298282892686105
8,0.93,0.7504466472622103
8,0.423,0.7573343723887027
8,0.862,0.8143885826429218
8,0.85,0.6453352539718951
8,0.95,0.7349221780646744
8,1.0,0.9238418255212544
8,0.81,0.831252987840597
8,0.94,0.7633786404306457
8,1.0,0.8008910479183426
8,0.87,0.8003308688569262
8,0.3649,0.6635384778080169
8,0.82,0.7730377092456258
8,0.71,0.7655437743809366
8,0.82,0.7770033755122772
8,0.7,0.7725440192083894
8,0.41,0.4485126346245042
8,0.51,0.5060940797380875
8,0.67,0.6377049182604025
8,0.391,0.5739806106856328
8,0.95,0.8009626917409765
8,1.0,0.8465548260898981
8,0.92,0.8899536825951355
8,0.92,0.6864827468638434
8,0.95,0.8354510482077482
8,0.96,0.738288330615251
8,0.48,0.5434086879269794
8,0.79,0.7057284420824943
8,0.95,0.8948582593558364
8,0.76,0.6943383504408519
8,0.81,0.5712416000934851
8,0.49,0.7841076232937128
8,0.91,0.856643802828879
8,0.71,0.6799501415789774
8,0.8,0.6757332876267311
8,0.98,0.7363723872477296
8,0.55,0.817684561906579
8,0.9,0.7792655099158435
8,0.9,0.7340238733899676
8,0.79,0.7785061676615272
8,0.51,0.7978157850887015
8,0.91,0.8456929586215803
8,0.75,0.7128832427967979
8,0.89,0.7961411359627112
8,0.39,0.42978927020346847
8,0.99,0.8902619624905301
8,0.99,0.8469825209375133
8,0.9,0.7455916856028186
8,0.61,0.6155766641677322
8,0.83,0.8132411614092142
8,0.62,0.775422446059275
8,0.405,0.9089320425425851
8,1.0,0.8586957598535032
8,1.0,0.7317183842965979
8,0.86,0.7406462904409575
8,0.73,0.8118677814510071
8,0.85,0.6544975935025494
8,0.49,0.6945614958494749
8,1.0,0.7410677872074358
8,0.41,0.4285251344396652
8,0.84,0.7571384987322756
8,0.94,0.8109322313212111
8,0.6,0.649432398608788
8,0.6,0.7382769183520933
8,0.75,0.7614435036591669
8,0.91,0.7955037456503851
8,0.7,0.833465496884088
8,0.86,0.7639306158125606
8,0.87,0.8254300253689807
8,0.73,0.7160958241487256
8,0.78,0.8064823905667045
8,0.51,0.7276635320598464
8,0.85,0.7423103222644312
8,0.86,0.8000661502208255
8,0.99,0.8012084450112729
8,0.68,0.6171960749251595
8,0.45,0.7175449985699183
8,0.95,0.7476013702891503
8,0.99,0.7545549330147205
8,0.92,0.8297390758090017
8,0.83,0.6648063539532072
8,0.8,0.7693827688170448
8,0.46,0.5440314230748581
8,0.44,0.7369711099982356
8,0.87,0.7411540103189482
8,0.39,0.5742674741432326
8,0.9,0.8284816222976369
8,0.357,0.5174723391463636
8,0.87,0.7307072413892406
8,0.83,0.730784192488183
8,0.95,0.6951026946655243
8,0.8,0.7621547058666549
8,0.89,0.8352957415458192
8,0.93,0.6529263600867465
8,0.72,0.7293221278050782
8,1.0,0.691148281681128
8,0.5698,0.6388109937258991
8,0.04,0.702402720151062
8,0.94,0.7331833995272453
8,0.409,0.5590904816188461
8,0.99,0.773351069379016
8,0.76,0.6536997539673705
8,0.91,0.7721625536127316
8,0.89,0.7160964382450196
8,0.82,0.8085297766546707
8,0.99,0.8802629062681782
8,0.921,0.8376087960632461
8,0.86,0.7978680006910134
8,0.87,0.6119964223601205
8,0.99,0.7568693159554076
8,1.0,0.7428386487272584
8,0.44,0.7661419084079801
8,0.26,0.3641315062064907
8,0.7,0.7689561199996696
8,0.64,0.6885849867353272
8,0.96,0.7534362885793351
8,0.54,0.6533853305656564
8,0.782,0.7730524585340419
8,0.92,0.8137979843572447
8,0.68,0.6730920978056479
8,0.76,0.7957887315024916
8,0.897,0.6953803868610587
8,0.46,0.6038569169657002
8,0.86,0.7174326965476732
8,0.67,0.6931625308184647
8,0.81,0.8288739881033071
8,0.86,0.8207024108892613
8,0.8,0.7714391607459988
8,0.81,0.801835729056088
8,0.73,0.750588710117611
8,0.78,0.7854789847526221
8,0.86,0.7188440901712491
8,0.82,0.8088954660910701
8,0.95,0.6679818991653744
8,0.98,0.7768793447684375
8,0.16,0.4392324719561529
8,0.36,0.40641311609265685
8,0.85,0.7824775577509115
8,0.57,0.7111740773737812
8,0.7,0.600007556838516
8,0.96,0.9003250967746388
8,0.847,0.6651566750918865
8,0.91,0.8079186177835342
8,0.13,0.5135976326965875
8,0.8,0.7743035375583048
8,0.99,0.7699639265268823
8,0.935,0.8571695111003635
8,0.87,0.759318177223056
8,0.83,0.6700101595614456
8,0.78,0.7258884382988969
8,0.86,0.7531950501503563
8,0.93,0.8641389234256505
8,0.95,0.8853686142552992
8,0.8,0.7247167281331055
8,0.97,0.8134595285607453
8,0.08,0.805176278655878
8,0.88,0.7670247401272845
8,0.95,0.8306997976166074
8,0.85,0.7753992125078775
8,0.85,0.6986626891885233
8,0.73,0.7689712092489074
8,0.95,0.7063909574912666
8,0.97,0.8997800011925643
8,0.84,0.7176075431976559
8,0.47,0.624574590659384
8,0.85,0.6349448323115036
8,1.0,0.36538002008791015
8,0.82,0.7559588144787567
8,0.78,0.7228872393746819
8,0.83,0.7821547198824175
8,0.98,0.8766952016200177
8,0.723,0.7472601402004735
8,0.67,0.7864805781543527
8,0.98,0.7862715947784569
8,0.95,0.8820496417332442
8,0.81,0.7015255644535134
8,0.8,0.7419156086247202
8,0.56,0.6378661217985133
8,0.57,0.6226789293615866
8,0.81,0.7506472791487385
8,0.8,0.8167795796942982
8,0.87,0.7364607102034926
8,0.98,0.8152486788006803
8,0.93,0.8117525870796464
8,0.9,0.8532564680129814
8,0.91,0.8377015297567025
8,0.98,0.8194793736286813
8,0.72,0.8007034015785572
8,0.97,0.7542160872480423
8,0.98,0.8467733897112583
8,0.89,0.8052542620023713
8,0.87,0.7134332459746431
8,0.88,0.8168331070668303
8,0.57,0.7960803981245584
8,0.9,0.7983206397230199
8,0.81,0.7608243772295068
8,1.0,0.8326757068978681
8,0.89,0.8512537023176534
8,0.57,0.598895215703964
8,0.59,0.5859300955381569
8,0.93,0.8616897494405765
8,0.72,0.8088808779217947
8,0.65,0.7583852053254109
8,1.0,0.8432461600764212
8,0.96,0.8045253781519932
8,0.81,0.804118036499382
8,0.65,0.664696972941075
8,0.83,0.8327114840115896
8,0.72,0.7173712607199578
8,0.91,0.8233330833881298
8,0.87,0.658140778995432
8,0.796,0.6736349904199598
8,0.96,0.8265779558711361
8,0.8,0.729986884942447
8,0.7,0.7335189151425201
8,0.95,0.9250040687231038
8,0.42,0.46634715832509155
8,0.7,0.7316076942205907
8,0.94,0.6900493181563057
8,0.962,0.9149484206962565
8,0.97,0.8594907722250882
8,0.27,0.39095147099364674
8,0.9,0.8277305720771794
8,0.81,0.822144520992049
8,0.51,0.7112202004140122
8,1.0,0.7058936980095075
8,0.93,0.825226144138749
8,1.0,0.834112700864841
8,0.98,0.8233216937410281
8,0.65,0.7721671884590942
8,0.9,0.815735191771018
8,0.7,0.7926000192492454
8,0.72,0.7076409136402039
8,0.71,0.6764179598997899
8,0.49,0.8301449750591356
8,0.49,0.7459959864919435
8,0.58,0.6918351959305976
8,0.86,0.7966661526006895
8,0.96,0.8958264004480029
8,0.95,0.8438968273927167
8,0.86,0.7325831482058915
8,0.916,0.4895525940783982
8,0.96,0.7419598446406793
8,0.861,0.7431906265451835
8,0.35,0.6559439936432113
8,0.36,0.48843907405899606
8,0.965,0.9770487260927426
8,0.95,0.7640094455685167
8,0.92,0.6822807458439013
8,0.702,0.7570195847429803
8,0.85,0.8007830134245488
8,0.8,0.7503663413818324
8,0.96,0.8774256153389738
8,0.94,0.8416318384287997
8,0.18,0.6943932045492447
8,0.75,0.8541728844628329
8,0.62,0.833013612170442
8,0.92,0.8183493267985906
8,0.7,0.5543175219007859
8,0.76,0.7508210795650956
8,0.794,0.7759067589410258
8,0.71,0.7052534211024707
8,0.4,0.5257112988181878
8,1.0,0.8471269519462148
8,0.896,0.7917907659032137
8,0.96,0.4187291792930111
8,0.8,0.7710273670162533
8,0.39,0.559106050390267
8,0.69,0.6104903768154281
8,0.84,0.7420110158575511
8,0.85,0.8702893535136871
8,1.0,0.8530603388582115
8,0.58,0.6122849751406698
8,0.9,0.6927391295640205
8,0.83,0.69914207629609
8,0.68,0.7352335362057938
8,0.66,0.7643223956860812
8,0.96,0.6961162608915357
8,0.84,0.7663677534135369
8,0.78,0.6992122640228103
8,0.66,0.7433583374429298
8,0.89,0.5982616440565017
8,0.877,0.7319431521412163
8,0.629,0.6971901613643696
8,0.6269,0.7114221710419096
8,0.87,0.8493479898196771
8,0.77,0.7557081159870547
8,0.303,0.7231180971340011
8,0.91,0.9137203710160431
8,0.92,0.8898466260895692
8,0.71,0.7206297237932832
8,0.9,0.7397585934820587
8,0.69,0.7177368203142782
8,0.91,0.7012297196082373
8,0.79,0.8376769500431233
8,0.675,0.7062922373119667
8,1.0,0.7394706411064111
8,0.87,0.7877408207202807
8,0.7,0.7783758427009286
8,0.35,0.6958937808372182
8,0.83,0.6771580882077821
8,0.8,0.8146875868774481
8,0.6654,0.7989350877373238
8,0.85,0.7464513261074486
8,0.89,0.7226824722207872
8,0.9,0.7260107514967657
8,0.87,0.8224726146192316
8,0.1,0.4516698573572029
8,0.97,0.778204789885825
8,0.8,0.6878403030745905
8,0.5,0.8489599438293177
8,0.47,0.5483206396792129
8,1.0,0.8131536307678869
8,0.72,0.8259607901794424
8,0.48,0.8032679984647706
8,0.72,0.6724436770462395
8,0.69,0.8328916393792505
8,0.97,0.894782199080486
8,0.73,0.6807215767430141
8,0.659,0.7941985337616664
8,0.98,0.7948043070575819
8,0.62,0.6743448636265474
8,0.94,0.664780474567552
8,0.85,0.7046383726166746
8,0.95,0.8921453078831825
8,0.7,0.7032702557787444
8,0.91,0.6533995823914085
8,0.91,0.7301511223596754
8,0.86,0.7338850379686523
8,0.99,0.9489574001971746
8,0.1,0.40159152702788425
8,0.37,0.6240132010502052
8,0.84,0.7600177303139459
8,0.86,0.8355975884939573
8,0.66,0.7227564613693349
8,0.899,0.7508852201927282
8,0.93,0.7676100532041812
8,0.28,0.7379658131906955
8,0.12,0.6502292507248945
8,0.7809,0.7805509029382593
8,0.92,0.8320876930272985
8,0.51,0.7537097911022534
8,0.935,0.8735129603410372
8,0.7,0.7494753134145549
8,0.63,0.6234047542494804
8,0.727,0.8058669059021057
8,0.67,0.7645358240429538
8,0.99,0.9694562923893395
8,0.38,0.7082368603337159
8,0.9,0.8404597300272589
8,0.95,0.8185382134030121
8,0.88,0.7302510223551363
8,0.82,0.7955984403115013
8,0.5414,0.5754299087939642
8,0.15,0.3221832165148258
8,0.53,0.6378647223940253
8,0.92,0.7991324027044013
8,0.58,0.791648268796518
8,0.88,0.7151380142822581
8,0.87,0.8119832056128431
8,0.79,0.8036867134656925
8,0.77,0.7767500028387004
8,0.71,0.7707450125665631
8,0.99,0.8605188479899357
8,0.62,0.6000814927914113
8,0.86,0.6933367852913662
8,0.38,0.7318206642657865
8,0.74,0.7077940900400479
8,0.824,0.7848935008626249
8,0.73,0.7488079480983799
8,0.93,0.8215331775084671
8,0.52,0.6764913885973252
8,0.74,0.5925904206157269
8,0.94,0.7551513987856203
8,0.77,0.5427253368728808
8,0.78,0.8323963220717264
8,0.44,0.5031368719273592
8,0.97,0.8690825844752303
8,0.76,0.6444508471724568
8,0.97,0.772385481444495
8,0.92,0.7837281425199815
8,0.9,0.8695679300883138
8,0.86,0.5751469767456597
8,0.62,0.6956452695037854
8,0.87,0.5784027436592958
8,0.94,0.724113933212061
8,1.0,0.8498990620812029
8,0.517,0.7155447441530329
8,0.57,0.6855762913395984
8,0.62,0.7474510493257357
8,1.0,0.8669498445827623
8,0.39,0.6947237711465599
8,0.65,0.7550963433917844
8,0.23,0.34328408088496337
8,0.72,0.7082739285040642
8,0.79,0.5120236733357737
8,0.85,0.7764712269221582
8,0.846,0.5177038326322092
8,0.94,0.7388508091878938
8,0.73,0.6986636122539658
8,0.95,0.776025561207962
8,0.78,0.7068629416624873
8,0.74,0.6935846196605091
8,0.91,0.6856238000809002
8,0.733,0.7469914711478145
8,0.67,0.7867945156601457
8,0.439,0.6547556675325775
8,0.909,0.8777267076447456
8,0.425,0.5831163255816525
8,0.92,0.8450366038281457
8,0.39,0.8672144406140441
8,0.68,0.6930751839049518
8,0.9,0.8845332744090724
8,1.0,0.6895744414973022
8,0.901,0.8468042827670451
8,0.843,0.7370823808459137
8,0.41,0.7381351727941159
8,0.72,0.7178577374086159
8,0.93,0.7432283410690669
8,0.7974,0.7657408336926967
8,0.89,0.7644921481830671
8,0.92,0.8068087687764944
8,0.76,0.8268510259019506
8,0.76,0.7249176529411834
8,0.756,0.6619729595279251
8,0.9,0.7474178037451527
8,0.69,0.713897379948303
8,0.95,0.8310020119884485
8,0.88,0.7869052608943458
8,0.96,0.7924192136965256
8,0.75,0.749065117398034
8,0.6,0.686596563629748
8,0.6,0.7642264971213046
8,0.85,0.7441923868574637
8,0.96,0.7801047603296495
8,0.653,0.7588558635653633
8,0.2114,0.631379339585635
8,0.83,0.7255107927582398
8,0.94,0.78057248686196
8,0.88,0.813592983755947
8,0.936,0.8339702596574301
8,0.5,0.6321960144418265
8,0.72,0.8311608490173876
8,0.85,0.8206974213952773
8,0.93,0.8819781109613827
8,0.78,0.7851821307914593
8,0.88,0.6812229842495479
8,0.89,0.8255619133860497
8,0.85,0.6616058158798854
8,0.95,0.8366491240495633
8,0.84,0.6280268067187267
8,0.79,0.7846180392971853
8,0.854,0.8020126450548123
8,0.83,0.8289915424331645
8,0.79,0.7058857461993665
8,0.88,0.7243720768872253
8,0.99,0.8688967030690964
8,0.82,0.6505464906116591
8,0.47,0.5883768493398319
8,0.94,0.8831387572569348
8,0.71,0.761575756871673
8,0.89,0.7218433757741471
8,0.83,0.773434297421139
8,0.82,0.7174167221951353
8,0.85,0.7350663899531358
8,0.9,0.6370491993051997
8,0.75,0.9043111298317507
8,0.949,0.8005063767186319
8,0.16,0.5663177596099307
8,0.875,0.7659774192497961
8,0.51,0.7696128413231418
8,1.0,0.9098366067031802
8,0.87,0.7335348752289192
8,0.19,0.47584156373379094
8,0.31,0.6428269248118084
8,0.7,0.7207597601406515
8,0.68,0.7449474283889173
8,0.86,0.788906739490546
8,0.648,0.6522143539478427
8,0.73,0.7209347897015242
8,0.81,0.810508982000023
8,0.865,0.7774188544320412
8,0.55,0.840903366172222
8,0.68,0.7096567490823817
8,0.96,0.7865732135499579
8,0.657,0.4084478713566947
8,0.47,0.6030659932356299
8,0.76,0.5888903608212374
8,0.98,0.8022733604993271
8,0.82,0.7647291167025356
8,0.93,0.8725264148119476
8,0.88,0.8327843321189692
8,0.72,0.6815655825447713
8,0.85,0.8339979992672129
8,0.6,0.6564454924706618
8,0.53,0.6485651222836879
8,0.35,0.5384323092163603
8,0.69,0.671149050145033
8,0.56,0.6898732114495612
8,0.9,0.632599400627099
8,0.82,0.6896561225252331
8,0.98,0.896432182740513
8,0.72,0.7551851826286012
8,0.98,0.8583942394570687
8,0.91,0.7049294704215143
8,0.51,0.6376002638488598
8,0.83,0.7066527746388225
8,0.65,0.6918636546290764
8,0.84,0.8288519137501787
8,0.83,0.8186648817591116
8,0.41,0.5045197780078917
8,0.86,0.8378674441985334
8,0.86,0.7187095007238895
8,0.52,0.8221254196076575
8,0.79,0.8382762408959499
8,0.42,0.4857636649452802
8,0.17,0.4235537578632956
8,0.91,0.8779334620969161
8,0.78,0.7555849929362332
8,0.91,0.6805749764812565
8,0.94,0.8184670647078123
8,0.51,0.5234994968178531
8,0.91,0.81766811070035
8,0.925,0.8405879035514436
8,0.79,0.6561882682922269
8,0.593,0.6452705831940228
8,0.9,0.7748180423868851
8,0.97,0.8071460969749447
8,0.78,0.9005783833457017
8,0.76,0.6862337518938758
8,0.9,0.7447920535127603
8,0.78,0.5979459436059547
8,0.93,0.772169974494407
8,0.54,0.8295048034933421
8,0.85,0.586087203437892
8,0.85,0.6840095454876438
8,0.35,0.5284372725108641
8,0.88,0.8551049589311246
8,0.92,0.6659788797810621
8,0.92,0.7733121031334187
8,0.93,0.8945420908657344
8,0.91,0.6739122620420774
8,0.78,0.6648657253707055
8,0.61,0.8481030521399386
8,0.73,0.7166798289429505
8,0.92,0.7570270003371871
8,0.93,0.7308807842973988
8,0.59,0.6308899340912093
8,0.939,0.8392751964177776
8,0.78,0.8061715200609212
8,0.79,0.8017089794985682
8,0.92,0.8761836541478762
8,0.69,0.8075315152897119
8,0.96,0.9389383951568249
8,0.56,0.4938982430283857
8,0.7,0.7953709929748561
8,0.79,0.6984961368675708
8,0.97,0.7323724674907942
8,0.85,0.6853840678779455
8,0.53,0.7002073873406975
8,0.65,0.7613477666900561
8,0.95,0.7190585743588994
8,0.83,0.6699632957436368
8,0.24,0.6792175130687235
8,0.98,0.8840634549668176
8,0.89,0.8810583178046363
8,0.499,0.5591376924511835
8,1.0,0.7562291862545425
8,0.48,0.828182030533767
8,0.99,0.6458031276965195
8,0.77,0.6829013103284975
8,0.75,0.7630932273727468
8,0.82,0.6227408561093346
8,0.9,0.6772583118313311
8,0.12,0.6266107178373652
8,0.741,0.6892265222166218
8,0.75,0.801896542244324
8,0.907,0.8307313072321262
8,0.967,0.9157384192052049
8,0.1,0.3345796399184825
8,0.91,0.6191380675075833
8,0.78,0.7492081913374412
8,0.91,0.8534151269597336
8,0.86,0.797633054352118
8,0.77,0.3908900662599556
8,0.87,0.8014830049184289
8,0.8,0.7021805172930854
8,0.66,0.7718167967815783
8,1.0,0.808852484570064
8,0.68,0.7047532291934637
8,0.61,0.6534580095545832
8,0.94,0.7683700777058347
8,1.0,0.7510344829821285
8,0.9,0.78693263831254
8,0.6525,0.7695288185204814
8,0.98,0.8190300466530405
8,0.978,0.8050524122425775
8,0.87,0.7368668388202806
8,0.92,0.8893486207458473
8,0.66,0.7292630528879832
8,0.75,0.7712658196454575
8,0.77,0.765510791876167
8,0.98,0.6879578809786691
8,0.77,0.7818042297597467
8,0.89,0.8066961974775286
8,0.93,0.7021865790305883
8,0.76,0.626767238636711
8,0.87,0.8112754032477861
8,0.8,0.8217393029582309
8,0.87,0.4906664813512669
8,0.66,0.7848684319307517
8,0.91,0.8886453066032446
8,0.931,0.845354601160452
8,0.87,0.7597540301214603
8,0.96,0.6993436237079955
8,0.52,0.34724718563440343
8,0.65,0.6774726358581549
8,0.91,0.7981588268120257
8,0.75,0.7236081773672123
8,1.0,0.8761426463823014
8,0.9,0.8843889774497959
8,0.56,0.8216629804748539
8,0.95,0.8570103029019478
8,0.98,0.9271077780123708
8,0.67,0.709530892412649
8,0.74,0.7740787715509857
8,0.861,0.7726118551172487
8,0.75,0.6699008798066102
8,0.75,0.7836168440748276
8,0.721,0.5823205739499355
8,0.78,0.771716807610135
8,0.85,0.7733835328812486
8,0.85,0.7738837825954318
8,0.85,0.8449974884745347
8,0.2,0.49290063202139844
8,0.77,0.7882076723533212
8,1.0,0.8317643467093545
8,0.86,0.7542973346254958
8,0.46,0.5461883947973457
8,0.85,0.8502507449851608
8,0.8,0.8227007294022285
8,0.211,0.696167856125672
8,0.8,0.7949002729865494
8,0.8,0.8301319291180451
8,0.93,0.806016194855363
8,0.95,0.8760156489012636
8,0.26,0.6694729218403994
8,0.65,0.7383057695244152
8,0.3781,0.42345983433510775
8,0.79,0.7304568896735377
8,0.68,0.6709498323131027
8,0.11,0.24167586556620355
8,0.95,0.776302927108822
8,0.73,0.6980722468131919
8,0.83,0.7954958359385724
8,0.48,0.6837792952974159
8,0.77,0.7648703016452127
8,0.43,0.8059514056413585
8,1.0,0.6792177925744831
8,0.8,0.5967967091109014
8,0.88,0.7756753713756779
8,0.36,0.5693369656010203
8,0.99,0.7500568634438753
8,0.95,0.9412495550586558
8,0.77,0.7226352428224521
8,0.72,0.6038476912862207
8,0.92,0.8534562805633376
8,0.85,0.8087492978440203
8,0.842,0.7794822086172131
8,0.32,0.40673408237910086
8,0.34,0.3096990255073351
8,0.87,0.7370007789199404
8,0.1531,0.5371860337529372
8,0.94,0.6125092004480566
8,0.75,0.7234384316553275
8,0.89,0.8605179922981778
8,0.93,0.7992273989804805
8,0.91,0.7337191436895731
8,0.58,0.6850829563704854
8,0.9,0.8473679261019276
8,0.14,0.6276062109169083
8,0.95,0.7617203808093074
8,0.708,0.6399501500148934
8,0.94,0.8107517934165356
8,0.638,0.6662610904123172
8,0.62,0.7285435281874573
8,0.21,0.8486609331903894
8,0.36,0.38850599063356983
8,0.94,0.6941318011440459
8,0.87,0.8143032075009397
8,0.83,0.662935536450098
8,0.55,0.5704686624125224
8,0.98,0.8195160327293759
8,1.0,0.758828699354682
8,0.4,0.41756028143930607
8,0.11,0.4271241335926941
8,0.76,0.7998644276801363
8,0.99,0.8771925367804876
8,0.95,0.810718239865803
8,0.72,0.7503092201739341
8,0.94,0.9018504493113512
8,0.68,0.7683056766643077
8,0.88,0.75309431347441
8,0.75,0.6946838257220258
8,0.83,0.769945081616112
8,0.95,0.8880981846570883
8,0.84,0.7223370127740667
8,0.15,0.704204566134927
8,0.81,0.9101041793796236
8,0.826,0.6511237375504793
8,0.28,0.7425827348792728
8,0.81,0.6686037324068017
8,0.96,0.8800113716754522
8,0.74,0.7083570589978088
8,0.97,0.886332107816141
8,0.77,0.7213820983500371
8,0.89,0.8669589504185224
8,0.835,0.6028865301684372
8,0.96,0.7986279308724773
8,0.66,0.5367451955267283
8,1.0,0.8795261586028645
8,0.8,0.7409903678850517
8,0.95,0.800817043378566
8,0.77,0.7889855219935897
8,0.99,0.8683400847888338
8,0.63,0.7347862851816236
8,0.88,0.7020017240471574
8,0.82,0.8678143108606684
8,0.59,0.6497726448025719
8,0.93,0.7891852488660375
8,0.274,0.8000151792180614
8,0.61,0.6463850119692626
8,0.91,0.6854288715359751
8,0.67,0.8302647737590619
8,1.0,0.7600973448455107
8,0.879,0.832783851575668
8,0.4,0.7575580925121286
8,0.8,0.8070499677856795
8,0.93,0.5976106160127708
8,0.48,0.76141788657198
8,0.96,0.7771012523369847
8,0.96,0.8325432397588144
8,0.85,0.7771275077095139
8,0.22,0.71180646256349
8,0.97,0.7433695989077596
8,0.92,0.7715978391409577
8,0.84,0.8028158807227764
8,0.66,0.609074574352443
8,0.75,0.6681072468600864
8,0.44,0.45304249729647433
8,0.642,0.6362844487079446
8,0.95,0.6217076011525112
8,0.608,0.4099049183371517
8,0.79,0.8331294558889936
8,0.88,0.8549160006423469
8,0.66,0.6158232011209989
8,0.49,0.7015586254104185
8,0.92,0.7410911080171707
8,0.84,0.7575886475132143
8,0.94,0.7326731163358842
8,0.89,0.8516451069935849
8,0.9,0.8013802665173024
8,0.8,0.7819840286490353
8,0.95,0.8486720106930997
8,0.56,0.8039317536950641
8,0.45,0.5465145074937686
8,0.83,0.8240498328531629
8,0.9,0.782221751101573
8,0.83,0.8196962427295336
8,0.8,0.7867655150978485
8,0.78,0.7553873109342688
8,1.0,0.8182496389211775
8,0.61,0.7327078892036927
8,0.99,0.9210837905092949
8,0.88,0.750538414331219
8,0.31,0.4024089806613286
8,0.85,0.9106548771168341
8,0.48,0.7641278955663646
8,0.88,0.8469503314903335
8,0.838,0.7880615711552417
8,0.65,0.6829714958785361
8,0.66,0.7784654663183066
8,0.714,0.7423363947227303
8,1.0,0.7579211914968584
8,0.83,0.8065041549368049
8,0.4341,0.5209174976813337
8,0.43,0.38414631557459544
8,0.24,0.3668991278753037
8,0.89,0.6386642707806492
8,0.62,0.6494015594381757
8,0.67,0.7643142097664817
8,0.86,0.6029394634717893
8,1.0,0.8278867827003085
8,0.74,0.7352964996845588
8,0.72,0.7145183629882743
8,0.73,0.7357606973468118
8,0.38,0.3587611588482933
8,0.74,0.700616718583742
8,1.0,0.8941043579155212
8,0.198,0.4665685855450882
8,0.25,0.3708431281908426
8,0.93,0.697538266861851
8,0.98,0.8944436607174867
8,0.92,0.753140000123222
8,0.86,0.7061056034450808
8,0.41,0.46355658058130733
8,0.43,0.33907519566163014
8,0.76,0.727609819924304
8,0.192,0.6746633448910875
8,0.81,0.8452609769336048
8,1.0,0.8616280222864863
8,0.31,0.7044140216053529
8,0.88,0.684075370702807
8,0.92,0.6894714831903035
8,0.75,0.8086749797421032
8,0.73,0.8032015802029653
8,0.322,0.533409327892539
8,0.335,0.5075498136393114
8,0.49,0.5891485583739839
8,0.74,0.6855678840940724
8,0.8,0.7138696252749328
8,0.74,0.7195453452765787
8,0.903,0.8504161353934694
8,0.84,0.8273780144287856
8,0.96,0.8951541594131119
8,0.96,0.8399618305286439
8,0.79,0.6168231062692208
8,1.0,0.7434058684735074
8,0.6,0.6318861891224047
8,0.63,0.6627489530544974
8,0.99,0.9279928608984672
8,0.7,0.8064353725281521
8,0.92,0.7438419022430582
8,0.52,0.5885764668282143
8,0.825,0.7933591737793939
8,0.95,0.771629983379402
8,0.63,0.6524943820047236
8,0.72,0.8580880447413299
8,0.82,0.6937515983146174
8,0.95,0.8649669469450195
8,0.749,0.7826938931934821
8,0.39,0.7412489921896667
8,0.54,0.7017921549741291
8,0.51,0.666676922537085
