sample_id,rxntype,true_yield,pred_yield
rxn_1_0,1,0.39,0.6299498918873063
rxn_1_1,1,0.886,0.788507911450323
rxn_1_2,1,0.49,0.6248234108261738
rxn_1_3,1,0.38,0.6320407186546722
rxn_1_4,1,0.12,0.5554456154032715
rxn_1_5,1,0.88,0.6492556426446763
rxn_1_6,1,0.56,0.6112253525986289
rxn_1_7,1,0.8,0.6790093405650093
rxn_1_8,1,0.43,0.35463275722140813
rxn_1_9,1,0.97,0.8474880607998921
rxn_1_10,1,0.42,0.5437434608652895
rxn_1_11,1,0.44,0.5641422429640738
rxn_1_12,1,1.0,0.8438028611447951
rxn_1_13,1,0.47,0.4352076579660555
rxn_1_14,1,0.78,0.6033275226256111
rxn_1_15,1,0.78,0.55487978160039
rxn_1_16,1,0.81,0.45820868928623365
rxn_1_17,1,0.44,0.5365465618489391
rxn_1_18,1,0.23,0.533640182253346
rxn_1_19,1,0.96,0.7358139648354028
rxn_1_20,1,0.63,0.5565862240819005
rxn_1_21,1,0.352,0.4759489724458747
rxn_1_22,1,0.3,0.5197938748856434
rxn_1_23,1,0.71,0.5694607588832037
rxn_1_24,1,0.19,0.6395575793970005
rxn_1_25,1,0.67,0.723798960047024
rxn_1_26,1,0.75,0.7016553071360657
rxn_1_27,1,0.751,0.6702633849163157
rxn_1_28,1,0.83,0.4474924560677338
rxn_1_29,1,0.2,0.4261614865085614
rxn_1_30,1,0.76,0.6888200294643089
rxn_1_31,1,0.8,0.7643699530986607
rxn_1_32,1,0.79,0.8160712383017695
rxn_1_33,1,0.86,0.721653153634212
rxn_1_34,1,0.68,0.4720033109113584
rxn_1_35,1,0.006,0.21913752853218216
rxn_1_36,1,0.8,0.7711486247429624
rxn_1_37,1,0.41,0.5289704874527009
rxn_1_38,1,0.38,0.32885444195229224
rxn_1_39,1,0.5,0.4760827200305336
rxn_1_40,1,0.83,0.7690338865231405
rxn_1_41,1,0.56,0.7605129850582871
rxn_1_42,1,0.437,0.4663753636008343
rxn_1_43,1,0.76,0.7556618345409198
rxn_1_44,1,0.3,0.6877182802563621
rxn_1_45,1,0.8245,0.7180373425492305
rxn_1_46,1,0.7,0.7478782197749113
rxn_1_47,1,0.44,0.5636084051504048
rxn_1_48,1,1.0,0.6633139226705281
rxn_1_49,1,0.84,0.6676540260855314
rxn_1_50,1,0.34,0.4709093154507919
rxn_1_51,1,0.1,0.5918573854757249
rxn_1_52,1,0.42,0.49303436085376146
rxn_1_53,1,0.79,0.6497718556433569
rxn_1_54,1,0.72,0.6872689760304302
rxn_1_55,1,0.4,0.3862324259837471
rxn_1_56,1,0.9,0.796899327078752
rxn_1_57,1,0.927,0.48199798338091937
rxn_1_58,1,0.83,0.6500885967272225
rxn_1_59,1,0.46,0.5132449209747759
rxn_1_60,1,0.517,0.6397556112269094
rxn_1_61,1,0.54,0.4577304212424074
rxn_1_62,1,0.1,0.3035280088780932
rxn_1_63,1,0.06,0.30639139839929735
rxn_1_64,1,0.83,0.7569405127982151
rxn_1_65,1,0.63,0.5096468414170731
rxn_1_66,1,0.0211,0.592622418768718
rxn_1_67,1,0.27,0.4365482991880816
rxn_1_68,1,0.74,0.5512318335373624
rxn_1_69,1,0.78,0.6569329692376423
rxn_1_70,1,0.4,0.5824548522612797
rxn_1_71,1,0.3901,0.5795117654432619
rxn_1_72,1,0.65,0.6320198520343101
rxn_1_73,1,0.23,0.6221412276327866
rxn_1_74,1,0.96,0.6869887372038299
rxn_1_75,1,0.71,0.5751599087906976
rxn_1_76,1,0.82,0.548664066715114
rxn_1_77,1,0.23,0.2995437530422348
rxn_1_78,1,0.48,0.5979191622155318
rxn_1_79,1,0.81,0.4606486181648792
rxn_1_80,1,0.58,0.7391844191426559
rxn_1_81,1,0.46,0.6255200280231077
rxn_1_82,1,0.31,0.2343971946252488
rxn_1_83,1,0.75,0.7321326902166154
rxn_1_84,1,0.48,0.6186330601788562
rxn_1_85,1,0.98,0.8941146029324033
rxn_1_86,1,0.6,0.5220408555063144
rxn_1_87,1,0.38,0.6732691451390019
rxn_1_88,1,0.76,0.6783226766283649
rxn_1_89,1,0.41,0.6842797856692013
rxn_1_90,1,0.748,0.713623300304754
rxn_1_91,1,0.85,0.779609076295687
rxn_1_92,1,0.71,0.7149017992651441
rxn_1_93,1,0.34,0.24794805588860677
rxn_1_94,1,0.31,0.41161848683973484
rxn_1_95,1,0.75,0.6875015096514944
rxn_1_96,1,0.68,0.5387706342736731
rxn_1_97,1,0.661,0.8794749761114508
rxn_1_98,1,0.47,0.5694695141071723
rxn_1_99,1,0.15,0.2402632246205273
rxn_1_100,1,0.47,0.6539618991102061
rxn_1_101,1,0.1,0.6223954366262001
rxn_1_102,1,0.79,0.7839274669150376
rxn_1_103,1,0.41,0.6043530546338509
rxn_1_104,1,0.78,0.7762475059022883
rxn_1_105,1,0.95,0.6661491419504829
rxn_1_106,1,0.49,0.6477686566625108
rxn_1_107,1,0.64,0.6208540122793055
rxn_1_108,1,0.58,0.4689340026803677
rxn_1_109,1,0.76,0.5425298301265963
rxn_1_110,1,0.47,0.5055152653908609
rxn_1_111,1,0.31,0.6399562688458298
rxn_1_112,1,1.0,0.8082914689555243
rxn_1_113,1,0.98,0.8003789941645647
rxn_1_114,1,0.89,0.7910528757669528
rxn_1_115,1,0.91,0.7101545867515116
rxn_1_116,1,0.83,0.8410242687637522
rxn_1_117,1,0.65,0.5651999272842402
rxn_1_118,1,0.95,0.715300769360872
rxn_1_119,1,0.96,0.7639651539793756
rxn_1_120,1,0.97,0.623147068080154
rxn_1_121,1,0.484,0.6184319758128604
rxn_1_122,1,0.45,0.6668934004639961
rxn_1_123,1,0.67,0.47134031453500813
rxn_1_124,1,0.44,0.5762454243457179
rxn_1_125,1,0.709,0.7587307309422906
rxn_1_126,1,0.68,0.5968366034824969
rxn_1_127,1,0.8,0.7488614408756794
rxn_1_128,1,0.49,0.6355671346551253
rxn_1_129,1,0.91,0.5903786839020482
rxn_1_130,1,0.16,0.4301532196737871
rxn_1_131,1,0.51,0.4241187075502419
rxn_1_132,1,0.698,0.5524510149231779
rxn_1_133,1,0.83,0.7437472135074009
rxn_1_134,1,0.85,0.6381419759898773
rxn_1_135,1,0.75,0.5957322186723176
rxn_1_136,1,0.51,0.5141821436708347
rxn_1_137,1,0.7,0.7480575749045775
rxn_1_138,1,0.59,0.627395085451811
rxn_1_139,1,0.28,0.637968574498902
rxn_1_140,1,0.513,0.7663964331524203
rxn_1_141,1,0.37,0.5702607634286759
rxn_1_142,1,0.66,0.5938209203644395
rxn_1_143,1,0.77,0.6616365779358132
rxn_1_144,1,0.39,0.6491615462254153
rxn_1_145,1,0.85,0.5947923716555749
rxn_1_146,1,0.71,0.5497984427769472
rxn_1_147,1,0.079,0.3513602091553989
rxn_1_148,1,0.4533,0.5063033732911828
rxn_1_149,1,0.78,0.6997783369134419
rxn_1_150,1,0.56,0.5260303908023684
rxn_1_151,1,0.58,0.7529143387243008
rxn_1_152,1,0.7,0.6377148824524802
rxn_1_153,1,0.4,0.5453154269841917
rxn_1_154,1,0.74,0.5498881962108005
rxn_1_155,1,0.08,0.5435297401935365
rxn_1_156,1,0.7,0.8303517131167375
rxn_1_157,1,0.95,0.8111283177128602
rxn_1_158,1,0.41,0.6317893829547684
rxn_1_159,1,0.79,0.659107987502635
rxn_1_160,1,0.689,0.675800301398301
rxn_1_161,1,0.43,0.5378372930738483
rxn_1_162,1,0.81,0.7925278035433626
rxn_1_163,1,0.0394,0.3570629411555067
rxn_1_164,1,0.8,0.44578969493977566
rxn_1_165,1,0.92,0.5740896759248454
rxn_1_166,1,0.51,0.42415828160890157
rxn_1_167,1,0.3731,0.7183921171858848
rxn_1_168,1,0.8,0.7474883660671837
rxn_1_169,1,0.364,0.5125683096212686
rxn_1_170,1,0.6,0.5191071890644193
rxn_1_171,1,0.64,0.42603423826589276
rxn_1_172,1,0.552,0.3912369194594709
rxn_1_173,1,0.64,0.6228540842537045
rxn_1_174,1,0.87,0.7820558037547812
rxn_1_175,1,0.18,0.4591570323974441
rxn_1_176,1,0.84,0.5646814488165189
rxn_1_177,1,0.025,0.35468786244037126
rxn_1_178,1,0.41,0.6378349327359263
rxn_1_179,1,0.88,0.7589753334251599
rxn_1_180,1,0.095,0.3707704940742342
rxn_1_181,1,0.91,0.627266566234888
rxn_1_182,1,0.49,0.4908353628631579
rxn_1_183,1,0.35,0.6017722639148556
rxn_1_184,1,0.47,0.5397804591051706
rxn_1_185,1,0.8,0.50213190615416
rxn_1_186,1,0.84,0.6206249067424209
rxn_1_187,1,0.81,0.5133845603627419
rxn_1_188,1,0.87,0.8391406227826744
rxn_1_189,1,0.426,0.5214862443955769
rxn_1_190,1,0.33,0.5458935867597072
rxn_1_191,1,0.58,0.6172488105480805
rxn_1_192,1,0.51,0.34195631894164774
rxn_1_193,1,0.63,0.6269933967046079
rxn_1_194,1,0.78,0.7336321503599548
rxn_1_195,1,0.48,0.6896562090629456
rxn_1_196,1,0.95,0.8870712330676952
rxn_1_197,1,0.31,0.3866331598398715
rxn_1_198,1,0.7,0.7035904924500086
rxn_1_199,1,0.869,0.7217992962663882
rxn_1_200,1,0.43,0.46497586728468626
rxn_1_201,1,0.56,0.4548175915536084
rxn_1_202,1,0.86,0.5383599234006988
rxn_1_203,1,0.06,0.5710131552151242
rxn_1_204,1,0.51,0.6968753795539092
rxn_1_205,1,0.91,0.7856501896598455
rxn_1_206,1,0.49,0.6528532070318
rxn_1_207,1,0.83,0.6617534192456273
rxn_1_208,1,0.33,0.4696367228494285
rxn_1_209,1,0.28,0.41689081791076177
rxn_1_210,1,0.3643,0.49160304505684344
rxn_1_211,1,0.86,0.7234114118688154
rxn_1_212,1,0.46,0.6310604376166249
rxn_1_213,1,0.492,0.5845279141411143
rxn_1_214,1,0.29,0.4318662383457947
rxn_1_215,1,0.7282,0.6601182401868678
rxn_1_216,1,0.63,0.5910544036128563
rxn_1_217,1,0.94,0.8238922735308295
rxn_1_218,1,0.127,0.536588812375871
rxn_1_219,1,0.68,0.6714147481937026
rxn_1_220,1,0.42,0.45429108371676935
rxn_1_221,1,0.78,0.6273207147340035
rxn_1_222,1,0.77,0.6889482611305007
rxn_1_223,1,0.57,0.5216395634528288
rxn_1_224,1,0.9,0.8257768674897884
rxn_1_225,1,0.56,0.6140721432150887
rxn_1_226,1,0.5389,0.5874589992262014
rxn_1_227,1,0.88,0.7251304667572286
rxn_1_228,1,0.86,0.6021944676915042
rxn_1_229,1,0.46,0.5985114405914708
rxn_1_230,1,0.69,0.65984988704568
rxn_1_231,1,0.69,0.5615493271322528
rxn_1_232,1,0.89,0.5620765173576494
rxn_1_233,1,0.61,0.583149602743155
rxn_1_234,1,0.48,0.36520887314076916
rxn_1_235,1,0.96,0.7981208784379278
rxn_1_236,1,0.67,0.7014273218848611
rxn_1_237,1,0.118,0.44322989475810387
rxn_1_238,1,0.698,0.46495371304539534
rxn_1_239,1,0.95,0.7665563601467013
rxn_1_240,1,0.9897,0.7838888142294304
rxn_1_241,1,0.33,0.42355628515673255
rxn_1_242,1,0.76,0.6055801200711396
rxn_1_243,1,0.6,0.5602560210336461
rxn_1_244,1,0.26,0.38340769856840823
rxn_1_245,1,0.8,0.5328787209337832
rxn_1_246,1,0.8,0.7273973199737398
rxn_1_247,1,0.44,0.5765795104764161
rxn_1_248,1,0.48,0.5126870889829688
rxn_1_249,1,0.347,0.6279482756730776
rxn_1_250,1,0.37,0.422059942530095
rxn_1_251,1,0.56,0.6244294413911202
rxn_1_252,1,0.49,0.6408501747380413
rxn_1_253,1,0.27,0.6280298412254112
rxn_1_254,1,0.26,0.3786144436888798
rxn_1_255,1,0.23,0.6975168484913775
rxn_1_256,1,0.05,0.17750819638182827
rxn_1_257,1,0.43,0.5887032277139413
rxn_1_258,1,0.8,0.5296608703301993
rxn_1_259,1,0.28,0.49087936277431027
rxn_1_260,1,0.48,0.5512930579867793
rxn_1_261,1,0.8532,0.6201010383930888
rxn_1_262,1,0.721,0.6228597495363687
rxn_1_263,1,0.91,0.6799898631135693
rxn_1_264,1,0.278,0.5108222333133727
rxn_1_265,1,0.99,0.5363293651951236
rxn_1_266,1,0.7,0.44521490484401377
rxn_1_267,1,0.79,0.51960087726175
rxn_1_268,1,0.92,0.693760479754005
rxn_1_269,1,0.51,0.6268443951185015
rxn_1_270,1,0.53,0.4300407414372022
rxn_1_271,1,1.0,0.7190056938532554
rxn_1_272,1,0.93,0.7816357740924741
rxn_1_273,1,0.77,0.7488534947031195
rxn_1_274,1,0.42,0.5875604542235351
rxn_1_275,1,0.31,0.38996021450414736
rxn_1_276,1,0.97,0.8586052363198388
rxn_1_277,1,0.75,0.5686370753375573
rxn_1_278,1,0.85,0.7776494154560215
rxn_1_279,1,0.77,0.6074820701772395
rxn_1_280,1,0.79,0.7608952372598331
rxn_1_281,1,0.49,0.6200763256387322
rxn_1_282,1,0.79,0.5263210426716255
rxn_1_283,1,0.81,0.658451899531043
rxn_1_284,1,0.67,0.5651400209887496
rxn_1_285,1,0.45,0.4000386771423378
rxn_1_286,1,0.72,0.6076012979291242
rxn_1_287,1,0.985,0.7100388429822481
rxn_1_288,1,0.64,0.5914207974874621
rxn_1_289,1,0.72,0.6543054865713546
rxn_1_290,1,0.35,0.5582448221722809
rxn_1_291,1,0.4,0.3681709427504611
rxn_1_292,1,0.89,0.4474641299996262
rxn_1_293,1,0.3,0.6098161740584281
rxn_1_294,1,0.5,0.5318792341875439
rxn_1_295,1,0.24,0.2626321035256571
rxn_1_296,1,0.62,0.7398848601847862
rxn_1_297,1,0.6225,0.5800232671646224
rxn_1_298,1,0.75,0.6975128157031705
rxn_1_299,1,0.65,0.6572536146608416
rxn_1_300,1,0.48,0.6036820808010882
rxn_1_301,1,0.62,0.6008278010658056
rxn_1_302,1,0.68,0.5860431335792579
rxn_1_303,1,0.81,0.7727865294179826
rxn_1_304,1,0.13,0.7311845628946202
rxn_1_305,1,0.79,0.7496767120132944
rxn_1_306,1,0.74,0.5949595328849795
rxn_1_307,1,0.96,0.738513361739635
rxn_1_308,1,0.7,0.6501452919063581
rxn_1_309,1,0.6,0.6941329854548929
rxn_1_310,1,0.45,0.6021075995234243
rxn_1_311,1,0.49,0.440936485444861
rxn_1_312,1,0.72,0.7106496865576818
rxn_1_313,1,0.34,0.5396923415667292
rxn_1_314,1,0.803,0.8043534599657831
rxn_1_315,1,0.84,0.48609136139138304
rxn_1_316,1,0.57,0.5816010758612186
rxn_1_317,1,0.63,0.5206724138739478
rxn_1_318,1,0.98,0.8175639153367807
rxn_1_319,1,0.16,0.45478834709668825
rxn_1_320,1,0.83,0.6466528956771541
rxn_1_321,1,0.728,0.7267477524145028
rxn_1_322,1,0.92,0.7308280509670874
rxn_1_323,1,0.37,0.4502560275712178
rxn_1_324,1,0.8,0.693190059948216
rxn_1_325,1,0.78,0.552795003290392
rxn_1_326,1,0.68,0.48971139638879246
rxn_1_327,1,0.94,0.7941602049970395
rxn_1_328,1,0.55,0.7053168312060668
rxn_1_329,1,0.26,0.5482329261782376
rxn_1_330,1,0.2,0.6035736963565014
rxn_1_331,1,0.813,0.7810132568578294
rxn_1_332,1,0.54,0.6319359559934865
rxn_1_333,1,0.69,0.604460405281677
rxn_1_334,1,0.76,0.7065711632912498
rxn_1_335,1,0.8,0.777176879005193
rxn_1_336,1,0.76,0.7359271715938117
rxn_1_337,1,0.83,0.7188030018206453
rxn_1_338,1,0.07,0.5970545131851038
rxn_1_339,1,0.566,0.6817140889629331
rxn_1_340,1,0.9,0.8083688462360904
rxn_1_341,1,0.44,0.41661976228644554
rxn_1_342,1,0.42,0.5066113305064291
rxn_1_343,1,0.4,0.5856635601904008
rxn_1_344,1,0.47,0.5737917477003746
rxn_1_345,1,0.59,0.3894685575082811
rxn_1_346,1,0.829,0.7039427647742604
rxn_1_347,1,0.85,0.7931769825056029
rxn_1_348,1,0.65,0.6059035778404696
rxn_1_349,1,0.3578,0.493353710306671
rxn_1_350,1,0.11,0.2703458086168988
rxn_1_351,1,0.39,0.25074020582883977
rxn_1_352,1,0.693,0.7704312028716043
rxn_1_353,1,0.69,0.5131095337585049
rxn_1_354,1,0.71,0.6819075383311984
rxn_1_355,1,0.61,0.48451746114558764
rxn_1_356,1,0.53,0.6633754676323997
rxn_1_357,1,0.32,0.539716013928769
rxn_1_358,1,0.96,0.9142913154506512
rxn_1_359,1,0.93,0.67337970416966
rxn_1_360,1,0.72,0.5197221615282505
rxn_1_361,1,0.78,0.7105781348688377
rxn_1_362,1,0.89,0.6242047916947239
rxn_1_363,1,0.97,0.7920449904893653
rxn_1_364,1,0.16,0.2699303585040418
rxn_1_365,1,0.26,0.4787700579255964
rxn_1_366,1,0.79,0.6328525570777734
rxn_1_367,1,0.81,0.7114647070593584
rxn_1_368,1,0.98,0.7651560545121042
rxn_1_369,1,0.342,0.41290950782613617
rxn_1_370,1,0.81,0.817198030904409
rxn_1_371,1,0.68,0.3165073388890745
rxn_1_372,1,0.1,0.2992407564915694
rxn_1_373,1,0.39,0.39997165878273205
rxn_1_374,1,0.57,0.5570082905008852
rxn_1_375,1,0.51,0.4970268335912293
rxn_1_376,1,0.25,0.5978129321122124
rxn_1_377,1,0.9,0.7608825520272852
rxn_1_378,1,0.4874,0.4814337698041448
rxn_1_379,1,0.28,0.6510484911010092
rxn_1_380,1,0.51,0.5387232163918854
rxn_1_381,1,0.018,0.21584199881732305
rxn_1_382,1,0.58,0.6372895503406945
rxn_1_383,1,0.65,0.6006198383307244
rxn_1_384,1,0.17,0.6011886287208874
rxn_1_385,1,0.4,0.4287519070919901
rxn_1_386,1,0.98,0.8063093438279273
rxn_1_387,1,0.064,0.6704051952997122
rxn_1_388,1,0.19,0.3078927333324063
rxn_1_389,1,0.88,0.7241495628072586
rxn_1_390,1,0.099,0.6524863119712409
rxn_1_391,1,0.47,0.6628088199122125
rxn_1_392,1,0.921,0.7644128956836358
rxn_1_393,1,0.33,0.5609253056520732
rxn_1_394,1,0.876,0.5399467853615012
rxn_1_395,1,0.88,0.6451982163150963
rxn_1_396,1,0.87,0.6190095818437681
rxn_1_397,1,0.56,0.49546239173424617
rxn_1_398,1,0.621,0.4177568926731263
rxn_1_399,1,0.61,0.5786267711768113
rxn_1_400,1,0.84,0.7202733732416172
rxn_1_401,1,0.56,0.5409736757042779
rxn_1_402,1,0.7,0.7762020697344539
rxn_1_403,1,0.601,0.6230390151852627
rxn_1_404,1,0.5,0.6656069642025765
rxn_1_405,1,0.646,0.7284198253525896
rxn_1_406,1,0.55,0.7320014961962492
rxn_1_407,1,0.93,0.7340925934112036
rxn_1_408,1,0.34,0.4941421817573359
rxn_1_409,1,0.48,0.6187146218426328
rxn_1_410,1,0.94,0.6650664532703429
rxn_1_411,1,0.66,0.7035303459418586
rxn_1_412,1,0.85,0.7132989181729106
rxn_1_413,1,0.87,0.6611204774417668
rxn_1_414,1,0.31,0.5001313082224869
rxn_1_415,1,0.18,0.3821853942267926
rxn_1_416,1,0.161,0.5354080179652813
rxn_1_417,1,0.27,0.46734192220085014
rxn_1_418,1,0.27,0.575206665039914
rxn_1_419,1,0.99,0.7754802658433831
rxn_1_420,1,0.72,0.5875441669713887
rxn_1_421,1,0.3477,0.43606737940939116
rxn_1_422,1,0.53,0.6339295818943766
rxn_1_423,1,0.48,0.6215176967659839
rxn_1_424,1,0.58,0.6093239032913876
rxn_1_425,1,0.74,0.5777174920733543
rxn_1_426,1,0.78,0.6651951273738731
rxn_1_427,1,0.82,0.6867276460360241
rxn_1_428,1,0.85,0.37963964787417526
rxn_1_429,1,0.16,0.3589634745402684
rxn_1_430,1,0.62,0.45300619940117864
rxn_1_431,1,0.14951,0.6141162867621243
rxn_1_432,1,0.35,0.697332150087135
rxn_1_433,1,0.82,0.7677886898535745
rxn_1_434,1,0.65,0.8085232539730937
rxn_1_435,1,0.42,0.6011514341109275
rxn_1_436,1,0.61,0.5037410873754328
rxn_1_437,1,0.274,0.6741794513279179
rxn_1_438,1,0.78,0.5526937140209441
rxn_1_439,1,0.059,0.5193216345823445
rxn_1_440,1,0.901,0.8759274291097955
rxn_1_441,1,0.64,0.7034984641540739
rxn_1_442,1,0.8,0.7481535526232626
rxn_1_443,1,0.09,0.497728712739828
rxn_1_444,1,0.19,0.4083439665214322
rxn_1_445,1,0.17,0.6362286816644889
rxn_1_446,1,0.22,0.2629636209842327
rxn_1_447,1,0.69,0.741867314748955
rxn_1_448,1,0.26,0.3952382568208292
rxn_1_449,1,0.76,0.7435902215854967
rxn_1_450,1,0.755,0.6016166732146264
rxn_1_451,1,0.78,0.6954225199860362
rxn_1_452,1,0.393,0.7218285512275902
rxn_1_453,1,0.74,0.7711880697496362
rxn_1_454,1,0.93,0.8497380067018053
rxn_1_455,1,0.53,0.45246989843717783
rxn_1_456,1,0.8,0.6184265065328416
rxn_1_457,1,0.65,0.6850495666736832
rxn_1_458,1,0.55,0.6227327530180381
rxn_1_459,1,0.39,0.6867094322238289
rxn_1_460,1,0.51,0.4237743756620591
rxn_1_461,1,0.52,0.5239191003903475
rxn_1_462,1,0.74,0.6452796193456606
rxn_1_463,1,0.512,0.7498388845404564
rxn_1_464,1,0.53,0.672842779627227
rxn_1_465,1,0.4523,0.4065228864120942
rxn_1_466,1,0.69,0.7369256905816727
rxn_1_467,1,0.59,0.6705550778147757
rxn_1_468,1,0.34,0.3978459544659612
rxn_1_469,1,0.7575,0.8076877260019396
rxn_1_470,1,0.89,0.5242294340661847
rxn_1_471,1,0.9,0.7181937776820959
rxn_1_472,1,0.135,0.5123675592495519
rxn_1_473,1,0.12,0.5094774731224035
rxn_1_474,1,0.64,0.6327790070280125
rxn_1_475,1,0.67,0.6477226755084465
rxn_1_476,1,0.2,0.6221225735581037
rxn_1_477,1,0.35,0.5188808650540712
rxn_1_478,1,0.97,0.7758705612552111
rxn_1_479,1,0.45,0.39018801256394275
rxn_1_480,1,0.308,0.40249613770141784
rxn_1_481,1,0.71,0.5778151966574451
rxn_1_482,1,0.48,0.3883205442927029
rxn_1_483,1,0.2248,0.40886645797746063
rxn_1_484,1,0.23,0.4658638616419868
rxn_1_485,1,0.75,0.7498914078740424
rxn_1_486,1,0.4,0.5926862100596547
rxn_1_487,1,0.41,0.50951574656229
rxn_1_488,1,0.7,0.6770428186255595
rxn_1_489,1,0.76,0.7056789875369521
rxn_1_490,1,0.51,0.73744170105581
rxn_1_491,1,0.85,0.6659564213895873
rxn_1_492,1,0.1908,0.5267415232579101
rxn_1_493,1,0.82,0.7837071949205751
rxn_1_494,1,0.61,0.5913055849925763
rxn_1_495,1,0.31,0.5013013568347523
rxn_1_496,1,0.73,0.4849375451607228
rxn_1_497,1,0.9,0.7708665138259949
rxn_1_498,1,0.4724,0.6642008963194028
rxn_1_499,1,0.94,0.7918202150488481
rxn_1_500,1,0.759,0.7399666796900725
rxn_1_501,1,0.85,0.5464733330483157
rxn_1_502,1,0.79,0.7879595610894791
rxn_1_503,1,0.16,0.6003676678939512
rxn_1_504,1,0.29,0.6346835159383929
rxn_1_505,1,0.83,0.7394725153394134
rxn_1_506,1,0.569,0.7483882932522187
rxn_1_507,1,0.44,0.5828136896227017
rxn_1_508,1,0.22,0.5732354003279476
rxn_1_509,1,0.72,0.41160737566908995
rxn_1_510,1,0.47,0.6296363950249949
rxn_1_511,1,0.637,0.6014275006325107
rxn_1_512,1,0.85,0.48347078988634956
rxn_1_513,1,0.79,0.7620572927693189
rxn_1_514,1,0.47,0.6108922810321694
rxn_1_515,1,0.83,0.7186127803638122
rxn_1_516,1,0.84,0.6304263015969059
rxn_1_517,1,0.86,0.7656905393112062
rxn_1_518,1,0.824,0.48825280198957377
rxn_1_519,1,0.05,0.3305781031692791
rxn_1_520,1,0.22,0.42140558393060107
rxn_1_521,1,0.61,0.5389676982561606
rxn_1_522,1,0.75,0.7769236426375267
rxn_1_523,1,0.61,0.6052133366278623
rxn_1_524,1,0.34,0.4853584123854413
rxn_1_525,1,0.46,0.2818399781612801
rxn_1_526,1,0.13,0.35974130516901864
rxn_1_527,1,0.88,0.7699884833127625
rxn_1_528,1,0.7,0.6688723489229561
rxn_1_529,1,0.36,0.4567843263511399
rxn_1_530,1,0.75,0.6989374877398337
rxn_1_531,1,0.93,0.7571264533994118
rxn_1_532,1,0.7,0.5904434324984792
rxn_1_533,1,0.53,0.6046184153119762
rxn_1_534,1,0.35,0.3432137219241414
rxn_1_535,1,0.87,0.6721840898513755
rxn_1_536,1,0.85,0.7900658986647286
rxn_1_537,1,0.58,0.6157788686098479
rxn_1_538,1,0.35,0.6232000669394319
rxn_1_539,1,0.37,0.4560336224529706
rxn_1_540,1,0.56,0.7525506914346988
rxn_1_541,1,0.54,0.628545651969946
rxn_1_542,1,0.43,0.5312057241787178
rxn_1_543,1,0.31,0.6184737217560471
rxn_1_544,1,0.26,0.5974681063208734
rxn_1_545,1,0.4,0.6584430174293036
rxn_1_546,1,0.75,0.6762770578265603
rxn_1_547,1,0.74,0.7438478312425669
rxn_1_548,1,0.49,0.5328459887498157
rxn_1_549,1,0.4,0.5537780643548271
rxn_1_550,1,0.64,0.6480979509387641
rxn_1_551,1,0.712,0.5621472594904574
rxn_1_552,1,0.2,0.4006505659119252
rxn_1_553,1,0.18,0.49665246879117014
rxn_1_554,1,0.6,0.622900384670765
rxn_1_555,1,0.5,0.4502088371711826
rxn_1_556,1,0.83,0.6536701049752836
rxn_1_557,1,0.05,0.29962374234529565
rxn_1_558,1,0.87,0.7334974460773225
rxn_1_559,1,0.9618,0.7535714938926343
rxn_1_560,1,0.95,0.729771290254868
rxn_1_561,1,0.7,0.7015333725724379
rxn_1_562,1,0.44,0.6371232588728007
rxn_1_563,1,0.39,0.6288065874320866
rxn_1_564,1,0.3,0.4614638099980435
rxn_1_565,1,0.38,0.5088589322041353
rxn_1_566,1,0.44,0.5307844999276784
rxn_1_567,1,0.72,0.7197517153689654
rxn_1_568,1,0.35,0.6572336341378421
rxn_1_569,1,0.19,0.49833826264888553
rxn_1_570,1,0.88,0.6810393524502919
rxn_1_571,1,0.39,0.5377896764116655
rxn_1_572,1,0.251,0.5460063181835294
rxn_1_573,1,0.576,0.4207799337319404
rxn_1_574,1,0.1337,0.51469538162417
rxn_1_575,1,0.93,0.7393715859179489
rxn_1_576,1,0.46,0.5162868421320675
rxn_1_577,1,0.49,0.4840113147178266
rxn_1_578,1,0.83,0.8152419014324718
rxn_1_579,1,0.8,0.6158874360663958
rxn_1_580,1,0.48,0.6361555415646719
rxn_1_581,1,0.27,0.5664080681428207
rxn_1_582,1,0.46,0.5687966848809577
rxn_1_583,1,0.64,0.5198675601596047
rxn_1_584,1,0.59,0.46736968516256905
rxn_1_585,1,0.07,0.39203073169607966
rxn_1_586,1,0.44,0.5954288921919664
rxn_1_587,1,0.16,0.4251869779599364
rxn_1_588,1,0.67,0.5495012889483859
rxn_1_589,1,0.07,0.24116098493849605
rxn_1_590,1,0.58,0.7219379710856156
rxn_1_591,1,0.55,0.4998559581075022
rxn_1_592,1,0.8,0.5644480852970202
rxn_1_593,1,0.51,0.45887936570319315
rxn_1_594,1,0.25,0.7920234401916838
rxn_1_595,1,0.49,0.4160766682626447
rxn_1_596,1,0.31,0.6187452876441465
rxn_1_597,1,0.42,0.6539727479665473
rxn_1_598,1,0.6828,0.7028528235550762
rxn_1_599,1,0.85,0.66412711847805
rxn_1_600,1,0.63,0.5250625585769751
rxn_1_601,1,0.28,0.4865192236151719
rxn_1_602,1,0.88,0.6584306545185744
rxn_1_603,1,0.88,0.7040891815570066
rxn_1_604,1,0.74,0.6340698935114181
rxn_1_605,1,0.8,0.7941273356034738
rxn_1_606,1,0.49,0.5728814427613004
rxn_1_607,1,0.8,0.6695672859898146
rxn_1_608,1,0.894,0.8640277666547744
rxn_1_609,1,0.6,0.5507824727800624
rxn_1_610,1,0.46,0.6982465231253231
rxn_1_611,1,0.71,0.5952486147561363
rxn_1_612,1,0.76,0.6592303005447487
rxn_1_613,1,0.64,0.5223083190221893
rxn_1_614,1,0.367,0.5769456118411099
rxn_1_615,1,0.6,0.49762856022444163
rxn_1_616,1,0.75,0.4564830767984038
rxn_1_617,1,0.27,0.45961926799710356
rxn_1_618,1,0.42,0.5244122216158521
rxn_1_619,1,0.95,0.7310553414595379
rxn_1_620,1,0.22,0.4889532999107306
rxn_1_621,1,0.1,0.36295033999682697
rxn_1_622,1,0.44,0.4579095214952929
rxn_1_623,1,0.58,0.5721563622895501
rxn_1_624,1,0.56,0.5400368470511739
rxn_1_625,1,0.64,0.6245202603896308
rxn_1_626,1,0.19,0.2606730924699511
rxn_1_627,1,0.5,0.3587927932548511
rxn_1_628,1,0.0087,0.3734296102685106
rxn_1_629,1,0.73,0.7091514463700926
rxn_1_630,1,0.04,0.4954362947560101
rxn_1_631,1,0.4,0.7469182285321789
rxn_1_632,1,0.341,0.60105870403572
rxn_1_633,1,0.83,0.733302551451278
rxn_1_634,1,0.22,0.4063618225918552
rxn_1_635,1,0.16,0.6068164081563231
rxn_1_636,1,0.49,0.5985420764659796
rxn_1_637,1,0.51,0.7070108169475647
rxn_1_638,1,0.659,0.5543346377005138
rxn_1_639,1,0.661,0.8624886562701614
rxn_1_640,1,0.68,0.6323661077697047
rxn_1_641,1,0.75,0.6337990718992951
rxn_1_642,1,0.95,0.7031536948691043
rxn_1_643,1,0.89,0.7684907247834462
rxn_1_644,1,0.5,0.5530694590719315
rxn_1_645,1,0.83,0.7364920312612492
rxn_1_646,1,0.6097,0.47909775876468613
rxn_1_647,1,0.3,0.5438620953479755
rxn_1_648,1,0.81,0.7183898984258948
rxn_1_649,1,0.31,0.5091790606293328
rxn_1_650,1,0.8,0.6571276704195845
rxn_1_651,1,0.77,0.7933515793767595
rxn_1_652,1,0.56,0.38101180196128165
rxn_1_653,1,0.23,0.5171511024363444
rxn_1_654,1,0.68,0.7246479872817466
rxn_1_655,1,0.68,0.7042798111463423
rxn_1_656,1,0.8,0.5907451232215415
rxn_1_657,1,0.8,0.7832474473963554
rxn_1_658,1,0.81,0.3567956143106394
rxn_1_659,1,0.73,0.5596834923539347
rxn_1_660,1,0.66,0.6071650071943079
rxn_1_661,1,0.55,0.7246497348365543
rxn_1_662,1,0.59,0.5151930511912827
rxn_1_663,1,0.75,0.7135585420080344
rxn_1_664,1,0.4705,0.5728599002378724
rxn_1_665,1,0.53,0.48377304084636236
rxn_1_666,1,0.75,0.6540619850155504
rxn_1_667,1,0.024,0.5078902916885589
rxn_1_668,1,1.0,0.7340138641107395
rxn_1_669,1,0.96,0.8214986875952429
rxn_1_670,1,0.72,0.6157915578288021
rxn_1_671,1,0.43,0.627163867334489
rxn_1_672,1,0.49,0.5189156204121076
rxn_1_673,1,0.55,0.5199656378050463
rxn_1_674,1,0.44,0.6211247999705107
rxn_1_675,1,0.95,0.8689569460316412
rxn_1_676,1,0.5,0.70942364482284
rxn_1_677,1,0.976,0.8092232820817752
rxn_1_678,1,0.917,0.7581603861674205
rxn_1_679,1,0.79,0.7493932336553263
rxn_1_680,1,0.43,0.7090546999514101
rxn_1_681,1,0.59,0.6415251086138972
rxn_1_682,1,0.878,0.7068774697841183
rxn_1_683,1,0.54,0.6676823175147842
rxn_1_684,1,0.515,0.6706135650324558
rxn_1_685,1,0.62,0.41630227211255416
rxn_1_686,1,0.86,0.7878019186906015
rxn_1_687,1,0.09,0.23832769996617423
rxn_1_688,1,0.8,0.8157674931719708
rxn_1_689,1,0.614,0.7511870617164313
rxn_1_690,1,0.9541,0.5811096570743456
rxn_1_691,1,0.32,0.5115673243656027
rxn_1_692,1,0.33,0.49658433569853844
rxn_1_693,1,0.63,0.5843550589570351
rxn_1_694,1,0.97,0.8218415447246198
rxn_1_695,1,0.38,0.5932673841531347
rxn_1_696,1,0.57,0.7082298791169513
rxn_1_697,1,0.97,0.8862728042930934
rxn_1_698,1,0.49,0.481162268968052
rxn_1_699,1,0.77,0.5451391341658662
rxn_1_700,1,0.555,0.5169296964725851
rxn_1_701,1,0.59,0.5629892381420135
rxn_1_702,1,0.62,0.7125634757593845
rxn_1_703,1,0.1395,0.2614553065741282
rxn_1_704,1,0.7269,0.7626903090699307
rxn_1_705,1,0.658,0.6080659950603401
rxn_1_706,1,0.74,0.6609760792459453
rxn_1_707,1,0.97,0.6749808341828398
rxn_1_708,1,0.1,0.4181059510190108
rxn_1_709,1,0.44,0.5353874293907822
rxn_1_710,1,0.165,0.718059168707838
rxn_1_711,1,0.02,0.40837111003868704
rxn_1_712,1,0.45,0.565723027540446
rxn_1_713,1,0.7,0.5511715992836337
rxn_1_714,1,0.7,0.6799018289583291
rxn_1_715,1,0.97,0.7611948290264118
rxn_1_716,1,0.714,0.6605815034415988
rxn_1_717,1,0.883,0.7769650313181176
rxn_1_718,1,0.47,0.6348290347636557
rxn_1_719,1,0.92,0.8191249341543664
rxn_1_720,1,0.18,0.5117781748133362
rxn_1_721,1,0.7,0.7207243103985501
rxn_1_722,1,0.631,0.6632051420511832
rxn_1_723,1,0.78,0.4943535300704563
rxn_1_724,1,0.55,0.61172579334015
rxn_1_725,1,0.238,0.728438164329439
rxn_1_726,1,0.89,0.653687205312456
rxn_1_727,1,0.593,0.5337336601235751
rxn_1_728,1,0.84,0.8013155997622539
rxn_1_729,1,0.56,0.5821828277852151
rxn_1_730,1,0.7,0.6364300318754953
rxn_1_731,1,0.77,0.7795979221233865
rxn_1_732,1,0.59,0.5980195467062326
rxn_1_733,1,0.64,0.7159605055173506
rxn_1_734,1,0.44,0.5381453184340661
rxn_1_735,1,0.99,0.8888064990864635
rxn_1_736,1,0.27,0.49542193930259465
rxn_1_737,1,0.89,0.6755148153164803
rxn_1_738,1,0.78,0.7506101543112917
rxn_1_739,1,0.04,0.48657643018250957
rxn_1_740,1,0.95,0.7793427602475385
rxn_1_741,1,0.7,0.6128075105293987
rxn_1_742,1,0.71,0.7019165929990372
rxn_1_743,1,0.32,0.4599710374828719
rxn_1_744,1,0.99,0.8043214023199091
rxn_1_745,1,0.79,0.7118771613084611
rxn_1_746,1,0.953,0.6562866618788024
rxn_1_747,1,0.5,0.4905752595185804
rxn_1_748,1,0.85,0.7326431437044557
rxn_1_749,1,0.63,0.7701825079230433
rxn_1_750,1,0.18,0.48809149120280865
rxn_1_751,1,0.94,0.8347916503647047
rxn_1_752,1,0.81,0.5960116173719324
rxn_1_753,1,0.8,0.7044109128306476
rxn_1_754,1,0.64,0.6884085728217659
rxn_1_755,1,0.97,0.5815251810269855
rxn_1_756,1,0.14,0.5946638426577426
rxn_1_757,1,0.76,0.7748416865640454
rxn_1_758,1,0.7,0.6630148031531314
rxn_1_759,1,0.93,0.697863347540722
rxn_1_760,1,0.11,0.49310457816658637
rxn_1_761,1,0.99,0.7742342522430997
rxn_1_762,1,0.77,0.614421627192999
rxn_1_763,1,0.569,0.6394485319523217
rxn_1_764,1,0.763,0.7182878728025596
rxn_1_765,1,0.82,0.6944879018207007
rxn_1_766,1,0.03,0.2833241616886828
rxn_1_767,1,0.99,0.8401943423502537
rxn_1_768,1,0.55,0.7132470187638833
rxn_1_769,1,0.795,0.7468646623963765
rxn_1_770,1,0.94,0.7386506181798639
rxn_1_771,1,0.99,0.7057970990941235
rxn_1_772,1,0.81,0.46280477771999023
rxn_1_773,1,0.778,0.693472420302994
rxn_1_774,1,0.58,0.6048105973834709
rxn_1_775,1,0.25,0.4402474190285586
rxn_1_776,1,0.75,0.6256083920804463
rxn_1_777,1,0.69,0.6961141712202172
rxn_1_778,1,0.89,0.8116225325243631
rxn_1_779,1,0.79,0.7408600298151607
rxn_1_780,1,0.47,0.4969556134392601
rxn_1_781,1,0.89,0.7784818082043478
rxn_1_782,1,0.427,0.5862364423437966
rxn_1_783,1,0.47,0.6085074192403712
rxn_1_784,1,0.45,0.6233084454254024
rxn_1_785,1,0.936,0.7988483640043594
rxn_1_786,1,0.73,0.5359933198870861
rxn_1_787,1,0.56,0.6597688028280355
rxn_1_788,1,0.61,0.6546829849448833
rxn_1_789,1,0.85,0.8501834834037929
rxn_1_790,1,0.69,0.6076325526505849
rxn_1_791,1,0.88,0.7533076677021399
rxn_1_792,1,0.45,0.5350654520695862
rxn_1_793,1,0.6,0.5547059795080443
rxn_1_794,1,0.13,0.4373114106224158
rxn_1_795,1,0.64,0.7361878742767057
rxn_1_796,1,0.67,0.4683202175850278
rxn_1_797,1,0.86,0.7532642093598639
rxn_1_798,1,0.44,0.6528221475059707
rxn_1_799,1,0.4,0.851537228729702
rxn_1_800,1,0.76,0.6885550826523485
rxn_1_801,1,0.34,0.5215127289227411
rxn_1_802,1,0.67,0.5169613452111921
rxn_1_803,1,0.69,0.7962416849642739
rxn_1_804,1,0.34,0.4593386476753439
rxn_1_805,1,0.65,0.49221617005304036
rxn_1_806,1,0.89,0.6802597449562158
rxn_1_807,1,0.62,0.7182910779870045
rxn_1_808,1,0.59,0.4909999187798905
rxn_1_809,1,0.89,0.7803602215470894
rxn_1_810,1,0.4693,0.553117498272703
rxn_1_811,1,0.67,0.5290079557995994
rxn_1_812,1,0.58,0.566603509126356
rxn_1_813,1,0.71,0.4759910878473283
rxn_1_814,1,0.58,0.5670935654737955
rxn_1_815,1,0.2,0.3977426087690789
rxn_1_816,1,0.85,0.7819579325402564
rxn_1_817,1,0.91,0.6580648515285547
rxn_1_818,1,0.98,0.9843321514415444
rxn_1_819,1,0.86,0.5840186682983116
rxn_1_820,1,0.81,0.6253660585036196
rxn_1_821,1,0.52,0.6012187169064874
rxn_1_822,1,0.44,0.6557652715628985
rxn_1_823,1,0.917,0.856858807431168
rxn_1_824,1,0.4,0.6151791731499185
rxn_1_825,1,0.3,0.6531731492344686
rxn_1_826,1,0.74,0.6820905782900706
rxn_1_827,1,0.97,0.8444650295473313
rxn_1_828,1,0.99,0.7696488731775704
rxn_1_829,1,0.43,0.5093906941803605
rxn_1_830,1,0.37,0.4790766647927702
rxn_1_831,1,0.79,0.6928101574642529
rxn_1_832,1,0.46,0.5827738939931781
rxn_1_833,1,0.79,0.5765171746734344
rxn_1_834,1,0.49,0.49966755996478257
rxn_1_835,1,1.0,0.7035981064143586
rxn_1_836,1,0.92,0.8795165648406292
rxn_1_837,1,0.85,0.8366491313507317
rxn_1_838,1,0.7347,0.7813160731736554
rxn_1_839,1,0.63,0.6794403156768875
rxn_1_840,1,0.72,0.6510264308906824
rxn_1_841,1,0.51,0.39501035786004035
rxn_1_842,1,0.52,0.5483883047352626
rxn_1_843,1,0.83,0.7340653853464625
rxn_1_844,1,0.55,0.6633310256947247
rxn_1_845,1,0.11,0.5971366702816349
rxn_1_846,1,0.4,0.6678432096959127
rxn_1_847,1,0.463,0.6148811726840485
rxn_1_848,1,0.88,0.8420705710105821
rxn_1_849,1,0.97,0.6646492587723268
rxn_1_850,1,0.53,0.5519103185710184
rxn_1_851,1,0.1344,0.41695375660565315
rxn_1_852,1,0.2295,0.5705906580305385
rxn_1_853,1,0.77,0.8670188014483188
rxn_1_854,1,0.43,0.5255893671986591
rxn_1_855,1,0.55,0.6295934697254597
rxn_1_856,1,0.78,0.5842039555550392
rxn_1_857,1,0.88,0.7212921201903207
rxn_1_858,1,0.47,0.5871605263476004
rxn_1_859,1,0.59,0.5341666383029787
rxn_1_860,1,0.61,0.6681562145035755
rxn_1_861,1,0.49,0.6155119840706543
rxn_1_862,1,0.81,0.7094309318970989
rxn_1_863,1,0.78,0.7324356115835009
rxn_1_864,1,0.95,0.7840239438551976
rxn_1_865,1,0.9,0.7210029901632463
rxn_1_866,1,0.52,0.6296681119765558
rxn_1_867,1,0.81,0.7204640679552865
rxn_1_868,1,0.88,0.6754778246932829
rxn_1_869,1,0.99,0.8376542669877723
rxn_1_870,1,0.93,0.6882259324295715
rxn_1_871,1,0.312,0.5764453493129725
rxn_1_872,1,0.311,0.26096060528487164
rxn_1_873,1,0.369,0.4111451101710902
rxn_1_874,1,0.35,0.7164805726083042
rxn_1_875,1,0.8,0.7723934603938857
rxn_1_876,1,0.62,0.433339172898841
rxn_1_877,1,0.74,0.7455893942604389
rxn_1_878,1,0.66,0.5746814465768278
rxn_1_879,1,0.38,0.6639993917203569
rxn_1_880,1,0.72,0.6742844253457899
rxn_1_881,1,0.79,0.6555458150063419
rxn_1_882,1,0.35,0.5771996771511911
rxn_1_883,1,0.87,0.769826697652959
rxn_1_884,1,0.463,0.4417614510150531
rxn_1_885,1,0.92,0.8439035752091688
rxn_1_886,1,0.5725,0.5693410810976961
rxn_1_887,1,0.46,0.5714953945707969
rxn_1_888,1,0.58,0.5002440301149264
rxn_1_889,1,0.65,0.763387146498857
rxn_1_890,1,0.2206,0.43970757059862536
rxn_1_891,1,0.19,0.4368831112666167
rxn_1_892,1,0.78,0.7428200524389533
rxn_1_893,1,0.94,0.629363437682207
rxn_1_894,1,0.65,0.6294063596942598
rxn_1_895,1,0.91,0.7760238214897462
rxn_1_896,1,0.75,0.6430057045695189
rxn_1_897,1,0.587,0.6596160493954747
rxn_1_898,1,0.53,0.6431149094844059
rxn_1_899,1,0.94,0.8693326094639214
rxn_1_900,1,0.14,0.5733300947268432
rxn_1_901,1,0.74,0.7269409467458696
rxn_1_902,1,0.081,0.4977861210781076
rxn_1_903,1,0.4,0.6934137298351982
rxn_1_904,1,0.24,0.40103418129353113
rxn_1_905,1,0.33,0.4901857334636987
rxn_1_906,1,0.76,0.5253356010865681
rxn_1_907,1,0.96,0.813289057879557
rxn_1_908,1,0.89,0.6448995034194174
rxn_1_909,1,0.62,0.6775304527347537
rxn_1_910,1,0.38,0.47155171059909634
rxn_1_911,1,0.25,0.15995957531390737
rxn_1_912,1,0.834,0.8517424799164196
rxn_1_913,1,0.79,0.7186683572883389
rxn_1_914,1,0.456,0.3281758029588235
rxn_1_915,1,0.68,0.6905006751803896
rxn_1_916,1,0.05,0.19410345425659525
rxn_1_917,1,0.84,0.7398304863006223
rxn_1_918,1,0.94,0.577679594036602
rxn_1_919,1,0.55,0.5740590378354736
rxn_1_920,1,0.61,0.5736748919563253
rxn_1_921,1,0.36,0.6261285936878163
rxn_1_922,1,0.94,0.8805981073304942
rxn_1_923,1,0.48,0.4903091873355842
rxn_1_924,1,0.72,0.7896738526045675
rxn_1_925,1,0.2,0.17886425094751926
rxn_1_926,1,0.7,0.5755240057205278
rxn_1_927,1,0.39,0.6680851685566561
rxn_1_928,1,0.42,0.7179827413631447
rxn_1_929,1,0.4,0.5025379018636081
rxn_1_930,1,0.95,0.8288934269608732
rxn_1_931,1,0.87,0.60931520907311
rxn_1_932,1,0.78,0.6300206897106315
rxn_1_933,1,0.76,0.917473590563449
rxn_1_934,1,0.84,0.8338919163367376
rxn_1_935,1,0.48,0.6366441783081267
rxn_1_936,1,0.03,0.16753641603129718
rxn_1_937,1,0.55,0.7327485768899614
rxn_1_938,1,1.0,0.7514713712440207
rxn_1_939,1,0.47,0.4818163800054382
rxn_1_940,1,0.42,0.5219017629944793
rxn_1_941,1,0.98,0.9179224934539792
rxn_1_942,1,0.77,0.6288610781506385
rxn_1_943,1,0.854,0.6447815577021009
rxn_1_944,1,0.49,0.4209332903973535
rxn_1_945,1,0.34,0.4882611883033439
rxn_1_946,1,0.81,0.630023694254247
rxn_1_947,1,0.71,0.6475378889819451
rxn_1_948,1,0.24,0.6858070079658773
rxn_1_949,1,0.24,0.4256862160906753
rxn_1_950,1,0.6734,0.711910903494697
rxn_1_951,1,0.2,0.494704362679554
rxn_1_952,1,0.35,0.5194596781614038
rxn_1_953,1,0.82,0.7377683986532778
rxn_1_954,1,0.83,0.6870347742889708
rxn_1_955,1,0.69,0.507201407049564
rxn_1_956,1,0.806,0.789485578135872
rxn_1_957,1,0.73,0.7495455806022672
rxn_1_958,1,0.33,0.6806042584865118
rxn_1_959,1,0.6,0.4574033312374192
rxn_1_960,1,0.31,0.46470767551075515
rxn_1_961,1,0.2,0.7147269328959948
rxn_1_962,1,0.44,0.40374669031155747
rxn_1_963,1,0.66,0.7323905139766994
rxn_1_964,1,0.87,0.8112232016415227
rxn_1_965,1,0.76,0.6562642762969942
rxn_1_966,1,0.26,0.5607371032060303
rxn_1_967,1,0.87,0.8060458019843729
rxn_1_968,1,0.999,0.7027613327305229
rxn_1_969,1,0.5,0.5507306809290277
rxn_1_970,1,0.45,0.6171770923101366
rxn_1_971,1,0.22,0.6424846939626713
rxn_1_972,1,0.77,0.593898693594321
rxn_1_973,1,0.76,0.7324787645736969
rxn_1_974,1,0.91,0.7616901316215222
rxn_1_975,1,0.97,0.7638058953544378
rxn_1_976,1,0.77,0.6572294673125436
rxn_1_977,1,0.39,0.38819336829163614
rxn_1_978,1,0.92,0.626620656270714
rxn_1_979,1,0.18,0.33057722537096784
rxn_1_980,1,0.56,0.38148266059963465
rxn_1_981,1,0.942,0.7500813250486532
rxn_1_982,1,0.4,0.7401422074059919
rxn_1_983,1,0.56,0.5554463771822308
rxn_1_984,1,0.07,0.3268456085628088
rxn_1_985,1,0.38,0.5515624865136407
rxn_1_986,1,0.41,0.6702638468648686
rxn_1_987,1,0.2,0.598308912720868
rxn_1_988,1,0.66,0.5773221043393838
rxn_1_989,1,0.96,0.7391291738413895
rxn_1_990,1,0.8,0.7900278212439152
rxn_1_991,1,0.43,0.604202736116077
rxn_1_992,1,0.84,0.7261209162908498
rxn_1_993,1,0.91,0.7930628133061841
rxn_1_994,1,0.45,0.5189518349012604
rxn_1_995,1,0.39,0.4569524069919961
rxn_1_996,1,0.63,0.4924830262011466
rxn_1_997,1,0.49,0.6128054940005696
rxn_1_998,1,0.94,0.7357756659176875
rxn_1_999,1,0.9,0.6171073641120747
rxn_1_1000,1,0.2,0.7152822345992949
rxn_1_1001,1,0.35,0.4300998078278048
rxn_1_1002,1,0.87,0.5527329030545824
rxn_1_1003,1,0.62,0.8175331466170155
rxn_1_1004,1,0.72,0.7974602426739089
rxn_1_1005,1,0.68,0.5689594599696582
rxn_1_1006,1,0.99,0.9089815362308098
rxn_1_1007,1,0.7599,0.7107036170885422
rxn_1_1008,1,0.72,0.5233762246967993
rxn_1_1009,1,0.98,0.677883005089043
rxn_1_1010,1,0.94,0.7329848379970202
rxn_1_1011,1,0.37,0.4041970026948214
rxn_1_1012,1,0.65,0.7253246218497184
rxn_1_1013,1,0.23,0.3757615646113042
rxn_1_1014,1,0.94,0.5895660020585914
rxn_1_1015,1,0.588,0.6868057439236849
rxn_1_1016,1,0.4,0.5342699160556744
rxn_1_1017,1,0.05,0.42041759745884866
rxn_1_1018,1,0.738,0.6919374837089659
rxn_1_1019,1,0.19,0.5510951215539347
rxn_1_1020,1,1.0,0.6049037869008435
rxn_1_1021,1,0.64,0.677011148373988
rxn_1_1022,1,0.94,0.8314091141784393
rxn_1_1023,1,0.74,0.5906884437175014
rxn_1_1024,1,0.58,0.5789811773497934
rxn_1_1025,1,0.56,0.5870251522467217
rxn_1_1026,1,0.86,0.8443126865682284
rxn_1_1027,1,0.92,0.7658100040460308
rxn_1_1028,1,0.413,0.7267667252992006
rxn_1_1029,1,0.87,0.797811294223055
rxn_1_1030,1,0.77,0.7792745971909198
rxn_1_1031,1,0.87,0.7346481961559433
rxn_1_1032,1,0.61,0.5964238976288487
rxn_1_1033,1,0.35,0.6174232491773614
rxn_1_1034,1,0.22,0.33157037271131723
rxn_1_1035,1,0.663,0.6880870406982394
rxn_1_1036,1,0.65,0.6318108868889586
rxn_1_1037,1,0.76,0.744468613037936
rxn_1_1038,1,0.53,0.6571313467521246
rxn_1_1039,1,0.43,0.8673620151311227
rxn_1_1040,1,0.42,0.5880158529843983
rxn_1_1041,1,0.64,0.6872550582869584
rxn_1_1042,1,0.95,0.874954333275399
rxn_1_1043,1,0.288,0.5364745990424309
rxn_1_1044,1,0.27,0.6424339822542694
rxn_1_1045,1,0.83,0.6842377467065296
rxn_1_1046,1,0.46,0.6553612451640266
rxn_1_1047,1,0.86,0.8056537011232784
rxn_1_1048,1,0.417,0.6524777631543778
rxn_1_1049,1,0.98,0.9243985697517726
rxn_1_1050,1,0.13,0.5411170674613779
rxn_1_1051,1,0.9189,0.6339215249564797
rxn_1_1052,1,0.35,0.5114604807919227
rxn_1_1053,1,0.57,0.6105290661438897
rxn_1_1054,1,0.82,0.698517740764101
rxn_1_1055,1,0.64,0.663626985806138
rxn_1_1056,1,0.87,0.8264884080487492
rxn_1_1057,1,0.307,0.4387167115351096
rxn_1_1058,1,0.63,0.39074989686793743
rxn_1_1059,1,0.05,0.3949213793446084
rxn_1_1060,1,0.88,0.6642307094656217
rxn_1_1061,1,0.43,0.41573935389428157
rxn_1_1062,1,0.93,0.7350011170900966
rxn_1_1063,1,0.27,0.49856798361743976
rxn_1_1064,1,0.6,0.5426681940250506
rxn_1_1065,1,0.55,0.5494530380318654
rxn_1_1066,1,0.38,0.5820639331528646
rxn_1_1067,1,0.51,0.627538567163287
rxn_1_1068,1,0.652,0.6924394031351957
rxn_1_1069,1,0.88,0.6802051761552255
rxn_1_1070,1,0.071,0.48697571116541116
rxn_1_1071,1,0.18,0.5487344477796364
rxn_1_1072,1,0.42,0.5949663665943877
rxn_1_1073,1,0.84,0.6582248277629072
rxn_1_1074,1,0.97,0.9131468405866953
rxn_1_1075,1,0.56,0.5272255211407454
rxn_1_1076,1,0.5,0.5706336977157724
rxn_1_1077,1,0.675,0.6819670402497217
rxn_1_1078,1,0.73,0.5526880170917968
rxn_1_1079,1,0.827,0.5957902981049573
rxn_1_1080,1,0.38,0.6184690893977633
rxn_1_1081,1,0.94,0.8666368971992763
rxn_1_1082,1,0.73,0.5948160236155938
rxn_1_1083,1,0.9213,0.8113741972053804
rxn_1_1084,1,0.865,0.577735895302987
rxn_1_1085,1,0.5902,0.5644348967084591
rxn_1_1086,1,0.94,0.7734443145917412
rxn_1_1087,1,0.15,0.5518311868074316
rxn_1_1088,1,0.81,0.7054637282500426
rxn_1_1089,1,0.45,0.5806326396857712
rxn_1_1090,1,0.6,0.6219411067574793
rxn_1_1091,1,0.751,0.63330455697516
rxn_1_1092,1,0.72,0.5544967098131667
rxn_1_1093,1,0.6,0.5656206052920808
rxn_1_1094,1,0.73,0.5613746593413639
rxn_1_1095,1,0.39,0.48305346733246113
rxn_1_1096,1,0.96,0.7198576835380592
rxn_1_1097,1,0.13,0.7231679184069245
rxn_1_1098,1,0.78,0.7343264856355947
rxn_1_1099,1,0.36,0.5314801551158386
rxn_1_1100,1,0.94,0.8056958681926515
rxn_1_1101,1,0.92,0.6993702458303455
rxn_1_1102,1,0.76,0.5747830476876951
rxn_1_1103,1,0.91,0.7474596296087705
rxn_1_1104,1,0.65,0.7004587030925041
rxn_1_1105,1,0.14,0.3989946374283724
rxn_1_1106,1,0.96,0.7285597831220562
rxn_1_1107,1,0.7,0.6987776594247368
rxn_1_1108,1,0.892,0.828701515706496
rxn_1_1109,1,0.84,0.7769942653955741
rxn_1_1110,1,0.63,0.3871789315835177
rxn_1_1111,1,0.43,0.7226261215206072
rxn_1_1112,1,0.17,0.21634898483295126
rxn_1_1113,1,0.62,0.5323237971817497
rxn_1_1114,1,0.89,0.8111359237814005
rxn_1_1115,1,0.3,0.39317087902762077
rxn_1_1116,1,0.71,0.5779571111763725
rxn_1_1117,1,0.55,0.45377942543844113
rxn_1_1118,1,0.54,0.7855934584937958
rxn_1_1119,1,0.72,0.6304146957215905
rxn_1_1120,1,0.69,0.6328372487121069
rxn_1_1121,1,0.8,0.26305235985665004
rxn_1_1122,1,0.18,0.40390585787619065
rxn_1_1123,1,0.76,0.6614256665475405
rxn_1_1124,1,0.34,0.5729163473065488
rxn_1_1125,1,0.73,0.44807303720412106
rxn_1_1126,1,0.53,0.5939975616440871
rxn_1_1127,1,0.8,0.6115776969252152
rxn_1_1128,1,0.8,0.8515093878184378
rxn_1_1129,1,0.45,0.40229200704943047
rxn_1_1130,1,0.65,0.7910290667269725
rxn_1_1131,1,0.52,0.578329071399693
rxn_1_1132,1,0.4,0.5504207635459949
rxn_1_1133,1,0.59,0.46565234979772757
rxn_1_1134,1,0.72,0.2168793044025297
rxn_1_1135,1,0.51,0.8777808873985767
rxn_1_1136,1,0.554,0.7940289672536496
rxn_1_1137,1,0.86,0.7573949696206762
rxn_1_1138,1,0.12,0.47996214514489904
rxn_1_1139,1,0.32,0.5757163508868294
rxn_1_1140,1,0.63,0.5377200894172195
rxn_1_1141,1,0.14,0.5068210328545836
rxn_1_1142,1,0.183,0.5134043702806791
rxn_1_1143,1,0.78,0.601630175306158
rxn_1_1144,1,0.69,0.620069085695942
rxn_1_1145,1,0.87,0.6895542773892892
rxn_1_1146,1,0.31,0.6072917610084602
rxn_1_1147,1,0.72,0.7813017937903505
rxn_1_1148,1,0.74,0.5535104897507548
rxn_1_1149,1,0.95,0.6444439646747183
rxn_1_1150,1,0.93,0.9103512134797084
rxn_1_1151,1,0.83,0.5650407747419124
rxn_1_1152,1,0.98,0.7237232409457853
rxn_1_1153,1,0.93,0.8989161974457472
rxn_1_1154,1,0.423,0.5245089886832466
rxn_1_1155,1,0.53,0.8392284828717567
rxn_1_1156,1,0.11,0.5791724860554697
rxn_1_1157,1,0.41,0.46678301230581143
rxn_1_1158,1,0.81,0.8064378378716288
rxn_1_1159,1,0.82,0.6250138558496263
rxn_1_1160,1,0.92,0.7385292777831262
rxn_1_1161,1,0.33,0.38381310595936163
rxn_1_1162,1,0.85,0.46053193603354514
rxn_1_1163,1,0.5,0.8099614382586848
rxn_1_1164,1,0.9,0.6630602784561676
rxn_1_1165,1,0.85,0.7396798429946938
rxn_1_1166,1,0.82,0.6918251363341313
rxn_1_1167,1,0.79,0.5997001711576896
rxn_1_1168,1,0.538,0.23992147389623233
rxn_1_1169,1,0.24,0.5607800029362973
rxn_1_1170,1,0.13,0.5425544992619581
rxn_1_1171,1,0.23,0.32851974129210904
rxn_1_1172,1,0.11,0.431057246967767
rxn_1_1173,1,0.14,0.521572105896031
rxn_1_1174,1,0.81,0.43895322738698545
rxn_1_1175,1,0.66,0.5741498246429612
rxn_1_1176,1,0.38,0.6072367635319886
rxn_1_1177,1,0.66,0.6483950540413365
rxn_1_1178,1,0.92,0.8125457965947281
rxn_1_1179,1,0.64,0.3753487254297471
rxn_1_1180,1,0.74,0.5617931449174666
rxn_1_1181,1,0.59,0.6005028923115759
rxn_1_1182,1,0.75,0.6783340142776808
rxn_1_1183,1,0.58,0.9085518106097781
rxn_1_1184,1,0.2,0.5321477652937309
rxn_1_1185,1,0.96,0.5432598482648084
rxn_1_1186,1,0.13,0.3768512373518655
rxn_1_1187,1,0.83,0.8052277884003498
rxn_1_1188,1,0.48,0.5199500388565014
rxn_1_1189,1,0.76,0.8229082221360514
rxn_1_1190,1,0.65,0.5754706526689822
rxn_1_1191,1,0.65,0.8220935298615518
rxn_1_1192,1,0.8,0.6523468475473493
rxn_1_1193,1,0.76,0.6771020272357907
rxn_1_1194,1,0.79,0.6502552787755674
rxn_1_1195,1,0.82,0.8090918389976592
rxn_1_1196,1,0.706,0.7185290460271712
rxn_1_1197,1,0.57,0.6175379515222948
rxn_1_1198,1,0.377,0.4266233037695208
rxn_1_1199,1,0.43,0.3807571400860439
rxn_1_1200,1,0.99,0.8301887215798139
rxn_1_1201,1,0.1,0.46387999342641045
rxn_1_1202,1,0.78,0.6107621486192023
rxn_1_1203,1,0.79,0.6251811411355345
rxn_1_1204,1,0.96,0.8496622185504942
rxn_1_1205,1,0.28,0.7108324868705168
rxn_1_1206,1,0.4,0.48271719404320795
rxn_1_1207,1,0.8,0.7239184458072495
rxn_1_1208,1,0.37,0.47131388889170767
rxn_1_1209,1,0.81,0.5468295277958384
rxn_1_1210,1,0.71,0.7162952179250698
rxn_1_1211,1,0.7,0.6031581770167623
rxn_1_1212,1,0.625,0.6346176499763813
rxn_1_1213,1,0.58,0.5261088662665973
rxn_1_1214,1,0.37,0.42161821016806345
rxn_1_1215,1,0.86,0.5689409076353272
rxn_1_1216,1,0.76,0.6630074720400652
rxn_1_1217,1,0.32,0.6633426010959953
rxn_1_1218,1,0.1,0.3205298314590446
rxn_1_1219,1,0.685,0.44511191553464063
rxn_1_1220,1,0.97,0.9459619991677739
rxn_1_1221,1,0.99,0.7902299708969188
rxn_1_1222,1,0.72,0.710051059879537
rxn_1_1223,1,0.286,0.44470852854720516
rxn_1_1224,1,0.62,0.6719259861982175
rxn_1_1225,1,0.58,0.7053689018424499
rxn_1_1226,1,0.23,0.3698528430719181
rxn_1_1227,1,0.89,0.7922951537210462
rxn_1_1228,1,0.735,0.5624544954008576
rxn_1_1229,1,0.54,0.5517456162329749
rxn_1_1230,1,0.92,0.853654065811571
rxn_1_1231,1,0.5,0.6313764402854053
rxn_1_1232,1,0.92,0.7807596249302472
rxn_1_1233,1,0.34,0.587958612294799
rxn_1_1234,1,0.73,0.4524176241327833
rxn_1_1235,1,0.94,0.6969568185864067
rxn_1_1236,1,0.74,0.6956451534173583
rxn_1_1237,1,0.4,0.6767325136353605
rxn_1_1238,1,0.18,0.4191015895537153
rxn_1_1239,1,0.79,0.7376859697038386
rxn_1_1240,1,0.72,0.7482310873985961
rxn_1_1241,1,0.3,0.48542048083119393
rxn_1_1242,1,0.79,0.7249909363317407
rxn_1_1243,1,0.9,0.7155168472198784
rxn_1_1244,1,0.84,0.5191150303469997
rxn_1_1245,1,0.56,0.6667479321273447
rxn_1_1246,1,0.66,0.6517135523317849
rxn_1_1247,1,0.82,0.711509653331405
rxn_1_1248,1,0.87,0.44469644423059096
rxn_1_1249,1,0.2,0.3591733500020364
rxn_1_1250,1,0.8018,0.7657418365830235
rxn_1_1251,1,0.349,0.49176432075820004
rxn_1_1252,1,0.42,0.6555129595370569
rxn_1_1253,1,0.95,0.8175690408852904
rxn_1_1254,1,0.9,0.7666166420376964
rxn_1_1255,1,0.972,0.7532244675112562
rxn_1_1256,1,0.0301,0.3668030829310814
rxn_1_1257,1,0.7,0.6299698266915083
rxn_1_1258,1,0.65,0.6252518073182864
rxn_1_1259,1,0.51,0.6744256814255015
rxn_1_1260,1,0.96,0.6102896976472597
rxn_1_1261,1,0.64,0.7642380700085112
rxn_1_1262,1,0.38,0.6226547102862601
rxn_1_1263,1,0.44,0.5660244338195793
rxn_1_1264,1,0.84,0.7160878392895634
rxn_1_1265,1,0.18,0.6079019115315988
rxn_1_1266,1,0.95,0.8113038033313144
rxn_1_1267,1,0.75,0.8532817027179505
rxn_1_1268,1,0.84,0.7227070711188125
rxn_1_1269,1,0.66,0.6816744137330814
rxn_1_1270,1,0.99,0.8028585498057718
rxn_1_1271,1,0.37,0.4525263777199953
rxn_1_1272,1,0.9,0.840417937275627
rxn_1_1273,1,0.63,0.5872870789243162
rxn_1_1274,1,0.52,0.5576400699080222
rxn_1_1275,1,0.75,0.5718767372440335
rxn_1_1276,1,0.9,0.6571892762857684
rxn_1_1277,1,0.53,0.40516332365868885
rxn_1_1278,1,0.94,0.6906079856509132
rxn_1_1279,1,0.09,0.5409712843067332
rxn_1_1280,1,0.42,0.4878207065834486
rxn_1_1281,1,0.82,0.7229350753398656
rxn_1_1282,1,0.78,0.7755005836994
rxn_1_1283,1,0.9,0.6056264291473572
rxn_1_1284,1,0.77,0.7775232708706824
rxn_1_1285,1,0.92,0.8675954954676256
rxn_1_1286,1,0.13,0.4914236625522009
rxn_1_1287,1,1.0,0.8580359707027213
rxn_1_1288,1,0.72,0.7806860670064047
rxn_1_1289,1,0.3,0.5369096211413021
rxn_1_1290,1,0.32,0.6080798336599501
rxn_1_1291,1,0.1,0.5054668945795019
rxn_1_1292,1,0.95,0.8356748996815216
rxn_1_1293,1,0.99,0.8830106538777324
rxn_1_1294,1,0.04,0.3725309870934745
rxn_1_1295,1,0.55,0.7838247581432807
rxn_1_1296,1,0.9,0.8265268457178832
rxn_1_1297,1,0.2,0.6364625101746021
rxn_1_1298,1,0.89,0.8223770806944205
rxn_1_1299,1,0.695,0.6796512679396743
rxn_1_1300,1,0.78,0.6211642065497006
rxn_1_1301,1,0.83,0.6243427355256489
rxn_1_1302,1,0.55,0.5380302601613414
rxn_1_1303,1,0.75,0.7188808535057621
rxn_1_1304,1,0.36,0.5079139368855877
rxn_1_1305,1,0.84,0.8051382309833093
rxn_1_1306,1,0.75,0.5108138225253248
rxn_1_1307,1,0.788,0.745987296845943
rxn_1_1308,1,0.41,0.6456587351674833
rxn_1_1309,1,0.35,0.6549531521404851
rxn_1_1310,1,0.81,0.753173815240392
rxn_1_1311,1,0.808,0.6712242375572584
rxn_1_1312,1,0.892,0.7568341033099878
rxn_1_1313,1,0.72,0.7187095884326289
rxn_1_1314,1,0.68,0.5113265814574149
rxn_1_1315,1,0.8,0.7649871736142035
rxn_1_1316,1,0.78,0.6249378108722671
rxn_1_1317,1,0.318,0.5236476847430863
rxn_1_1318,1,0.4,0.4316664484546336
rxn_1_1319,1,0.24,0.44502718133821867
rxn_1_1320,1,0.3,0.5420558970530939
rxn_1_1321,1,0.73,0.6977792083277073
rxn_1_1322,1,0.39,0.7852557490333885
rxn_1_1323,1,0.79,0.6866442097337755
rxn_1_1324,1,0.92,0.7979733495915625
rxn_1_1325,1,0.45,0.592507237230753
rxn_1_1326,1,0.42,0.5807688934998317
rxn_1_1327,1,0.63,0.5810806368976612
rxn_1_1328,1,0.98,0.9310142200132333
rxn_1_1329,1,0.99,0.9175272798760455
rxn_1_1330,1,0.63,0.7800078948176274
rxn_1_1331,1,1.0,0.48987107659305457
rxn_1_1332,1,0.87,0.8512013134849837
rxn_1_1333,1,0.94,0.907161022935972
rxn_1_1334,1,0.2578,0.35532073550711013
rxn_1_1335,1,0.26,0.3432797899028657
rxn_1_1336,1,0.26,0.5099640727260932
rxn_1_1337,1,0.65,0.6206293026468813
rxn_1_1338,1,0.77,0.7069061886354265
rxn_1_1339,1,0.1,0.18608294251778149
rxn_1_1340,1,0.8,0.6008722741916482
rxn_1_1341,1,1.0,0.7582012872588629
rxn_1_1342,1,0.19,0.41709781195675827
rxn_1_1343,1,0.97,0.8744095710692928
rxn_1_1344,1,0.83,0.8656203652447747
rxn_1_1345,1,0.54,0.5209683438722776
rxn_1_1346,1,0.46,0.5967723089375
rxn_1_1347,1,0.87,0.8270142161209176
rxn_1_1348,1,0.707,0.7118761532080016
rxn_1_1349,1,0.99,0.8485604233736268
rxn_1_1350,1,0.6593,0.34959667017453483
rxn_1_1351,1,0.91,0.8126103361046669
rxn_1_1352,1,0.83,0.7046439725272524
rxn_1_1353,1,0.88,0.8464156931578087
rxn_1_1354,1,0.91,0.8198788359923374
rxn_1_1355,1,0.9677,0.8542312302595767
rxn_1_1356,1,0.41,0.34682446346115037
rxn_1_1357,1,0.67,0.6571933475761235
rxn_1_1358,1,0.39,0.5159814340651185
rxn_1_1359,1,0.71,0.5786303318539701
rxn_1_1360,1,0.72,0.6671319522685913
rxn_1_1361,1,0.1275,0.4455179191776919
rxn_1_1362,1,0.7,0.7128330049380129
rxn_1_1363,1,0.35,0.6232755451473158
rxn_1_1364,1,0.68,0.5915693564378256
rxn_1_1365,1,0.904,0.6708055292234621
rxn_1_1366,1,0.48,0.6251258846850073
rxn_1_1367,1,0.48,0.5228862864123662
rxn_1_1368,1,0.31,0.5943612506927795
rxn_1_1369,1,0.949,0.6614981767401805
rxn_1_1370,1,0.74,0.715554739283531
rxn_1_1371,1,0.7,0.695801708582355
rxn_1_1372,1,0.59,0.5341543275033148
rxn_1_1373,1,0.69,0.4878691749831263
rxn_1_1374,1,0.82,0.6928208713967194
rxn_1_1375,1,0.1188,0.4538692025991078
rxn_1_1376,1,0.26,0.5292614535823377
rxn_1_1377,1,0.94,0.7719701876578583
rxn_1_1378,1,0.404,0.6767273602047589
rxn_1_1379,1,0.51,0.7286040221857822
rxn_1_1380,1,0.76,0.5967328511689488
rxn_1_1381,1,0.749,0.6038183859543093
rxn_1_1382,1,0.4544,0.5632366571859738
rxn_1_1383,1,0.94,0.7245450289554727
rxn_1_1384,1,0.96,0.8306909020894606
rxn_1_1385,1,0.821,0.7833170099394985
rxn_1_1386,1,0.33,0.4210882160532862
rxn_1_1387,1,0.72,0.7649868092362094
rxn_1_1388,1,0.57,0.6380069843992136
rxn_1_1389,1,0.697,0.3200917962785365
rxn_1_1390,1,1.0,0.6730408767370677
rxn_1_1391,1,0.402,0.5972496617348567
rxn_1_1392,1,0.04,0.2351428869613863
rxn_1_1393,1,0.45,0.6683518771456948
rxn_1_1394,1,0.602,0.720499117607276
rxn_1_1395,1,0.634,0.4144884287543502
rxn_1_1396,1,0.69,0.4696748837848137
rxn_1_1397,1,0.47,0.48419089728074977
rxn_1_1398,1,0.64,0.5678362433831805
rxn_1_1399,1,0.52,0.4999086800951771
rxn_1_1400,1,0.96,0.584410205776584
rxn_1_1401,1,0.91,0.8324267860734231
rxn_1_1402,1,0.2926,0.5630489869645039
rxn_1_1403,1,0.59,0.7354066346278686
rxn_1_1404,1,0.84,0.5493631612444912
rxn_1_1405,1,0.48,0.372219848542616
rxn_1_1406,1,0.64,0.7379260305807426
rxn_1_1407,1,0.72,0.5971406116585827
rxn_1_1408,1,0.44,0.6759049801435979
rxn_1_1409,1,0.54,0.5626312352724844
rxn_1_1410,1,0.62,0.5755640411801031
rxn_1_1411,1,0.74,0.7332156266679116
rxn_1_1412,1,0.65,0.5667741866586744
rxn_1_1413,1,0.43,0.49390051308545785
rxn_1_1414,1,0.84,0.5446441991014958
rxn_1_1415,1,0.99,0.7323946222484258
rxn_1_1416,1,0.5,0.6445007970046591
rxn_1_1417,1,0.937,0.34815566798596853
rxn_1_1418,1,0.96,0.6363244368997778
rxn_1_1419,1,0.57,0.5594387964790629
rxn_1_1420,1,0.27,0.25187351432412686
rxn_1_1421,1,0.4296,0.6983952817547898
rxn_1_1422,1,0.96,0.9477911816519798
rxn_1_1423,1,1.0,0.8701249445934179
rxn_1_1424,1,0.79,0.7927550740282897
rxn_1_1425,1,0.84,0.7194847815150599
rxn_1_1426,1,0.564,0.6679753467644761
rxn_1_1427,1,0.79,0.6539861070333121
rxn_1_1428,1,0.44,0.490705553830945
rxn_1_1429,1,0.136,0.32072204540775395
rxn_1_1430,1,0.94,0.49627545035657294
rxn_1_1431,1,0.65,0.8181815609519996
rxn_1_1432,1,0.62,0.6302473150918466
rxn_1_1433,1,0.78,0.7415499515958858
rxn_1_1434,1,0.609,0.628247931162518
rxn_1_1435,1,0.56,0.46731837832294576
rxn_1_1436,1,0.55,0.5757723078773794
rxn_1_1437,1,0.68,0.5809194467546511
rxn_1_1438,1,0.85,0.5449046422595164
rxn_1_1439,1,0.27,0.4257546689831104
rxn_1_1440,1,0.097,0.21528000013708692
rxn_1_1441,1,0.25,0.39861015054311366
rxn_1_1442,1,0.32,0.42144911717524103
rxn_1_1443,1,0.37,0.5639085882645122
rxn_1_1444,1,0.708,0.5291935454325556
rxn_1_1445,1,0.25,0.507954491747901
rxn_1_1446,1,0.59,0.6280786983324925
rxn_1_1447,1,0.14,0.5219373972976089
rxn_1_1448,1,0.56,0.6081164255806916
rxn_1_1449,1,0.89,0.6806763104909418
rxn_1_1450,1,0.95,0.8863501147515268
rxn_1_1451,1,0.806,0.7084250412486129
rxn_1_1452,1,0.7,0.4451957158282245
rxn_1_1453,1,0.79,0.46363483192274413
rxn_1_1454,1,0.6,0.45545132679582084
rxn_1_1455,1,0.77,0.5581152232762646
rxn_1_1456,1,0.99,0.8669658982252159
rxn_1_1457,1,0.15,0.39844121525491927
rxn_1_1458,1,0.75,0.5608176782545385
rxn_1_1459,1,0.89,0.82267105975872
rxn_1_1460,1,0.57,0.8104116031000661
rxn_1_1461,1,0.48,0.6721632622452388
rxn_1_1462,1,0.815,0.7665420800654085
rxn_1_1463,1,0.98,0.8929905756572963
rxn_1_1464,1,0.49,0.47731376616367965
rxn_1_1465,1,0.97,0.6885593936279002
rxn_1_1466,1,0.68,0.6143466085837618
rxn_1_1467,1,0.63,0.5346914243280113
rxn_1_1468,1,0.34,0.490770753612417
rxn_1_1469,1,0.76,0.5478176595473386
rxn_1_1470,1,0.86,0.7739753375594853
rxn_1_1471,1,0.87,0.6831871473961103
rxn_1_1472,1,0.88,0.626051151457801
rxn_1_1473,1,0.49,0.5634619825664383
rxn_1_1474,1,0.52,0.590477674242757
rxn_1_1475,1,0.46,0.4502022909518782
rxn_1_1476,1,0.89,0.7014607763650175
rxn_1_1477,1,0.23,0.6559745027796082
rxn_1_1478,1,0.94,0.7445194522246464
rxn_1_1479,1,0.69,0.7470086794123029
rxn_1_1480,1,0.92,0.7926673518326974
rxn_1_1481,1,0.78,0.7540614143715821
rxn_1_1482,1,0.4,0.42286503143886883
rxn_1_1483,1,0.91,0.92180185829843
rxn_1_1484,1,0.91,0.6095334186307676
rxn_1_1485,1,0.79,0.574558203978463
rxn_1_1486,1,0.82,0.698504842432757
rxn_1_1487,1,0.31,0.579871498067942
rxn_1_1488,1,0.76,0.6842928689885359
rxn_1_1489,1,0.38,0.4662732833641828
rxn_1_1490,1,0.866,0.7161524201092068
rxn_1_1491,1,0.877,0.8895304152522095
rxn_1_1492,1,0.75,0.7601519329196794
rxn_1_1493,1,0.95,0.49358992933812784
rxn_1_1494,1,0.8,0.7452245764577157
rxn_1_1495,1,0.26,0.3617161358695544
rxn_1_1496,1,0.3,0.6353450995088469
rxn_1_1497,1,0.67,0.7208314683838403
rxn_1_1498,1,0.84,0.7479432983048632
rxn_1_1499,1,1.0,0.554554234870862
rxn_1_1500,1,0.82,0.6589899608787517
rxn_1_1501,1,0.27,0.7011026459024903
rxn_1_1502,1,0.76,0.6181614956791668
rxn_1_1503,1,1.0,0.7803729225621866
rxn_1_1504,1,0.04,0.3980790849800151
rxn_1_1505,1,0.7,0.6741159216079762
rxn_1_1506,1,0.94,0.7175129746647867
rxn_1_1507,1,0.77,0.6808219227269953
rxn_1_1508,1,0.49,0.39027200011593216
rxn_1_1509,1,0.83,0.6149302848380839
rxn_1_1510,1,0.99,0.8837120586542997
rxn_1_1511,1,0.35,0.3321695352654859
rxn_1_1512,1,0.54,0.5623662504211309
rxn_1_1513,1,0.64,0.5416334031883882
rxn_1_1514,1,0.87,0.6850385569692229
rxn_1_1515,1,0.8307,0.574338947095462
rxn_1_1516,1,0.2459,0.5436678639018694
rxn_1_1517,1,0.69,0.635024056826678
rxn_1_1518,1,0.74,0.6412272740131156
rxn_1_1519,1,0.94,0.861010133309475
rxn_1_1520,1,0.581,0.6149650907005021
rxn_1_1521,1,0.82,0.7258712538688928
rxn_1_1522,1,0.75,0.5565691673439653
rxn_1_1523,1,0.3,0.43088848317691913
rxn_1_1524,1,0.54,0.7192759699834662
rxn_1_1525,1,0.7,0.7218204714227948
rxn_1_1526,1,0.9,0.917194227791868
rxn_1_1527,1,0.8,0.6362971267909217
rxn_1_1528,1,0.765,0.524202110850947
rxn_1_1529,1,0.8,0.7004911821661682
rxn_1_1530,1,0.76,0.624799293225494
rxn_1_1531,1,0.83,0.48857239753856807
rxn_1_1532,1,0.39,0.3783606887471069
rxn_1_1533,1,0.34,0.6595312742160553
rxn_1_1534,1,0.8,0.5480012897311209
rxn_1_1535,1,0.6,0.4008793294906227
rxn_1_1536,1,0.689,0.7040086841514555
rxn_1_1537,1,0.23,0.4437538048550231
rxn_1_1538,1,0.81,0.5534925853294036
rxn_1_1539,1,0.679,0.6458265798999988
rxn_1_1540,1,0.54,0.71844941869951
rxn_1_1541,1,0.94,0.8593233049691736
rxn_1_1542,1,0.271,0.2322752357857333
rxn_1_1543,1,0.82,0.6124760490433993
rxn_1_1544,1,0.27,0.5543035630393657
rxn_1_1545,1,0.89,0.6339496703414683
rxn_1_1546,1,0.873,0.6637737289546904
rxn_1_1547,1,0.34,0.3089561535690375
rxn_1_1548,1,0.75,0.5653664933105215
rxn_1_1549,1,0.94,0.8790055242559734
rxn_1_1550,1,0.44,0.5985731143694556
rxn_1_1551,1,0.65,0.5720911633724333
rxn_1_1552,1,0.54,0.518887787387434
rxn_1_1553,1,0.47,0.6615694399120132
rxn_1_1554,1,0.95,0.8552365710688594
rxn_1_1555,1,0.75,0.7360120933471754
rxn_1_1556,1,0.92,0.6687312176032606
rxn_1_1557,1,0.88,0.6229774163854988
rxn_1_1558,1,0.45,0.718105740963105
rxn_1_1559,1,0.25,0.5744220621724031
rxn_1_1560,1,0.88,0.8185585139688015
rxn_1_1561,1,0.35,0.4850549975188443
rxn_1_1562,1,0.35,0.45421076967056345
rxn_1_1563,1,0.8,0.735578124708721
rxn_1_1564,1,0.8502,0.7776893466408931
rxn_1_1565,1,0.78,0.7144701014526649
rxn_1_1566,1,0.352,0.3767964170283233
rxn_1_1567,1,0.75,0.46921693766435874
rxn_1_1568,1,0.28,0.6031384779454879
rxn_1_1569,1,0.76,0.8534896527901891
rxn_1_1570,1,0.768,0.5604623500860589
rxn_1_1571,1,0.66,0.5459169028467993
rxn_1_1572,1,0.84,0.6694952558516255
rxn_1_1573,1,0.99,0.8226906699908375
rxn_1_1574,1,0.368,0.6375310448889967
rxn_1_1575,1,0.35,0.36258613741349405
rxn_1_1576,1,0.8,0.6752594242021793
rxn_1_1577,1,0.643,0.34017247685732316
rxn_1_1578,1,0.69,0.6172704625656743
rxn_1_1579,1,0.75,0.5401185883729328
rxn_1_1580,1,0.9,0.6068410687045173
rxn_1_1581,1,0.94,0.5601883057812076
rxn_1_1582,1,0.1,0.568930737545997
rxn_1_1583,1,0.868,0.7612486535499382
rxn_1_1584,1,0.76,0.693739666967155
rxn_1_1585,1,0.93,0.7492190995918725
rxn_1_1586,1,0.51,0.5064585628498716
rxn_1_1587,1,0.53,0.6640574452279459
rxn_1_1588,1,0.46,0.5091466503370012
rxn_1_1589,1,0.8465,0.6828458034059359
rxn_1_1590,1,0.61,0.5789948636085217
rxn_1_1591,1,0.312,0.5813449971495147
rxn_1_1592,1,0.16,0.6835566680520322
rxn_1_1593,1,0.525,0.45681605040696976
rxn_1_1594,1,0.37,0.52100232369312
rxn_1_1595,1,0.71,0.5381593445560957
rxn_1_1596,1,0.73,0.8062487565385384
rxn_1_1597,1,0.825,0.6752426995703974
rxn_1_1598,1,0.73,0.8034934741392986
rxn_1_1599,1,0.5,0.5377934578249209
rxn_1_1600,1,0.561,0.664331514310449
rxn_1_1601,1,0.82,0.780239675291727
rxn_1_1602,1,0.243,0.3838046741288983
rxn_1_1603,1,0.678,0.6150386393851414
rxn_1_1604,1,0.71,0.7072942585871559
rxn_1_1605,1,0.71,0.7072666580142543
rxn_1_1606,1,0.28,0.4577706771042589
rxn_1_1607,1,0.45,0.497883296662111
rxn_1_1608,1,0.3,0.4680550790540717
rxn_1_1609,1,0.71,0.720391726609234
rxn_1_1610,1,0.939,0.585104249757563
rxn_1_1611,1,0.864,0.7327854846774401
rxn_1_1612,1,0.89,0.6910466961934816
rxn_1_1613,1,0.8,0.505411786905715
rxn_1_1614,1,0.59,0.5558329391384467
rxn_1_1615,1,0.67,0.6871089464958025
rxn_1_1616,1,0.69,0.547195339751119
rxn_1_1617,1,0.52,0.5058792482651917
rxn_1_1618,1,0.48,0.6224122387632672
rxn_1_1619,1,0.706,0.6557286524188641
rxn_1_1620,1,0.54,0.5479557099025993
rxn_1_1621,1,0.81,0.7510826189469172
rxn_1_1622,1,1.0,0.9354114583013556
rxn_1_1623,1,0.9,0.45586313853954125
rxn_1_1624,1,0.652,0.5902892876355409
rxn_1_1625,1,0.65,0.6827219594256021
rxn_1_1626,1,0.314,0.5227312437049872
rxn_1_1627,1,0.62,0.7172195933166865
rxn_1_1628,1,0.6,0.5481511912440559
rxn_1_1629,1,0.378,0.4323158401058785
rxn_1_1630,1,0.81,0.881392874944082
rxn_1_1631,1,0.51,0.6822734919313783
rxn_1_1632,1,0.79,0.4966368006723267
rxn_1_1633,1,0.75,0.6891770148640332
rxn_1_1634,1,0.008,0.14467316548871292
rxn_1_1635,1,0.89,0.6078900370903798
rxn_1_1636,1,0.53,0.7780118117929474
rxn_1_1637,1,0.832,0.7108042088985226
rxn_1_1638,1,0.63,0.7536279351801741
rxn_1_1639,1,0.72,0.6906821040912
rxn_1_1640,1,0.92,0.8892406745629927
rxn_1_1641,1,0.86,0.6908174866834838
rxn_1_1642,1,0.84,0.5808577261878413
rxn_1_1643,1,0.43,0.41188985250419136
rxn_1_1644,1,0.12,0.18506419203450528
rxn_1_1645,1,0.78,0.73180135656647
rxn_1_1646,1,0.31,0.6315359573291536
rxn_1_1647,1,0.78,0.7402320829054908
rxn_1_1648,1,0.47,0.5557374450023103
rxn_1_1649,1,0.66,0.6220832782108716
rxn_1_1650,1,0.24,0.6114988272110892
rxn_1_1651,1,0.27,0.35807927452945093
rxn_1_1652,1,0.95,0.8581683188692913
rxn_1_1653,1,0.42,0.5716139515542354
rxn_1_1654,1,0.74,0.6581781282532729
rxn_1_1655,1,0.53,0.5437183262791198
rxn_1_1656,1,0.54,0.5605917108817788
rxn_1_1657,1,0.8,0.8309748237870686
rxn_1_1658,1,0.845,0.604795305437156
rxn_1_1659,1,0.71,0.5382430974597794
rxn_1_1660,1,0.56,0.46717227336312694
rxn_1_1661,1,0.704,0.7261755425054934
rxn_1_1662,1,0.56,0.4809796001466711
rxn_1_1663,1,0.77,0.47492789941012664
rxn_1_1664,1,0.711,0.6189246256495496
rxn_1_1665,1,0.9,0.8275288656970151
rxn_1_1666,1,0.85,0.3273959689971802
rxn_1_1667,1,0.593,0.47849030040495766
rxn_1_1668,1,0.93,0.8175181126783405
rxn_1_1669,1,0.8,0.7816568235415486
rxn_1_1670,1,0.391,0.4880999755891384
rxn_1_1671,1,0.37,0.49540159348428053
rxn_1_1672,1,0.71,0.5207667793871025
rxn_1_1673,1,0.86,0.534809991705033
rxn_1_1674,1,0.81,0.47547057194365633
rxn_1_1675,1,0.17,0.4901440596335578
rxn_1_1676,1,0.85,0.7509599449223204
rxn_1_1677,1,0.92,0.6137964781246222
rxn_1_1678,1,0.293,0.38963197920172554
rxn_1_1679,1,0.79,0.77304166729626
rxn_1_1680,1,0.54,0.658630535474298
rxn_1_1681,1,0.396,0.4726953609620585
rxn_1_1682,1,0.421,0.7259155667128653
rxn_1_1683,1,0.87,0.8614335104656726
rxn_1_1684,1,0.79,0.7693501062653055
rxn_1_1685,1,0.38,0.46201171069291985
rxn_1_1686,1,0.75,0.8857452519545702
rxn_1_1687,1,0.68,0.6313635241501371
rxn_1_1688,1,0.51,0.6082174316441139
rxn_1_1689,1,0.87,0.8153591715144248
rxn_1_1690,1,0.43,0.6930594676209333
rxn_1_1691,1,0.3,0.36114744407165383
rxn_1_1692,1,0.91,0.8424494192090427
rxn_1_1693,1,0.956,0.2757051453551969
rxn_1_1694,1,0.89,0.6561461981248566
rxn_1_1695,1,0.068,0.22936153206700524
rxn_1_1696,1,0.68,0.5391614483781408
rxn_1_1697,1,0.1,0.4188856382721316
rxn_1_1698,1,0.84,0.7024384264258701
rxn_1_1699,1,0.66,0.5676429138327418
rxn_1_1700,1,0.78,0.5768422913470216
rxn_1_1701,1,0.88,0.6248295593614609
rxn_1_1702,1,0.7,0.713114887534655
rxn_1_1703,1,0.95,0.7693741946087532
rxn_1_1704,1,0.87,0.89485041988569
rxn_1_1705,1,0.55,0.5661738580428741
rxn_1_1706,1,0.84,0.7193196533541734
rxn_1_1707,1,0.5,0.6275045765135864
rxn_1_1708,1,0.41,0.523306011802217
rxn_1_1709,1,0.8,0.7372300920017508
rxn_1_1710,1,0.65,0.6612057573183789
rxn_1_1711,1,0.82,0.747507584798114
rxn_1_1712,1,0.29,0.5073343890917702
rxn_1_1713,1,0.64,0.7366281667925252
rxn_1_1714,1,0.88,0.6388893260562836
rxn_1_1715,1,0.62,0.5458525160743786
rxn_1_1716,1,0.9,0.6599314872650371
rxn_1_1717,1,0.43,0.516905839200794
rxn_1_1718,1,0.76,0.6632264385682719
rxn_1_1719,1,0.78,0.8228465820130824
rxn_1_1720,1,0.53,0.8637901756328371
rxn_1_1721,1,0.62,0.7801124501526854
rxn_1_1722,1,0.771,0.5283725262359162
rxn_1_1723,1,0.27,0.36879938994439126
rxn_1_1724,1,0.956,0.6545497786172798
rxn_1_1725,1,0.38,0.468959056980032
rxn_1_1726,1,0.52,0.8115936144684482
rxn_1_1727,1,0.43,0.697820772928487
rxn_1_1728,1,0.58,0.6108861972747531
rxn_1_1729,1,0.85,0.6651796587942568
rxn_1_1730,1,0.97,0.9120620752978926
rxn_1_1731,1,0.42,0.536057216284681
rxn_1_1732,1,0.7,0.6635014478897091
rxn_1_1733,1,0.92,0.6207390452004103
rxn_1_1734,1,0.31,0.5520589014964855
rxn_1_1735,1,0.27,0.6913022452275612
rxn_1_1736,1,0.3,0.6633795604664086
rxn_1_1737,1,0.8,0.6804590418491078
rxn_1_1738,1,0.858,0.7368843438418401
rxn_1_1739,1,0.82,0.8037553025800775
rxn_1_1740,1,0.4,0.5110467144594274
rxn_1_1741,1,0.652,0.5582801467054885
rxn_1_1742,1,0.75,0.6239337124050086
rxn_1_1743,1,0.7,0.677226270643574
rxn_1_1744,1,0.849,0.733907106907763
rxn_1_1745,1,0.38,0.534067274746981
rxn_1_1746,1,0.79,0.7551734404430371
rxn_1_1747,1,0.8,0.683482793279842
rxn_1_1748,1,0.6,0.7151437600450116
rxn_1_1749,1,0.74,0.7869440852303103
rxn_1_1750,1,0.73,0.6078240473082951
rxn_1_1751,1,0.136,0.5365030609559517
rxn_1_1752,1,0.76,0.5799373427194157
rxn_1_1753,1,0.9,0.576332717177228
rxn_1_1754,1,0.293,0.779990947431069
rxn_1_1755,1,0.89,0.70588148785684
rxn_1_1756,1,0.8,0.6130255918590198
rxn_1_1757,1,0.91,0.8705972765055946
rxn_1_1758,1,0.91,0.7955402491178297
rxn_1_1759,1,0.96,0.8651232536597053
rxn_1_1760,1,0.99,0.5844843809998564
rxn_1_1761,1,0.7453,0.5756746911367401
rxn_1_1762,1,0.98,0.6722007480492853
rxn_1_1763,1,0.75,0.724763571793468
rxn_1_1764,1,0.92,0.8118114197178484
rxn_1_1765,1,0.749,0.6826608967113549
rxn_1_1766,1,0.53,0.5193475432922526
rxn_1_1767,1,0.85,0.45007832361444783
rxn_1_1768,1,1.0,0.7792481894268791
rxn_1_1769,1,0.4,0.6949306944583796
rxn_1_1770,1,0.85,0.6546752251716784
rxn_1_1771,1,0.91,0.4824615032539265
rxn_1_1772,1,0.83,0.811098376419212
rxn_1_1773,1,0.41,0.6910476945792648
rxn_1_1774,1,0.48,0.4711908826951539
rxn_1_1775,1,0.94,0.6619674877904297
rxn_1_1776,1,0.53,0.44832391651631864
rxn_1_1777,1,0.85,0.6647099686915902
rxn_1_1778,1,0.7,0.7833054255744941
rxn_1_1779,1,0.73,0.5933564183001248
rxn_1_1780,1,0.81,0.6609968807778402
rxn_1_1781,1,0.47,0.4995270682000084
rxn_1_1782,1,0.84,0.48509038293287676
rxn_1_1783,1,0.902,0.6783045034493008
rxn_1_1784,1,0.48,0.40463224520723173
rxn_1_1785,1,0.49,0.6342805494618291
rxn_1_1786,1,0.68,0.6174346990376308
rxn_1_1787,1,0.98,0.7563809843262962
rxn_1_1788,1,0.19,0.4968221975668346
rxn_1_1789,1,0.9101,0.6163937721051459
rxn_1_1790,1,0.46,0.5718854628998463
rxn_1_1791,1,0.1667,0.637632333169019
rxn_1_1792,1,0.97,0.731752200293507
rxn_1_1793,1,0.98,0.8515245972128737
rxn_1_1794,1,0.86,0.6771758653066278
rxn_1_1795,1,0.85,0.5456379380711998
rxn_1_1796,1,0.78,0.5828448564708113
rxn_1_1797,1,0.55,0.557358883608921
rxn_1_1798,1,0.53,0.6060299691646654
rxn_1_1799,1,0.9007,0.7909205540237977
rxn_1_1800,1,0.49,0.7244029196607881
rxn_1_1801,1,0.9,0.8657517548636848
rxn_1_1802,1,0.74,0.8696931423732126
rxn_1_1803,1,0.17,0.5474830453575706
rxn_1_1804,1,0.85,0.8360621602911684
rxn_1_1805,1,0.75,0.7320616076035728
rxn_1_1806,1,0.48,0.5729179185601604
rxn_1_1807,1,0.8,0.8137336514972465
rxn_1_1808,1,0.787,0.6757183787118106
rxn_1_1809,1,0.7,0.71798253882911
rxn_1_1810,1,0.62,0.4850532525642424
rxn_1_1811,1,0.94,0.5002892280322964
rxn_1_1812,1,0.48,0.6283497700823633
rxn_1_1813,1,0.52,0.6688852062099105
rxn_1_1814,1,0.73,0.6834971348833001
rxn_1_1815,1,0.55,0.611800064408868
rxn_1_1816,1,0.2,0.5006798710702413
rxn_1_1817,1,0.7,0.6302063994804384
rxn_1_1818,1,0.12,0.3583538968138194
rxn_1_1819,1,0.4,0.5882302194051161
rxn_1_1820,1,0.73,0.6549025428163091
rxn_1_1821,1,0.42,0.48592539214035596
rxn_1_1822,1,0.953,0.7717571674029099
rxn_1_1823,1,0.9647,0.8139094307651318
rxn_1_1824,1,0.84,0.7320496418847199
rxn_1_1825,1,0.78,0.7108160415344177
rxn_1_1826,1,0.6,0.658440344046482
rxn_1_1827,1,0.913,0.8111336487322288
rxn_1_1828,1,0.88,0.753245253294355
rxn_1_1829,1,0.1277,0.6129231760926865
rxn_1_1830,1,0.1233,0.4106464580669848
rxn_1_1831,1,0.54,0.5467914208821348
rxn_1_1832,1,0.84,0.7173308373429327
rxn_1_1833,1,0.11,0.39607473842147867
rxn_1_1834,1,0.41,0.6655682092365868
rxn_1_1835,1,0.5,0.711688509179795
rxn_1_1836,1,0.92,0.7422309182692125
rxn_1_1837,1,0.1244,0.43167745668310703
rxn_1_1838,1,0.6,0.7019699877882815
rxn_1_1839,1,0.755,0.7367526854933404
rxn_1_1840,1,0.91,0.8317796880020318
rxn_1_1841,1,0.67,0.7272455201959565
rxn_1_1842,1,0.228,0.6961585391570154
rxn_1_1843,1,0.32,0.5409791396373643
rxn_1_1844,1,0.97,0.8973131649941339
rxn_1_1845,1,0.11,0.6158879900605919
rxn_1_1846,1,0.777,0.7475611327093429
rxn_1_1847,1,0.71,0.532817588095154
rxn_1_1848,1,0.95,0.7247508580528442
rxn_1_1849,1,0.95,0.7860370746683311
rxn_1_1850,1,0.6098,0.7667580726118248
rxn_1_1851,1,0.9,0.7410944975442165
rxn_1_1852,1,0.8,0.7638260044540748
rxn_1_1853,1,0.493,0.4032004317149516
rxn_1_1854,1,0.73,0.7585213097456318
rxn_1_1855,1,0.55,0.711803039696033
rxn_1_1856,1,0.61,0.698374959510858
rxn_1_1857,1,0.72,0.7161124647153598
rxn_1_1858,1,0.26,0.36027565584795845
rxn_1_1859,1,0.23,0.41007736305714054
rxn_1_1860,1,0.77,0.6835791491000641
rxn_1_1861,1,0.5968,0.5877771806816727
rxn_1_1862,1,0.36,0.6211224000994382
rxn_1_1863,1,0.87,0.7937746517015944
rxn_1_1864,1,0.4,0.5993025732253328
rxn_1_1865,1,0.85,0.5005378661126382
rxn_1_1866,1,0.457,0.6886467789905096
rxn_1_1867,1,0.44,0.47692017752000576
rxn_1_1868,1,0.55,0.5609586008439825
rxn_1_1869,1,0.7,0.49061375500937454
rxn_1_1870,1,0.82,0.6355113442993866
rxn_1_1871,1,0.514,0.5809756354006801
rxn_1_1872,1,0.875,0.7615434606123754
rxn_1_1873,1,0.27,0.4525144210595798
rxn_1_1874,1,0.98,0.8402060396002531
rxn_1_1875,1,0.94,0.8176892801768941
rxn_1_1876,1,0.7,0.5543180462609868
rxn_1_1877,1,0.76,0.9141661505511114
rxn_1_1878,1,0.88,0.7312793363924251
rxn_1_1879,1,0.9988,0.6881588200375246
rxn_1_1880,1,0.881,0.6291380364602274
rxn_1_1881,1,0.64,0.3672075244499391
rxn_1_1882,1,0.8833,0.4929426975418376
rxn_1_1883,1,0.68,0.7189811881003196
rxn_1_1884,1,0.47,0.4242578427343168
rxn_1_1885,1,0.07,0.26800871687432737
rxn_1_1886,1,0.8,0.7249055266339238
rxn_1_1887,1,0.85,0.8033534747528247
rxn_1_1888,1,0.73,0.5765632013205179
rxn_1_1889,1,0.26,0.6474341211760545
rxn_1_1890,1,0.31,0.4149881494506162
rxn_1_1891,1,0.84,0.703697675943013
rxn_1_1892,1,0.8,0.6697666838517362
rxn_1_1893,1,0.44,0.6676209715707291
rxn_1_1894,1,0.766,0.6968279615114813
rxn_1_1895,1,0.65,0.7874125047866967
rxn_1_1896,1,0.2,0.3989361474140534
rxn_1_1897,1,0.52,0.613649332885834
rxn_1_1898,1,0.24,0.6196982709395383
rxn_1_1899,1,0.24,0.48645984120552543
rxn_1_1900,1,0.3,0.5188626156039864
rxn_1_1901,1,1.0,0.8419344269944121
rxn_1_1902,1,0.75,0.5242353691488516
rxn_1_1903,1,0.6,0.7272970091162724
rxn_1_1904,1,0.69,0.3573098969624282
rxn_1_1905,1,0.65,0.476862927340769
rxn_1_1906,1,0.6,0.6148256163276924
rxn_1_1907,1,0.87,0.7584185985347413
rxn_1_1908,1,0.24,0.4763106686321194
rxn_1_1909,1,0.6,0.7414784126528878
rxn_1_1910,1,0.35,0.4423377814513388
rxn_1_1911,1,0.49,0.5124983991189068
rxn_1_1912,1,0.65,0.6713733082852266
rxn_1_1913,1,0.94,0.7227510226787337
rxn_1_1914,1,0.66,0.5480361598870318
rxn_1_1915,1,0.8,0.7161013354428927
rxn_1_1916,1,0.72,0.7939731643716406
rxn_1_1917,1,0.78,0.5202478583419671
rxn_1_1918,1,0.78,0.6718367957978124
rxn_1_1919,1,0.99,0.9039702035233593
rxn_1_1920,1,0.97,0.831927659716996
rxn_1_1921,1,0.7,0.6329104420540085
rxn_1_1922,1,0.35,0.3926248544152929
rxn_1_1923,1,0.84,0.7733855334958553
rxn_1_1924,1,0.8,0.8060606214079321
rxn_1_1925,1,0.77,0.7531317431892108
rxn_1_1926,1,0.8,0.8639933887231696
rxn_1_1927,1,0.65,0.4604642463950051
rxn_1_1928,1,0.915,0.5734990420521912
rxn_1_1929,1,0.92,0.8643489639773193
rxn_1_1930,1,0.89,0.7043130357150492
rxn_1_1931,1,0.754,0.8272580586597202
rxn_1_1932,1,0.91,0.8058524742596899
rxn_1_1933,1,0.71,0.7242871804210439
rxn_1_1934,1,0.75,0.7456597990404349
rxn_1_1935,1,0.75,0.6421396232002854
rxn_1_1936,1,0.67,0.6636735068205221
rxn_1_1937,1,0.91,0.7472529305565728
rxn_1_1938,1,0.14,0.1688460760089913
rxn_1_1939,1,0.838,0.7232899613314817
rxn_1_1940,1,0.79,0.6990539509815917
rxn_1_1941,1,0.9,0.83488293178796
rxn_1_1942,1,0.56,0.5211528574904648
rxn_1_1943,1,0.55,0.5328977614422279
rxn_1_1944,1,0.77,0.5791837593592111
rxn_1_1945,1,0.75,0.5496780709764199
rxn_1_1946,1,0.79,0.6781539568006837
rxn_1_1947,1,0.58,0.5404247030687174
rxn_1_1948,1,0.42,0.44303600204043986
rxn_1_1949,1,0.82,0.6787066782607196
rxn_1_1950,1,0.47,0.4682781540892778
rxn_1_1951,1,0.99,0.6312267382754301
rxn_1_1952,1,0.98,0.7181211488082709
rxn_1_1953,1,0.28,0.4464263250608626
rxn_1_1954,1,0.95,0.615190972736606
rxn_1_1955,1,0.89,0.7994828618604881
rxn_1_1956,1,0.475,0.5352050564607692
rxn_1_1957,1,0.86,0.6796481099043902
rxn_1_1958,1,0.4418,0.4115099471529941
rxn_1_1959,1,0.86,0.6648681711238201
rxn_1_1960,1,0.7,0.6335770760525431
rxn_1_1961,1,0.65,0.6093119545013257
rxn_1_1962,1,0.47,0.4134608405427897
rxn_1_1963,1,0.91,0.4942410036001792
rxn_1_1964,1,0.945,0.7839595814832547
rxn_1_1965,1,0.99,0.8942272798269243
rxn_1_1966,1,0.15,0.5746713032098216
rxn_1_1967,1,0.16,0.44772890310154345
rxn_1_1968,1,0.759,0.6605633900483724
rxn_1_1969,1,0.4631,0.48826046139440543
rxn_1_1970,1,0.8,0.4591066450583828
rxn_1_1971,1,0.74,0.5957862205994885
rxn_1_1972,1,0.71,0.6583042628680044
rxn_1_1973,1,0.62,0.7543434540896764
rxn_1_1974,1,0.33,0.4957868537347399
rxn_1_1975,1,0.97,0.7359276490592842
rxn_1_1976,1,0.83,0.6105708699720845
rxn_1_1977,1,1.0,0.8533806710764346
rxn_1_1978,1,0.88,0.8509315446310212
rxn_1_1979,1,0.3,0.6597198554962405
rxn_1_1980,1,0.55,0.6396765506751312
rxn_1_1981,1,0.73,0.6815073303866196
rxn_1_1982,1,0.75,0.7494733292125407
rxn_1_1983,1,0.76,0.7284114553739665
rxn_1_1984,1,0.84,0.7459716804284834
rxn_1_1985,1,0.46,0.5178514995316883
rxn_1_1986,1,0.129,0.5428817819848707
rxn_1_1987,1,0.8,0.8032955972741517
rxn_1_1988,1,0.83,0.5169913772985024
rxn_1_1989,1,0.76,0.6028337481315253
rxn_1_1990,1,0.79,0.7596475388582347
rxn_1_1991,1,0.96,0.9317005055363358
rxn_1_1992,1,0.87,0.47813204099691614
rxn_1_1993,1,0.92,0.476611687550388
rxn_1_1994,1,0.257,0.45219739377330487
rxn_1_1995,1,0.24,0.3923978559913639
rxn_1_1996,1,0.9,0.8844140462065546
rxn_1_1997,1,0.58,0.6341714687316174
rxn_1_1998,1,1.0,0.8619276319054413
rxn_1_1999,1,0.39,0.4742924172920895
rxn_1_2000,1,0.11,0.7282669737448965
rxn_1_2001,1,0.85,0.7254388758035505
rxn_1_2002,1,0.7135,0.7916284800161045
rxn_1_2003,1,0.59,0.8395661695987428
rxn_1_2004,1,0.352,0.5198177164180718
rxn_1_2005,1,0.65,0.6435198085984147
rxn_1_2006,1,0.43,0.5737139898343157
rxn_1_2007,1,0.63,0.5757003619387466
rxn_1_2008,1,0.77,0.8169413530042706
rxn_1_2009,1,0.79,0.8128372112155136
rxn_1_2010,1,0.74,0.7971183710276654
rxn_1_2011,1,0.74,0.5570837803264865
rxn_1_2012,1,0.39,0.6465359015346143
rxn_1_2013,1,0.8,0.6052819328250549
rxn_1_2014,1,0.69,0.6007916448195997
rxn_1_2015,1,0.12,0.575586808626181
rxn_1_2016,1,0.478,0.6342779058611338
rxn_1_2017,1,0.79,0.8006201052854894
rxn_1_2018,1,0.85,0.8404413175134652
rxn_1_2019,1,0.269,0.5625947751847827
rxn_1_2020,1,0.8,0.5880556050463948
rxn_1_2021,1,0.8,0.7900267164338463
rxn_1_2022,1,0.35,0.5500344494878151
rxn_1_2023,1,0.86,0.8131447218091465
rxn_1_2024,1,0.36,0.5820207609417909
rxn_1_2025,1,0.76,0.7259233661708114
rxn_1_2026,1,0.96,0.7132255492814048
rxn_1_2027,1,0.94,0.8222138692184767
rxn_1_2028,1,0.56,0.6215440286210904
rxn_1_2029,1,0.87,0.7418832279478019
rxn_1_2030,1,0.55,0.74096582602933
rxn_1_2031,1,0.76,0.716023358574647
rxn_1_2032,1,0.99,0.5919787757120889
rxn_1_2033,1,0.82,0.7026843241326372
rxn_1_2034,1,0.47,0.3154424389038451
rxn_1_2035,1,0.26,0.558406265911722
rxn_1_2036,1,0.57,0.8121239290126971
rxn_1_2037,1,0.7,0.5809345568978287
rxn_1_2038,1,0.76,0.6514232444008066
rxn_1_2039,1,0.55,0.5334294335839836
rxn_1_2040,1,0.75,0.7283671295363586
rxn_1_2041,1,0.834,0.7071858753099044
rxn_1_2042,1,0.6565,0.6538966027168022
rxn_1_2043,1,0.72,0.8133025441684844
rxn_1_2044,1,0.587,0.5071204645038563
rxn_1_2045,1,0.88,0.826627686343944
rxn_1_2046,1,0.9,0.48344923994898875
rxn_1_2047,1,0.28,0.24635168402684438
rxn_1_2048,1,0.97,0.5021201531812834
rxn_1_2049,1,0.52,0.6206945382440595
rxn_1_2050,1,0.78,0.7440151583188666
rxn_1_2051,1,0.15,0.6865478288954917
rxn_1_2052,1,0.59,0.5887778535516234
rxn_1_2053,1,0.67,0.664987831246961
rxn_1_2054,1,0.57,0.6286509288294294
rxn_1_2055,1,0.46,0.3542816737976668
rxn_1_2056,1,0.71,0.7234252906356279
rxn_1_2057,1,0.88,0.5938168697426737
rxn_1_2058,1,0.53,0.6424213391450623
rxn_1_2059,1,0.7,0.7261239345523656
rxn_1_2060,1,0.79,0.5469531588829849
rxn_1_2061,1,0.46,0.6370016780956879
rxn_1_2062,1,0.57,0.6091754493967135
rxn_1_2063,1,0.88,0.8867766394929933
rxn_1_2064,1,0.53,0.5855549457502373
rxn_1_2065,1,0.6,0.649578159937086
rxn_1_2066,1,0.81,0.7236084819060039
rxn_1_2067,1,0.86,0.7906340509790727
rxn_1_2068,1,0.12,0.6762996823249003
rxn_1_2069,1,0.82,0.7384024039828709
rxn_1_2070,1,0.12,0.3880030974362194
rxn_1_2071,1,0.23,0.641105319527171
rxn_1_2072,1,0.6854,0.5674750015950143
rxn_1_2073,1,0.986,0.818103197150755
rxn_1_2074,1,0.34,0.4695251001407688
rxn_1_2075,1,0.34,0.6170548909012713
rxn_1_2076,1,0.95,0.7255065358956524
rxn_1_2077,1,0.9,0.8103117827662496
rxn_1_2078,1,0.64,0.6550369593292379
rxn_1_2079,1,0.6,0.6478141287949151
rxn_1_2080,1,0.43,0.3807844593875888
rxn_1_2081,1,0.686,0.6205588042292494
rxn_1_2082,1,0.69,0.6777708354139147
rxn_1_2083,1,0.45,0.7306772987147108
rxn_1_2084,1,0.56,0.487109584036874
rxn_1_2085,1,0.76,0.7332906174807535
rxn_1_2086,1,0.32,0.41078500773304655
rxn_1_2087,1,0.673,0.7255613528779207
rxn_1_2088,1,0.56,0.5402516085377699
rxn_1_2089,1,0.175,0.6621004519822287
rxn_1_2090,1,0.94,0.6327971808073358
rxn_1_2091,1,0.59,0.5757515660905691
rxn_1_2092,1,0.87,0.7220869076195998
rxn_1_2093,1,0.28,0.511360360515645
rxn_1_2094,1,0.2,0.30899572987695145
rxn_1_2095,1,0.76,0.56516726585709
rxn_1_2096,1,0.73,0.42156347097687075
rxn_1_2097,1,0.42,0.679265718271156
rxn_1_2098,1,0.584,0.707179576648544
rxn_1_2099,1,0.865,0.498948258552665
rxn_1_2100,1,0.9876,0.8276029031339981
rxn_1_2101,1,0.4,0.5360092311443387
rxn_1_2102,1,0.96,0.8565467628132485
rxn_1_2103,1,0.72,0.8258336519605285
rxn_1_2104,1,0.76,0.6069771928772904
rxn_1_2105,1,0.86,0.7539891703389925
rxn_1_2106,1,0.73,0.7420526526440424
rxn_1_2107,1,0.568,0.6069977834345421
rxn_1_2108,1,0.76,0.5446825058481913
rxn_1_2109,1,0.784,0.5366189632022583
rxn_1_2110,1,0.56,0.6482708882163887
rxn_1_2111,1,0.69,0.6742521482395571
rxn_1_2112,1,0.7,0.647795243031302
rxn_1_2113,1,0.19,0.5079799513024792
rxn_1_2114,1,0.874,0.6626818580924537
rxn_1_2115,1,0.67,0.6390999861524699
rxn_1_2116,1,0.9,0.8189987536634756
rxn_1_2117,1,0.42,0.4853569252548266
rxn_1_2118,1,0.4,0.6074571416414561
rxn_1_2119,1,0.9,0.9098431279099582
rxn_1_2120,1,0.35,0.43015457934415685
rxn_1_2121,1,0.87,0.8414095461942246
rxn_1_2122,1,0.04,0.21759667141952446
rxn_1_2123,1,0.08,0.5038468110050539
rxn_1_2124,1,0.39,0.5212155700521285
rxn_1_2125,1,0.91,0.7314647140111686
rxn_1_2126,1,0.725,0.6926536098122732
rxn_1_2127,1,0.82,0.7727560247423487
rxn_1_2128,1,0.79,0.6057194553405866
rxn_1_2129,1,0.1,0.41846080286095777
rxn_1_2130,1,0.79,0.683281408781849
rxn_1_2131,1,0.91,0.5813010032533591
rxn_1_2132,1,0.827,0.8053727844471865
rxn_1_2133,1,0.85,0.7823965253556686
rxn_1_2134,1,0.64,0.7269153234723547
rxn_1_2135,1,0.48,0.7144975751127086
rxn_1_2136,1,0.64,0.7870160818679787
rxn_1_2137,1,0.15,0.4136251637704309
rxn_1_2138,1,0.88,0.8106673433449586
rxn_1_2139,1,0.76,0.5925906430829985
rxn_1_2140,1,0.68,0.7105235640752103
rxn_1_2141,1,0.79,0.7144892652936349
rxn_1_2142,1,0.73,0.5496312630988379
rxn_1_2143,1,0.43,0.47511547073629695
rxn_1_2144,1,0.18,0.47978387057412814
rxn_1_2145,1,0.54,0.6283077993517318
rxn_1_2146,1,0.5,0.6643185942959496
rxn_1_2147,1,0.662,0.552629009908905
rxn_1_2148,1,0.439,0.632541064353296
rxn_1_2149,1,0.45,0.6610921205614693
rxn_1_2150,1,0.75,0.7512829463874341
rxn_1_2151,1,0.6,0.5779678157439273
rxn_1_2152,1,0.65,0.6434029198368635
rxn_1_2153,1,0.849,0.806774431166665
rxn_1_2154,1,0.35,0.48790506864503724
rxn_1_2155,1,0.63,0.74258945395799
rxn_1_2156,1,0.71,0.8581318352563537
rxn_1_2157,1,0.65,0.6526622258976312
rxn_1_2158,1,0.8,0.7495967119022205
rxn_1_2159,1,0.46,0.6700777425589344
rxn_1_2160,1,0.62,0.6731920059158952
rxn_1_2161,1,0.6,0.5439784618709578
rxn_1_2162,1,0.36,0.6751208079996237
rxn_1_2163,1,0.7,0.689882117216588
rxn_1_2164,1,0.73,0.7377476387209421
rxn_1_2165,1,0.34,0.5837973251933408
rxn_1_2166,1,0.9,0.7579422513591324
rxn_1_2167,1,0.82,0.6386733718896317
rxn_1_2168,1,0.97,0.5665149250068718
rxn_1_2169,1,0.9649,0.7792190709153429
rxn_1_2170,1,0.96,0.6928385219978784
rxn_1_2171,1,0.77,0.7323270799806085
rxn_1_2172,1,0.38,0.6828347167647696
rxn_1_2173,1,0.23,0.5445914246697532
rxn_1_2174,1,0.44,0.25277027919605993
rxn_1_2175,1,0.74,0.6502070621723238
rxn_1_2176,1,0.41,0.5399275271798475
rxn_1_2177,1,0.29,0.4130204906942961
rxn_1_2178,1,0.956,0.8533799484031342
rxn_1_2179,1,0.45,0.6726843555416359
rxn_1_2180,1,0.75,0.711024794849657
rxn_1_2181,1,0.8446,0.7957603782070611
rxn_1_2182,1,0.89,0.7484464276318104
rxn_1_2183,1,0.98,0.4859102248769864
rxn_1_2184,1,0.99,0.5639005037287926
rxn_1_2185,1,0.47,0.5517905414336366
rxn_1_2186,1,0.823,0.7623630738806688
rxn_1_2187,1,0.27,0.43219031351504095
rxn_1_2188,1,0.93,0.6684071473049823
rxn_1_2189,1,0.84,0.6909487132797226
rxn_1_2190,1,0.63,0.6525135091533222
rxn_1_2191,1,0.83,0.6820454239177605
rxn_1_2192,1,0.12,0.6464211505455993
rxn_1_2193,1,0.23,0.4302091353788065
rxn_1_2194,1,0.64,0.8773469239586243
rxn_1_2195,1,0.69,0.5164625590505264
rxn_1_2196,1,0.67,0.7008774919585373
rxn_1_2197,1,0.473,0.46695335711196556
rxn_1_2198,1,0.75,0.7473385105197273
rxn_1_2199,1,0.12,0.5673542620868409
rxn_1_2200,1,0.87,0.7052480780982407
rxn_1_2201,1,0.84,0.4010686054126082
rxn_1_2202,1,0.49,0.4924222712738915
rxn_1_2203,1,0.62,0.6218188660633028
rxn_1_2204,1,0.7,0.649656220049218
rxn_1_2205,1,0.54,0.5703068504350438
rxn_1_2206,1,0.343,0.8403053357727684
rxn_1_2207,1,0.7599,0.7379607815853665
rxn_1_2208,1,0.87,0.5262424268583339
rxn_1_2209,1,0.55,0.5228028320237986
rxn_1_2210,1,0.32,0.5949862053155246
rxn_1_2211,1,0.99,0.6427746863759174
rxn_1_2212,1,0.64,0.5473263941884549
rxn_1_2213,1,0.44,0.5209401049011468
rxn_1_2214,1,0.43,0.8322072415665192
rxn_1_2215,1,0.79,0.7683219578738072
rxn_1_2216,1,0.43,0.5035758551141202
rxn_1_2217,1,0.05,0.3319553808821018
rxn_1_2218,1,0.8,0.7439843821835685
rxn_1_2219,1,0.92,0.6661994241646466
rxn_1_2220,1,0.2,0.49678588542807045
rxn_1_2221,1,0.22,0.25780327324151264
rxn_1_2222,1,0.74,0.648060360203344
rxn_1_2223,1,0.68,0.6928953861885939
rxn_1_2224,1,0.62,0.6159902853096003
rxn_1_2225,1,0.61,0.6787721103128138
rxn_1_2226,1,0.91,0.8097905607164148
rxn_1_2227,1,0.86,0.761715214801333
rxn_1_2228,1,0.52,0.5259279437357418
rxn_1_2229,1,0.65,0.6653650215085757
rxn_1_2230,1,0.87,0.8566418703822896
rxn_1_2231,1,0.68,0.49686233259859264
rxn_1_2232,1,0.98,0.8906766226118084
rxn_1_2233,1,0.265,0.46122549794818185
rxn_1_2234,1,0.87,0.551687315579169
rxn_1_2235,1,0.6,0.5918606047791775
rxn_1_2236,1,0.81,0.7380205795738858
rxn_1_2237,1,0.651,0.6419948849895721
rxn_1_2238,1,0.72,0.6213675108927607
rxn_1_2239,1,0.054,0.2126104518308827
rxn_1_2240,1,0.83,0.6581291055788704
rxn_1_2241,1,0.75,0.7250140657170695
rxn_1_2242,1,0.26,0.7941696709790967
rxn_1_2243,1,0.85,0.603736138799642
rxn_1_2244,1,0.95,0.8803520535921593
rxn_1_2245,1,0.66,0.3829391162708033
rxn_1_2246,1,0.46,0.5757940327640011
rxn_1_2247,1,0.94,0.8664137281498903
rxn_1_2248,1,0.77,0.7241348490233123
rxn_1_2249,1,0.52,0.5732941427155241
rxn_1_2250,1,0.41,0.509186374312547
rxn_1_2251,1,0.63,0.6328640893526067
rxn_1_2252,1,0.58,0.7102219568671964
rxn_1_2253,1,0.78,0.6988408971363009
rxn_1_2254,1,0.35,0.3965299405837383
rxn_1_2255,1,0.63,0.7341565154937225
rxn_1_2256,1,0.54,0.6682096282689566
rxn_1_2257,1,0.47,0.5567966940015759
rxn_1_2258,1,0.537,0.6164134359831092
rxn_1_2259,1,0.84,0.8032674342815159
rxn_1_2260,1,0.68,0.5749943590063128
rxn_1_2261,1,0.37,0.41245811745191735
rxn_1_2262,1,0.99,0.8735923747842187
rxn_1_2263,1,0.66,0.6532801282857883
rxn_1_2264,1,0.76,0.7735291043494842
rxn_1_2265,1,0.76,0.7498376863392172
rxn_1_2266,1,0.52,0.7361634112054531
rxn_1_2267,1,0.83,0.6198980290991633
rxn_1_2268,1,0.9,0.6972807300744505
rxn_1_2269,1,0.36,0.4161463165124704
rxn_1_2270,1,0.49,0.4817015306158859
rxn_1_2271,1,0.83,0.6360944193528365
rxn_1_2272,1,0.8,0.72909260128313
rxn_1_2273,1,0.64,0.6002368344932186
rxn_1_2274,1,1.0,0.9028677086743709
rxn_1_2275,1,0.92,0.8805156626892489
rxn_1_2276,1,0.53,0.5620560410706951
rxn_1_2277,1,0.94,0.49766542052259416
rxn_1_2278,1,0.44,0.5466147927319082
rxn_1_2279,1,0.38,0.40295725708815894
rxn_1_2280,1,0.71,0.5292504244843417
rxn_1_2281,1,0.36,0.4260605975193547
rxn_1_2282,1,0.47,0.5430990453381135
rxn_1_2283,1,0.89,0.6380850823507268
rxn_1_2284,1,0.76,0.6270928403249565
rxn_1_2285,1,0.57,0.749298826297165
rxn_1_2286,1,0.76,0.6549375010656083
rxn_1_2287,1,0.1423,0.6618469992567085
rxn_1_2288,1,0.82,0.592997002617082
rxn_1_2289,1,0.68,0.61953009860994
rxn_1_2290,1,0.521,0.7637478678208609
rxn_1_2291,1,0.157,0.5962333806043382
rxn_1_2292,1,0.075,0.49414283973207745
rxn_1_2293,1,0.63,0.526761097440999
rxn_1_2294,1,0.9,0.6082241337817852
rxn_1_2295,1,0.75,0.6480148342333029
rxn_1_2296,1,0.51,0.6719248299516493
rxn_1_2297,1,0.1003,0.49666600249861964
rxn_1_2298,1,0.838,0.6858813772217555
rxn_1_2299,1,0.72,0.7349526240081934
rxn_1_2300,1,0.24,0.6110288895302641
rxn_1_2301,1,0.05,0.2878037797397826
rxn_1_2302,1,0.87,0.7751832382708272
rxn_1_2303,1,0.084,0.46832144129486625
rxn_1_2304,1,0.74,0.5024445703099365
rxn_1_2305,1,0.05,0.45123612016841114
rxn_1_2306,1,0.14,0.31445409198736657
rxn_1_2307,1,0.68,0.6482115968611036
rxn_1_2308,1,0.25,0.43726386625584834
rxn_1_2309,1,0.22,0.6092257129372377
rxn_1_2310,1,0.81,0.7851790367813599
rxn_1_2311,1,0.6,0.6269181006189146
rxn_1_2312,1,0.99,0.6392456658572332
rxn_1_2313,1,0.46,0.6619440525580534
rxn_1_2314,1,0.93,0.8687910136405987
rxn_1_2315,1,0.81,0.6624282239193333
rxn_1_2316,1,0.33,0.4035279525739514
rxn_1_2317,1,0.85,0.6760181758860911
rxn_1_2318,1,0.4342,0.5337211854737823
rxn_1_2319,1,0.68,0.4491347187784913
rxn_1_2320,1,0.65,0.5251869416920218
rxn_1_2321,1,0.96,0.8642261581336858
rxn_1_2322,1,0.47,0.549489735070464
rxn_1_2323,1,0.96,0.7539033725603114
rxn_1_2324,1,0.4,0.6386214241241955
rxn_1_2325,1,0.5,0.707437813335314
rxn_1_2326,1,0.95,0.7959676756590461
rxn_1_2327,1,0.78,0.662973932377139
rxn_1_2328,1,0.87,0.8137949545434905
rxn_1_2329,1,0.16,0.5444219817032737
rxn_1_2330,1,0.89,0.6736521127598897
rxn_1_2331,1,0.1,0.3628341128225174
rxn_1_2332,1,0.2795,0.5898332503501755
rxn_1_2333,1,0.52,0.537130196198982
rxn_1_2334,1,0.46,0.3452809938081008
rxn_1_2335,1,0.61,0.6214410099147312
rxn_1_2336,1,0.73,0.5236231571672469
rxn_1_2337,1,0.75,0.6878610305713124
rxn_1_2338,1,0.98,0.69784008424174
rxn_1_2339,1,0.426,0.5320164100733319
rxn_1_2340,1,0.71,0.43599324976773374
rxn_1_2341,1,0.73,0.8060619047233865
rxn_1_2342,1,0.75,0.6543173676994645
rxn_1_2343,1,0.709,0.4997887899125362
rxn_1_2344,1,0.79,0.5846384535743521
rxn_1_2345,1,0.98,0.6573979825821813
rxn_1_2346,1,0.63,0.7086910161291237
rxn_1_2347,1,0.9,0.8996429004091366
rxn_1_2348,1,0.72,0.5702382643026552
rxn_1_2349,1,0.46,0.7682902611402652
rxn_1_2350,1,0.63,0.5932156423126866
rxn_1_2351,1,0.78,0.6784909552744751
rxn_1_2352,1,0.78,0.7750397226615134
rxn_1_2353,1,0.98,0.6789560318267798
rxn_1_2354,1,0.98,0.7450056282767613
rxn_1_2355,1,0.95,0.7435527092081006
rxn_1_2356,1,0.4188,0.6397279524708698
rxn_1_2357,1,0.43,0.5194344115024946
rxn_1_2358,1,0.42,0.44351067029968805
rxn_1_2359,1,0.7529,0.689017115569346
rxn_1_2360,1,0.16,0.5331503905533459
rxn_1_2361,1,0.915,0.6220531054978299
rxn_1_2362,1,0.66,0.7699002191230441
rxn_1_2363,1,0.95,0.8341888810134623
rxn_1_2364,1,0.52,0.7386846385073054
rxn_1_2365,1,0.44,0.5654997351225411
rxn_1_2366,1,0.76,0.5992180480022109
rxn_1_2367,1,0.64,0.597134709567248
rxn_1_2368,1,0.42,0.549157300306625
rxn_1_2369,1,0.31,0.45090479932793476
rxn_1_2370,1,0.92,0.6226812273910772
rxn_1_2371,1,0.517,0.5454950431439286
rxn_1_2372,1,0.43,0.5121367253881272
rxn_1_2373,1,0.54,0.4588098380842296
rxn_1_2374,1,0.25,0.5744181661326132
rxn_1_2375,1,1.0,0.8466878037020275
rxn_1_2376,1,0.61,0.693216945911454
rxn_1_2377,1,0.83,0.6892016975812942
rxn_1_2378,1,0.5,0.5692831731241412
rxn_1_2379,1,0.79,0.7911254890405095
rxn_1_2380,1,0.52,0.4540448023006796
rxn_1_2381,1,0.28,0.6605972031235953
rxn_1_2382,1,0.82,0.6446425280252893
rxn_1_2383,1,0.36,0.5347955972500681
rxn_1_2384,1,0.48,0.47563718160937807
rxn_1_2385,1,0.33,0.5842217872141701
rxn_1_2386,1,0.3506,0.5705517714546776
rxn_1_2387,1,0.702,0.7794610875661702
rxn_1_2388,1,0.63,0.7385339825936762
rxn_1_2389,1,0.42,0.7294865162636874
rxn_1_2390,1,0.47,0.5589196295828086
rxn_1_2391,1,0.7,0.627182136944233
rxn_1_2392,1,0.911,0.8229003112548696
rxn_1_2393,1,0.4896,0.5522510975104485
rxn_1_2394,1,0.25,0.4181348294462972
rxn_1_2395,1,0.83,0.8315774353904892
rxn_1_2396,1,0.3,0.5955432974879472
rxn_1_2397,1,0.87,0.7287752464006837
rxn_1_2398,1,0.881,0.6790533538835629
rxn_1_2399,1,0.637,0.625589943308018
rxn_1_2400,1,0.058,0.5355175259615538
rxn_1_2401,1,0.69,0.6836069446796973
rxn_1_2402,1,0.7,0.5542677933249888
rxn_1_2403,1,0.5,0.5386649110494957
rxn_1_2404,1,0.77,0.795884300532368
rxn_1_2405,1,0.821,0.7098237274802212
rxn_1_2406,1,0.43,0.4675614521135843
rxn_1_2407,1,0.771,0.5308537108098162
rxn_1_2408,1,0.96,0.7606224442213869
rxn_1_2409,1,0.57,0.6723085886971673
rxn_1_2410,1,0.77,0.7644387860610342
rxn_1_2411,1,0.58,0.6654821444308462
rxn_1_2412,1,0.1681,0.5734104958216384
rxn_1_2413,1,0.49,0.6166959289064499
rxn_1_2414,1,0.94,0.7264761528283188
rxn_1_2415,1,0.8788,0.6929055575609618
rxn_1_2416,1,0.69,0.6469764764990198
rxn_1_2417,1,0.56,0.6552525942961657
rxn_1_2418,1,0.7,0.681162243425628
rxn_1_2419,1,0.9,0.8599940727702654
rxn_1_2420,1,0.44,0.5164180864574957
rxn_1_2421,1,0.88,0.7741587681067355
rxn_1_2422,1,0.55,0.5009385225931865
rxn_1_2423,1,0.98,0.8835812440090519
rxn_1_2424,1,0.61,0.612738168064868
rxn_1_2425,1,0.82,0.8071360827342966
rxn_1_2426,1,0.23,0.4436087639108833
rxn_1_2427,1,0.46,0.4899352840945957
rxn_1_2428,1,0.17,0.37508495939537384
rxn_1_2429,1,0.55,0.506841534326575
rxn_1_2430,1,0.41,0.6637461051852641
rxn_1_2431,1,0.439,0.48295384538197333
rxn_1_2432,1,0.058,0.4098901541372384
rxn_1_2433,1,0.47,0.5638376341777719
rxn_1_2434,1,0.92,0.6939248391083209
rxn_1_2435,1,0.95,0.8513729565545268
rxn_1_2436,1,0.79,0.7043025439169313
rxn_1_2437,1,0.5,0.4824678520546466
rxn_1_2438,1,0.57,0.5101684525984329
rxn_1_2439,1,0.47,0.43811288330948334
rxn_1_2440,1,0.48,0.4871704367229654
rxn_1_2441,1,0.68,0.6810538641474156
rxn_1_2442,1,0.83,0.8084345594826036
rxn_1_2443,1,0.902,0.7933350773131602
rxn_1_2444,1,0.52,0.5046246578484751
rxn_1_2445,1,0.65,0.49306399550377417
rxn_1_2446,1,0.43,0.5558712382365852
rxn_1_2447,1,0.66,0.7040122063368403
rxn_1_2448,1,0.84,0.7753589969756733
rxn_1_2449,1,0.77,0.8470135086114995
rxn_1_2450,1,0.3,0.3157062139847348
rxn_1_2451,1,0.59,0.702911507331622
rxn_1_2452,1,0.64,0.5142995421962795
rxn_1_2453,1,0.34,0.5520386160865355
rxn_1_2454,1,0.27,0.39024002401595376
rxn_1_2455,1,0.13,0.5170163530493567
rxn_1_2456,1,0.15,0.3686368061008681
rxn_1_2457,1,0.63,0.8160122247254953
rxn_1_2458,1,0.679,0.6060259788959864
rxn_1_2459,1,0.5,0.5538425086613392
rxn_1_2460,1,0.58,0.5885956707300526
rxn_1_2461,1,0.94,0.8574532574463608
rxn_1_2462,1,0.343,0.6011137595388676
rxn_1_2463,1,0.11,0.7817012590562822
rxn_1_2464,1,0.401,0.5528783323922296
rxn_1_2465,1,0.3,0.35298759573047117
rxn_1_2466,1,0.96,0.4675067103876887
rxn_1_2467,1,0.5061,0.468903279828244
rxn_1_2468,1,0.81,0.8703762639200048
rxn_1_2469,1,0.5234,0.622754443690726
rxn_1_2470,1,0.76,0.6976394308996395
rxn_1_2471,1,0.39,0.6627331289102655
rxn_1_2472,1,0.66,0.6629198904612321
rxn_1_2473,1,0.96,0.37376160527513225
rxn_1_2474,1,0.92,0.6973297941510701
rxn_1_2475,1,0.35,0.5152317309223823
rxn_1_2476,1,0.88,0.7653399289685048
rxn_1_2477,1,0.9,0.8438947909969601
rxn_1_2478,1,0.47,0.8088335843329411
rxn_1_2479,1,0.16,0.4432426721013303
rxn_1_2480,1,0.94,0.7342882075343736
rxn_1_2481,1,0.15,0.534378892631025
rxn_1_2482,1,0.41,0.516918412486128
rxn_1_2483,1,0.75,0.6237980999305676
rxn_1_2484,1,0.4,0.5021384885711518
rxn_1_2485,1,0.56,0.6735624219350234
rxn_1_2486,1,0.17,0.40379380307890234
rxn_1_2487,1,0.55,0.6204455132361667
rxn_1_2488,1,0.45,0.5826367360065442
rxn_1_2489,1,0.67,0.6054671400986661
rxn_1_2490,1,0.78,0.7368107666931398
rxn_1_2491,1,0.95,0.6997363964489841
rxn_1_2492,1,0.69,0.7677513448407435
rxn_1_2493,1,0.61,0.6381004472643979
rxn_1_2494,1,0.15,0.5515257521357052
rxn_1_2495,1,0.82,0.7251762423739846
rxn_1_2496,1,0.927,0.7342991154807109
rxn_1_2497,1,0.74,0.672972221143107
rxn_1_2498,1,0.99,0.6243979450444711
rxn_1_2499,1,0.64,0.6984029531984083
rxn_1_2500,1,0.36,0.6631111853861295
rxn_1_2501,1,0.6,0.6524824736985685
rxn_1_2502,1,0.82,0.7494096580728767
rxn_1_2503,1,0.8,0.6273699274017531
rxn_1_2504,1,0.85,0.7556830150085782
rxn_1_2505,1,0.86,0.8165202870984883
rxn_1_2506,1,0.35,0.46323186122151294
rxn_1_2507,1,0.1,0.4000048971253847
rxn_1_2508,1,0.28,0.8533232916234743
rxn_1_2509,1,0.35,0.6664009024503383
rxn_1_2510,1,0.34,0.46768779062772436
rxn_1_2511,1,0.66,0.5851387628507684
rxn_1_2512,1,0.34,0.6648904296897907
rxn_1_2513,1,0.4623,0.5612667940814676
rxn_1_2514,1,0.15,0.6212973479259308
rxn_1_2515,1,0.81,0.6714198367332793
rxn_1_2516,1,0.38,0.6541451604103107
rxn_1_2517,1,0.673,0.6605315341624277
rxn_1_2518,1,0.86,0.7008880056316517
rxn_1_2519,1,0.75,0.6836716221476685
rxn_1_2520,1,0.841,0.7738337465518574
rxn_1_2521,1,0.7626,0.5511410141137957
rxn_1_2522,1,0.5,0.6526042914232506
rxn_1_2523,1,0.68,0.7431013147379439
rxn_1_2524,1,0.48,0.5416806145849284
rxn_1_2525,1,0.46,0.5090945572180022
rxn_1_2526,1,0.92,0.7275265031142051
rxn_1_2527,1,0.93,0.6966302940350856
rxn_1_2528,1,0.7881,0.6400600393320047
rxn_1_2529,1,0.072,0.33387290597730407
rxn_1_2530,1,1.0,0.7279878208960069
rxn_1_2531,1,0.27,0.5123613242878585
rxn_1_2532,1,0.7,0.6201848508596927
rxn_1_2533,1,0.81,0.8096939745678408
rxn_1_2534,1,0.42,0.5787782267075119
rxn_1_2535,1,0.905,0.7025384776983282
rxn_1_2536,1,0.93,0.6463042726292981
rxn_1_2537,1,1.0,0.5331454980378941
rxn_1_2538,1,0.48,0.4238953976696434
rxn_1_2539,1,0.42,0.4293705936613394
rxn_1_2540,1,0.78,0.6718453019277056
rxn_1_2541,1,0.055,0.32270488603653963
rxn_1_2542,1,0.67,0.6433536307420593
rxn_1_2543,1,0.41,0.7288547745173735
rxn_1_2544,1,0.99,0.6842524346712743
rxn_1_2545,1,0.33,0.6807137174618506
rxn_1_2546,1,0.36,0.603632482894656
rxn_1_2547,1,0.62,0.6902633170265883
rxn_1_2548,1,0.41,0.5145020434078345
rxn_1_2549,1,0.54,0.6775308237052741
rxn_1_2550,1,0.44,0.7548816765132411
rxn_1_2551,1,0.13,0.5271699579161621
rxn_1_2552,1,0.78,0.6507398694820147
rxn_1_2553,1,0.39,0.48747038345171134
rxn_1_2554,1,0.13,0.4839201213823447
rxn_1_2555,1,0.73,0.6867421135356344
rxn_1_2556,1,0.84,0.6840168909994612
rxn_1_2557,1,0.85,0.6495842911177809
rxn_1_2558,1,0.83,0.7630757241188496
rxn_1_2559,1,0.933,0.8172529779378425
rxn_1_2560,1,0.71,0.7490580361815732
rxn_1_2561,1,0.77,0.6752311979610853
rxn_1_2562,1,0.82,0.7228177249774199
rxn_1_2563,1,0.94,0.8636328870415916
rxn_1_2564,1,0.85,0.6088648155613977
rxn_1_2565,1,0.87,0.6953158034961326
rxn_1_2566,1,0.87,0.6732103142245052
rxn_1_2567,1,0.21,0.5972675689785859
rxn_1_2568,1,0.71,0.6354783751985983
rxn_1_2569,1,0.7,0.6931024359710004
rxn_1_2570,1,0.32,0.39406225573853915
rxn_1_2571,1,0.75,0.7323186771370757
rxn_1_2572,1,0.675,0.6125552431592152
rxn_1_2573,1,0.55,0.6630273123759662
rxn_1_2574,1,0.83,0.8075428659852895
rxn_1_2575,1,0.832,0.4600790663782412
rxn_1_2576,1,0.3,0.5786108330368411
rxn_1_2577,1,0.32,0.519611797243697
rxn_1_2578,1,0.55,0.5449116736291416
rxn_1_2579,1,0.53,0.36345114989179095
rxn_1_2580,1,0.51,0.674021922149017
rxn_1_2581,1,0.9,0.6597958987122102
rxn_1_2582,1,0.9,0.6004941457321668
rxn_1_2583,1,0.86,0.5295706661974956
rxn_1_2584,1,1.0,0.72221255766213
rxn_1_2585,1,0.66,0.6464431226850075
rxn_1_2586,1,0.18,0.2747518545171868
rxn_1_2587,1,0.92,0.6943117362080758
rxn_1_2588,1,0.38,0.4375633427454892
rxn_1_2589,1,0.56,0.6006702253035986
rxn_1_2590,1,0.909,0.7141953789522177
rxn_1_2591,1,0.88,0.6870508585733365
rxn_1_2592,1,0.41,0.589699020841585
rxn_1_2593,1,0.26,0.5815245352009617
rxn_1_2594,1,0.81,0.7825634353240063
rxn_1_2595,1,0.5,0.6160015267084736
rxn_1_2596,1,0.32,0.6496085580003328
rxn_1_2597,1,0.125,0.5402463672830837
rxn_1_2598,1,0.15,0.5748292732227261
rxn_1_2599,1,0.47,0.6060094170440306
rxn_1_2600,1,0.53,0.5517713162034577
rxn_1_2601,1,0.43,0.629057209354868
rxn_1_2602,1,0.81,0.6395046733479531
rxn_1_2603,1,0.38,0.6846997674682139
rxn_1_2604,1,0.32,0.565784984739479
rxn_1_2605,1,0.58,0.7157655758309329
rxn_1_2606,1,0.74,0.6938439108932309
rxn_1_2607,1,0.42,0.5023086128325506
rxn_1_2608,1,0.19,0.5513997021541187
rxn_1_2609,1,0.5,0.6297571520877531
rxn_1_2610,1,0.86,0.6682484017965663
rxn_1_2611,1,0.47,0.508425650628626
rxn_1_2612,1,0.95,0.6581736018284153
rxn_1_2613,1,0.5,0.5710499023227921
rxn_1_2614,1,0.99,0.6384442651872999
rxn_1_2615,1,0.95,0.7780511959087061
rxn_2_0,2,0.78,0.7399997238102842
rxn_2_1,2,0.79,0.7892985078475948
rxn_2_2,2,0.675,0.7935135245231736
rxn_2_3,2,0.9,0.7608900715704748
rxn_2_4,2,0.74,0.7313918901910275
rxn_2_5,2,0.45,0.4968437360750659
rxn_2_6,2,0.92,0.7209307736814693
rxn_2_7,2,0.42,0.4484608163368556
rxn_2_8,2,0.64,0.5471803615122351
rxn_2_9,2,0.06,0.706896506242428
rxn_2_10,2,0.89,0.7865454190572804
rxn_2_11,2,0.8,0.6167682503369868
rxn_2_12,2,0.55,0.6883056594733756
rxn_2_13,2,0.32,0.48181743692344337
rxn_2_14,2,0.6,0.6294088931800313
rxn_2_15,2,0.94,0.7885999766009584
rxn_2_16,2,0.86,0.8469599122763828
rxn_2_17,2,0.29,0.6356170885837057
rxn_2_18,2,0.19,0.5513089190836297
rxn_2_19,2,0.45,0.8076167329689525
rxn_2_20,2,0.79,0.7196916736574174
rxn_2_21,2,0.57,0.5800386256011781
rxn_2_22,2,0.62,0.6083571315451358
rxn_2_23,2,0.49,0.5439518217264369
rxn_2_24,2,0.99,0.7942999586682132
rxn_2_25,2,0.7,0.7315893949981015
rxn_2_26,2,0.98,0.9309145343805812
rxn_2_27,2,0.53,0.6053405033499865
rxn_2_28,2,0.53,0.6402484693123603
rxn_2_29,2,0.82,0.696165554042528
rxn_2_30,2,0.74,0.729387678246336
rxn_2_31,2,0.47,0.4630959786364192
rxn_2_32,2,0.45,0.616221340087106
rxn_2_33,2,0.9,0.7310812108834828
rxn_2_34,2,0.71,0.7959554711381139
rxn_2_35,2,0.59,0.44130011626505433
rxn_2_36,2,0.89,0.8375262389685444
rxn_2_37,2,0.52,0.7146212770938947
rxn_2_38,2,0.99,0.9152714207194018
rxn_2_39,2,0.97,0.7804102172629527
rxn_2_40,2,0.88,0.7056023881717587
rxn_2_41,2,0.81,0.71688585697469
rxn_2_42,2,0.86,0.9030055588076052
rxn_2_43,2,0.83,0.8003038665116166
rxn_2_44,2,0.69,0.65738298209989
rxn_2_45,2,0.95,0.8056845575844758
rxn_2_46,2,0.74,0.6778374800861563
rxn_2_47,2,0.81,0.7664724516140166
rxn_2_48,2,0.72,0.6668094758204802
rxn_2_49,2,0.78,0.6415377276189632
rxn_2_50,2,0.32,0.5485745955833935
rxn_2_51,2,0.79,0.7772034775221602
rxn_2_52,2,0.78,0.7287439291901672
rxn_2_53,2,0.12,0.5951420396885029
rxn_2_54,2,0.68,0.5905722483141209
rxn_2_55,2,0.91,0.8273119113128068
rxn_2_56,2,0.54,0.723455440122628
rxn_2_57,2,0.99,0.8802667500925722
rxn_2_58,2,0.86,0.7807418089155466
rxn_2_59,2,0.89,0.8391746219238566
rxn_2_60,2,0.85,0.7311650220690398
rxn_2_61,2,0.45,0.6208541302424201
rxn_2_62,2,0.48,0.6961840152128188
rxn_2_63,2,0.93,0.866448032953595
rxn_2_64,2,0.5,0.49871164939822327
rxn_2_65,2,0.81,0.7173960206750477
rxn_2_66,2,0.78,0.7495615268636838
rxn_2_67,2,0.93,0.8114517921689925
rxn_2_68,2,0.82,0.741128211388661
rxn_2_69,2,0.28,0.5884825552948462
rxn_2_70,2,0.86,0.7731244561272471
rxn_2_71,2,0.89,0.7622423099394847
rxn_2_72,2,0.99,0.6596561979958552
rxn_2_73,2,0.6,0.6946458935036611
rxn_2_74,2,0.82,0.810982740814333
rxn_2_75,2,0.9,0.8455036858199985
rxn_2_76,2,0.84,0.5533086821271977
rxn_2_77,2,0.8,0.6435469450694908
rxn_2_78,2,0.64,0.7712144608449654
rxn_2_79,2,0.86,0.8125289724475598
rxn_2_80,2,0.72,0.5929197380206684
rxn_2_81,2,0.31,0.6511190751129502
rxn_2_82,2,0.47,0.5056943727718238
rxn_2_83,2,0.46,0.5113396397480475
rxn_2_84,2,0.73,0.7033575124037915
rxn_2_85,2,0.47,0.6475849775400501
rxn_2_86,2,0.57,0.7269210934498821
rxn_2_87,2,0.54,0.5915179528692088
rxn_2_88,2,0.51,0.5680975039475425
rxn_2_89,2,0.62,0.7534535939772935
rxn_2_90,2,0.68,0.694119502474854
rxn_2_91,2,0.92,0.7762932709335905
rxn_2_92,2,0.91,0.8672276255933878
rxn_2_93,2,0.85,0.7871851420616028
rxn_2_94,2,0.42,0.7166264274315551
rxn_2_95,2,0.825,0.6680482309065181
rxn_2_96,2,0.67,0.6223470038947955
rxn_2_97,2,0.92,0.7033196515291614
rxn_2_98,2,0.58,0.5703206859829202
rxn_2_99,2,0.6,0.7163322055119755
rxn_2_100,2,0.65,0.5656330171149703
rxn_2_101,2,0.73,0.6960038488683322
rxn_2_102,2,0.6,0.7261571300503223
rxn_2_103,2,0.77,0.7137539220090119
rxn_2_104,2,0.6,0.5605384524491975
rxn_2_105,2,0.54,0.5954564182243559
rxn_2_106,2,0.8,0.7388850193347251
rxn_2_107,2,0.99,0.7367218656728128
rxn_2_108,2,0.91,0.8368723887369596
rxn_2_109,2,0.78,0.7347687723975561
rxn_2_110,2,0.64,0.7018777327654396
rxn_2_111,2,0.799,0.8129183449477771
rxn_2_112,2,0.52,0.6894637904497363
rxn_2_113,2,0.98,0.8287977313664614
rxn_2_114,2,0.57,0.694332456218106
rxn_2_115,2,0.34,0.865631310469105
rxn_2_116,2,0.95,0.6502474045970752
rxn_2_117,2,0.66,0.7977336548529851
rxn_2_118,2,0.9,0.826175949703341
rxn_2_119,2,0.65,0.6650296496974523
rxn_2_120,2,0.94,0.6087945530685842
rxn_2_121,2,0.91,0.732511232014151
rxn_2_122,2,0.73,0.7065920779525018
rxn_2_123,2,0.52,0.5911931182664715
rxn_2_124,2,0.93,0.74777045579657
rxn_2_125,2,0.52,0.7109722738645733
rxn_2_126,2,0.74,0.7197793164730198
rxn_2_127,2,0.98,0.7688238737845436
rxn_2_128,2,0.42,0.6040055066511472
rxn_2_129,2,0.67,0.7207480003285444
rxn_2_130,2,0.9,0.7289021802970134
rxn_2_131,2,0.95,0.9089352853374836
rxn_2_132,2,0.73,0.8140664992209593
rxn_2_133,2,0.88,0.7261357258542155
rxn_2_134,2,0.89,0.7391886505551587
rxn_2_135,2,0.89,0.6320397410200643
rxn_2_136,2,0.16,0.4936068538280319
rxn_2_137,2,0.92,0.9351616169636081
rxn_2_138,2,0.26,0.6419302724252757
rxn_2_139,2,0.62,0.6821042853853657
rxn_2_140,2,0.36,0.6409704129579011
rxn_2_141,2,0.12,0.45173602201016166
rxn_2_142,2,0.74,0.7048285808443859
rxn_2_143,2,0.95,0.99090716249132
rxn_2_144,2,0.83,0.7210868945911909
rxn_2_145,2,0.48,0.8639823458699025
rxn_2_146,2,0.7,0.6748994861193287
rxn_2_147,2,0.82,0.8371878533567436
rxn_2_148,2,0.72,0.6566213954735098
rxn_2_149,2,0.51,0.5838239984914511
rxn_2_150,2,0.63,0.7332534152377616
rxn_2_151,2,0.88,0.8066320654638647
rxn_2_152,2,0.95,0.8487179127948329
rxn_2_153,2,0.65,0.6866154130061141
rxn_2_154,2,0.92,0.8003807344150972
rxn_2_155,2,0.55,0.6405511115509731
rxn_2_156,2,0.97,0.84660628062514
rxn_2_157,2,0.77,0.6423694848066791
rxn_2_158,2,0.68,0.7403142233848307
rxn_2_159,2,0.86,0.7352302148567363
rxn_2_160,2,0.45,0.5613924206322184
rxn_2_161,2,0.89,0.8521939035032555
rxn_2_162,2,0.84,0.6596907638677555
rxn_2_163,2,0.75,0.7163223091645031
rxn_2_164,2,0.73,0.7208974095432312
rxn_2_165,2,0.65,0.7784013995963218
rxn_2_166,2,0.75,0.733712127729631
rxn_2_167,2,0.67,0.7658260883992537
rxn_2_168,2,0.77,0.6828500547705681
rxn_2_169,2,0.95,0.9108990410882652
rxn_2_170,2,0.83,0.6473173735594221
rxn_2_171,2,0.91,0.7586905812875072
rxn_2_172,2,0.95,0.8472477754325465
rxn_2_173,2,0.92,0.7671436291269895
rxn_2_174,2,0.78,0.7660538776767652
rxn_2_175,2,0.85,0.6778474735155148
rxn_2_176,2,0.97,0.9137058882140163
rxn_2_177,2,0.58,0.5408005116728813
rxn_2_178,2,0.73,0.6778543845272642
rxn_2_179,2,0.87,0.563572182910545
rxn_2_180,2,0.95,0.6552096976704274
rxn_2_181,2,0.73,0.692165250817616
rxn_2_182,2,0.76,0.7156744404291713
rxn_2_183,2,0.92,0.784038536839919
rxn_2_184,2,0.81,0.785677180458626
rxn_2_185,2,0.99,0.9719005795071455
rxn_2_186,2,0.8,0.5438463787920548
rxn_2_187,2,0.56,0.6687712649905255
rxn_2_188,2,0.87,0.7490295831458039
rxn_2_189,2,0.96,0.708620199263856
rxn_2_190,2,0.95,0.9009865197917107
rxn_2_191,2,0.59,0.5815876041689584
rxn_2_192,2,0.74,0.6878669803242939
rxn_2_193,2,0.7,0.7447562360946476
rxn_2_194,2,0.73,0.5188570060404613
rxn_2_195,2,0.46,0.6144740588016161
rxn_2_196,2,0.18,0.555878127078972
rxn_2_197,2,0.76,0.5475311620840587
rxn_2_198,2,0.51,0.7310843877616353
rxn_2_199,2,0.78,0.7230338749446296
rxn_2_200,2,0.81,0.7133265982716018
rxn_2_201,2,0.89,0.6953092335188327
rxn_2_202,2,0.45,0.6181503864578232
rxn_2_203,2,0.82,0.7759190008574611
rxn_2_204,2,0.93,0.7001329777750098
rxn_2_205,2,0.6,0.7802412736642811
rxn_2_206,2,0.87,0.8497889598729044
rxn_2_207,2,0.98,0.9162588587195356
rxn_2_208,2,0.83,0.7639384521283423
rxn_2_209,2,0.83,0.8458680863931853
rxn_2_210,2,0.16,0.5578312317892083
rxn_2_211,2,0.82,0.7905083682128099
rxn_2_212,2,0.6,0.423950154288902
rxn_2_213,2,0.76,0.742130232537786
rxn_2_214,2,1.0,0.7262754069167832
rxn_2_215,2,0.21,0.7922956313699564
rxn_2_216,2,0.92,0.7476632526412766
rxn_2_217,2,0.814,0.7930432655276408
rxn_2_218,2,0.7,0.7356959183629298
rxn_2_219,2,0.6,0.7078017114193024
rxn_2_220,2,0.45,0.6367912570931872
rxn_2_221,2,0.4,0.6935724161167794
rxn_2_222,2,0.82,0.7019876549862657
rxn_2_223,2,0.23,0.5287148736134183
rxn_2_224,2,0.68,0.8026346260338322
rxn_2_225,2,0.94,0.8559735791633191
rxn_2_226,2,0.17,0.7476226736722342
rxn_2_227,2,0.49,0.44765634514321945
rxn_2_228,2,0.9,0.773308019558724
rxn_2_229,2,0.6,0.6246634286150303
rxn_2_230,2,0.97,0.9396324677724012
rxn_2_231,2,0.76,0.5063061773834813
rxn_2_232,2,0.5,0.6393438332397837
rxn_2_233,2,0.94,0.8483665205017442
rxn_2_234,2,0.96,0.8034439011061011
rxn_2_235,2,0.87,0.8032584656223624
rxn_2_236,2,0.99,0.945498892084551
rxn_2_237,2,0.52,0.7625845922322353
rxn_2_238,2,0.51,0.6260632959887976
rxn_2_239,2,0.93,0.812153706597559
rxn_2_240,2,0.99,0.902476455211859
rxn_2_241,2,0.72,0.704686587800333
rxn_2_242,2,0.53,0.6770831926106539
rxn_2_243,2,0.97,0.9632633991581243
rxn_2_244,2,0.75,0.6364028138631946
rxn_2_245,2,0.83,0.7937990167996407
rxn_2_246,2,0.74,0.6453133760642836
rxn_2_247,2,0.433,0.4989292041148152
rxn_2_248,2,0.99,0.6157604172290415
rxn_2_249,2,0.86,0.8380720497437633
rxn_2_250,2,0.3353,0.48382558041039997
rxn_2_251,2,0.58,0.576939333697417
rxn_2_252,2,0.81,0.8601486672027664
rxn_2_253,2,0.99,0.8872781327809692
rxn_2_254,2,0.82,0.8098067613988883
rxn_2_255,2,0.77,0.6938191242479052
rxn_2_256,2,0.98,0.7651251322090786
rxn_2_257,2,0.98,0.7460985075273823
rxn_2_258,2,0.82,0.7262604567176968
rxn_2_259,2,0.81,0.8233247806474425
rxn_2_260,2,0.51,0.6580973055467356
rxn_2_261,2,0.85,0.6269746657499957
rxn_2_262,2,0.76,0.7404866639815464
rxn_2_263,2,0.731,0.80914195967654
rxn_2_264,2,0.9,0.8652066395305158
rxn_2_265,2,0.86,0.7499514483604957
rxn_2_266,2,0.7,0.6660579494624167
rxn_2_267,2,0.43,0.7335870693063223
rxn_2_268,2,0.84,0.6971908523862028
rxn_2_269,2,0.72,0.7306805241592661
rxn_2_270,2,0.25,0.39760986890519767
rxn_2_271,2,0.16,0.4269099784706609
rxn_2_272,2,0.9,0.8427759704320642
rxn_2_273,2,0.71,0.5973415210931495
rxn_2_274,2,0.91,0.7770420571424171
rxn_2_275,2,0.7544,0.5005382291863979
rxn_2_276,2,0.8,0.7484338293310127
rxn_2_277,2,0.92,0.6144824402428665
rxn_2_278,2,0.76,0.7319286043062183
rxn_2_279,2,0.53,0.583585128226351
rxn_2_280,2,0.75,0.6676207673219942
rxn_2_281,2,0.53,0.6729718839616315
rxn_2_282,2,0.59,0.5808780115400831
rxn_2_283,2,0.83,0.7165767619335405
rxn_2_284,2,0.73,0.6672408330840659
rxn_2_285,2,0.66,0.6733641570447854
rxn_2_286,2,0.54,0.7043359191470503
rxn_2_287,2,0.71,0.7164800288922964
rxn_2_288,2,0.82,0.8445283962842046
rxn_2_289,2,0.74,0.6832838968939946
rxn_2_290,2,0.45,0.7715118860776502
rxn_2_291,2,0.96,0.9454757493099416
rxn_2_292,2,0.37,0.6260057080299785
rxn_2_293,2,0.76,0.7110813145376595
rxn_2_294,2,0.45,0.8166006042827302
rxn_2_295,2,0.81,0.7115963043309291
rxn_2_296,2,0.56,0.5101566008525337
rxn_2_297,2,0.82,0.7169425168817775
rxn_2_298,2,0.2,0.5102470044297625
rxn_2_299,2,0.53,0.3904689445551131
rxn_2_300,2,0.84,0.8642925966399072
rxn_2_301,2,0.23,0.6362417448991458
rxn_2_302,2,0.65,0.6959112945537195
rxn_2_303,2,0.85,0.7696315421578109
rxn_2_304,2,0.76,0.6938999123822235
rxn_2_305,2,0.79,0.7789919497210906
rxn_2_306,2,0.72,0.6827854066957592
rxn_2_307,2,0.87,0.8418873080933563
rxn_2_308,2,0.62,0.5170563368447211
rxn_2_309,2,0.28,0.5023961016854752
rxn_2_310,2,0.31,0.330256437550019
rxn_2_311,2,0.96,0.7552020987498743
rxn_2_312,2,0.93,0.5433322392299786
rxn_2_313,2,0.94,0.8945364216565156
rxn_2_314,2,0.15,0.34694251510572865
rxn_2_315,2,0.53,0.3679149655121388
rxn_2_316,2,0.74,0.7161027243425716
rxn_2_317,2,0.41,0.776251777552906
rxn_2_318,2,0.98,0.812871432350236
rxn_2_319,2,0.67,0.7132984576195233
rxn_2_320,2,0.93,0.839645486753276
rxn_2_321,2,0.99,0.8599153192203564
rxn_2_322,2,0.5,0.4945274716336001
rxn_2_323,2,0.95,0.7468234114144714
rxn_2_324,2,0.7,0.6841957742805057
rxn_2_325,2,0.69,0.7963728958912615
rxn_2_326,2,0.61,0.6449574893645122
rxn_2_327,2,0.35,0.6840105118597631
rxn_2_328,2,0.72,0.6951327415053189
rxn_2_329,2,0.98,0.830624086816797
rxn_2_330,2,0.96,0.7040797767141941
rxn_2_331,2,0.36,0.4635433085137586
rxn_2_332,2,0.7,0.8354468674724709
rxn_2_333,2,0.8,0.6884026747687785
rxn_2_334,2,0.67,0.6158202327973272
rxn_2_335,2,0.29,0.5450221308578206
rxn_2_336,2,0.53,0.6236427930635099
rxn_2_337,2,0.94,0.8956581233308313
rxn_2_338,2,0.71,0.7432608168862685
rxn_2_339,2,0.67,0.6507059150828584
rxn_2_340,2,0.86,0.7375598188201052
rxn_2_341,2,0.85,0.82806685908795
rxn_2_342,2,0.77,0.8198148903288068
rxn_2_343,2,0.44,0.5886554131029694
rxn_2_344,2,0.88,0.7526047896273891
rxn_2_345,2,0.64,0.7879744675544421
rxn_2_346,2,0.66,0.5875665590086251
rxn_2_347,2,0.92,0.6713048706275647
rxn_2_348,2,0.73,0.6202951016423074
rxn_2_349,2,0.82,0.7999882901167444
rxn_2_350,2,0.56,0.7666792965614748
rxn_2_351,2,0.66,0.7635956244157777
rxn_2_352,2,1.0,0.8236281057846467
rxn_2_353,2,0.96,0.9280726058970851
rxn_2_354,2,0.73,0.6940131763409946
rxn_2_355,2,0.71,0.7099238046247148
rxn_2_356,2,0.88,0.8216040784659658
rxn_2_357,2,0.9,0.75961686330259
rxn_2_358,2,0.75,0.7872577342935543
rxn_2_359,2,0.98,0.8053512477440803
rxn_2_360,2,0.32,0.7154379768670168
rxn_2_361,2,0.66,0.6295611928600472
rxn_2_362,2,0.7,0.49189803039724267
rxn_2_363,2,0.1169,0.32712490038628456
rxn_2_364,2,0.47,0.7295223187727219
rxn_2_365,2,0.62,0.7891386319970769
rxn_2_366,2,0.82,0.6903006388021916
rxn_2_367,2,0.46,0.691181572031315
rxn_2_368,2,0.62,0.8178245555788545
rxn_2_369,2,0.45,0.5522193871975591
rxn_2_370,2,0.81,0.6531668560398186
rxn_2_371,2,0.21,0.45677868955387746
rxn_2_372,2,0.96,0.8814784567315348
rxn_2_373,2,0.52,0.6024813238890389
rxn_2_374,2,0.89,0.8612903843922685
rxn_2_375,2,0.84,0.7254988216996875
rxn_2_376,2,0.86,0.8041324317499128
rxn_2_377,2,0.93,0.8840560035145213
rxn_2_378,2,0.7,0.6246236524800202
rxn_2_379,2,0.63,0.6084299194689046
rxn_2_380,2,0.93,0.893425342983908
rxn_2_381,2,0.8,0.7592612331578327
rxn_2_382,2,0.45,0.548011970237524
rxn_2_383,2,0.98,0.8536400298983541
rxn_2_384,2,0.06,0.6630688677046322
rxn_2_385,2,0.992,0.7574107934417493
rxn_2_386,2,0.99,0.6504516614214483
rxn_2_387,2,0.7,0.5847920116434127
rxn_2_388,2,0.75,0.7479105130342875
rxn_2_389,2,0.14,0.3707075354353085
rxn_2_390,2,0.27,0.5549352620569167
rxn_2_391,2,0.74,0.7633579075829768
rxn_2_392,2,0.6,0.7466095395450311
rxn_2_393,2,0.86,0.6464923611202203
rxn_2_394,2,0.86,0.8481690773837203
rxn_2_395,2,0.8,0.5488086673092988
rxn_2_396,2,0.6,0.6751336900702283
rxn_2_397,2,0.82,0.8068748369941395
rxn_2_398,2,0.84,0.7756492116092956
rxn_2_399,2,0.38,0.5148598443295918
rxn_2_400,2,0.92,0.8663086417764365
rxn_2_401,2,0.76,0.7461096496904753
rxn_2_402,2,0.67,0.6153036442049088
rxn_2_403,2,0.78,0.7413721248961836
rxn_2_404,2,0.85,0.7960254975822559
rxn_2_405,2,0.84,0.7616007130562057
rxn_2_406,2,0.42,0.788013069395992
rxn_2_407,2,0.59,0.6060311837083353
rxn_2_408,2,0.87,0.803524250526217
rxn_2_409,2,0.91,0.7957794556760153
rxn_2_410,2,0.33,0.645586960857265
rxn_2_411,2,0.31,0.5050681212822591
rxn_2_412,2,0.75,0.695338105621313
rxn_2_413,2,0.64,0.7656248981776912
rxn_2_414,2,0.98,0.8533171466407089
rxn_2_415,2,0.89,0.8810378330657835
rxn_2_416,2,0.91,0.8248384509672441
rxn_2_417,2,0.71,0.6821566884256386
rxn_2_418,2,0.21,0.6933463733979629
rxn_2_419,2,0.39,0.545593081195887
rxn_2_420,2,0.56,0.5287890182318464
rxn_2_421,2,0.74,0.7552522947145249
rxn_2_422,2,0.95,0.7708473169803801
rxn_2_423,2,0.78,0.8336322386593648
rxn_2_424,2,0.8,0.9184150207848575
rxn_2_425,2,0.44,0.32262845722212735
rxn_2_426,2,0.86,0.8362489380227323
rxn_2_427,2,0.9,0.8867010322577524
rxn_2_428,2,0.83,0.8391324871626183
rxn_2_429,2,0.74,0.704647394671508
rxn_2_430,2,0.73,0.6690825278942251
rxn_2_431,2,0.92,0.9136607488754004
rxn_2_432,2,0.69,0.6942212724205978
rxn_2_433,2,0.93,0.853685829279463
rxn_2_434,2,0.85,0.7981316755697171
rxn_2_435,2,0.84,0.7786378171272516
rxn_2_436,2,0.81,0.7580981837067077
rxn_2_437,2,0.5,0.6835161462608995
rxn_2_438,2,0.27,0.6472453489036317
rxn_2_439,2,1.0,0.7271715336299639
rxn_2_440,2,0.6,0.6654819797064552
rxn_2_441,2,0.69,0.6475915074121924
rxn_2_442,2,0.86,0.4991601912312417
rxn_2_443,2,0.88,0.7138932332019713
rxn_2_444,2,0.79,0.7795457314133779
rxn_2_445,2,0.78,0.7510495191917448
rxn_2_446,2,0.78,0.7654223541012838
rxn_2_447,2,0.88,0.770013990663466
rxn_2_448,2,0.66,0.602113718224888
rxn_2_449,2,0.48,0.5581849387050529
rxn_2_450,2,0.98,0.6968469845493299
rxn_2_451,2,0.68,0.7285448315501584
rxn_2_452,2,0.49,0.6612018769483695
rxn_2_453,2,0.8,0.6384747253012822
rxn_2_454,2,0.89,0.7046525333880385
rxn_2_455,2,0.46,0.6158099242326133
rxn_2_456,2,0.83,0.6638301913620476
rxn_2_457,2,0.83,0.7780632169449264
rxn_2_458,2,0.15,0.606590711685924
rxn_2_459,2,0.62,0.6780207107577839
rxn_2_460,2,1.0,0.8757143680977212
rxn_2_461,2,0.63,0.6343053966053686
rxn_2_462,2,0.82,0.6877983836839118
rxn_2_463,2,0.49,0.5637733452826411
rxn_2_464,2,0.74,0.4198539708551186
rxn_2_465,2,0.7,0.7199542052145462
rxn_2_466,2,0.77,0.7352608020170615
rxn_2_467,2,1.0,0.9252268277989751
rxn_2_468,2,0.78,0.7181822850595682
rxn_2_469,2,0.78,0.7445641944611482
rxn_2_470,2,0.52,0.4314311981793753
rxn_2_471,2,0.56,0.7988190694283214
rxn_2_472,2,0.79,0.5364862452107597
rxn_2_473,2,1.0,0.7006095643096305
rxn_2_474,2,0.32,0.6013416308257545
rxn_2_475,2,0.7,0.8676041850559667
rxn_2_476,2,0.84,0.6509651699789835
rxn_2_477,2,0.66,0.5696122362418189
rxn_2_478,2,0.75,0.8545378008300237
rxn_2_479,2,0.14,0.7920659002916203
rxn_2_480,2,0.722,0.7052898093320553
rxn_2_481,2,0.19,0.6493916642964486
rxn_2_482,2,0.82,0.8322310312764746
rxn_2_483,2,0.52,0.7529676102070472
rxn_2_484,2,0.87,0.6656656222293056
rxn_2_485,2,0.76,0.6672602413141661
rxn_2_486,2,0.94,0.8581578097010386
rxn_2_487,2,0.99,0.7985225290936772
rxn_2_488,2,0.82,0.767523702427968
rxn_2_489,2,0.38,0.5981110192073408
rxn_2_490,2,0.73,0.7255566553371645
rxn_2_491,2,0.82,0.8018152408807259
rxn_2_492,2,0.68,0.7375666980133886
rxn_2_493,2,0.82,0.8891257921949384
rxn_2_494,2,0.82,0.851007584389481
rxn_2_495,2,0.88,0.7991534549246961
rxn_2_496,2,0.51,0.683591664728746
rxn_2_497,2,0.87,0.5155010353581071
rxn_2_498,2,0.71,0.7477799275460028
rxn_2_499,2,0.91,0.8864727981113862
rxn_2_500,2,0.13,0.4116644818900004
rxn_2_501,2,0.22,0.6688601261600864
rxn_2_502,2,0.59,0.7627480364376776
rxn_2_503,2,0.88,0.8927124993319854
rxn_2_504,2,0.9,0.8213214015316405
rxn_2_505,2,0.67,0.7024865480612922
rxn_2_506,2,0.4,0.6746546675398664
rxn_2_507,2,0.53,0.7319902280323555
rxn_2_508,2,0.87,0.7063670334685123
rxn_2_509,2,0.777,0.7874810741251087
rxn_2_510,2,0.58,0.5619592012724418
rxn_2_511,2,0.4,0.39354270252278
rxn_2_512,2,0.86,0.7567457156880676
rxn_2_513,2,0.127,0.361390157696525
rxn_2_514,2,0.9,0.7807268944347977
rxn_2_515,2,0.345,0.5338575083215762
rxn_2_516,2,0.93,0.8589098606486766
rxn_2_517,2,0.59,0.648903559821126
rxn_2_518,2,0.84,0.8407517044033049
rxn_2_519,2,0.81,0.7864808226837662
rxn_2_520,2,0.7,0.7557276486142438
rxn_2_521,2,0.5,0.7098660634733703
rxn_2_522,2,0.97,0.8888780049682999
rxn_2_523,2,0.87,0.7896787901694955
rxn_2_524,2,0.86,0.7226562632363732
rxn_2_525,2,0.73,0.6489120685573163
rxn_2_526,2,0.76,0.7932738505671622
rxn_2_527,2,0.91,0.8962540168734813
rxn_2_528,2,0.78,0.6961202538601494
rxn_2_529,2,0.2,0.5480375868461994
rxn_2_530,2,0.81,0.68071803070873
rxn_2_531,2,0.709,0.753433575034587
rxn_2_532,2,0.91,0.784721679459642
rxn_2_533,2,0.98,0.8277183186654812
rxn_2_534,2,0.8,0.7133334924540317
rxn_2_535,2,0.75,0.7224653320367157
rxn_2_536,2,0.91,0.7084496294906341
rxn_2_537,2,0.79,0.6703010916807104
rxn_2_538,2,0.61,0.8082421059842448
rxn_2_539,2,0.75,0.7179741107126333
rxn_2_540,2,0.63,0.7559474603874081
rxn_2_541,2,0.31,0.3165646004591799
rxn_2_542,2,0.76,0.6481835671569575
rxn_2_543,2,0.806,0.7792520020170164
rxn_2_544,2,0.46,0.7295215391643906
rxn_2_545,2,0.6,0.668889133633204
rxn_2_546,2,0.89,0.7818887099806254
rxn_2_547,2,0.08,0.583981155533917
rxn_2_548,2,0.87,0.7975051123795951
rxn_2_549,2,0.32,0.6347184018125976
rxn_2_550,2,0.51,0.7954345281811547
rxn_2_551,2,0.82,0.8574664760971814
rxn_2_552,2,0.95,0.6974770944962442
rxn_2_553,2,0.29,0.4642110454475465
rxn_2_554,2,0.55,0.5605806762485334
rxn_2_555,2,0.85,0.6868870940529237
rxn_2_556,2,0.8,0.7995382411178903
rxn_2_557,2,0.82,0.758824545888053
rxn_2_558,2,0.96,0.9365864108053632
rxn_2_559,2,0.46,0.5845932795949472
rxn_2_560,2,0.78,0.7863553761290412
rxn_2_561,2,0.6,0.5972184310762927
rxn_2_562,2,0.85,0.7560941120231077
rxn_2_563,2,0.22,0.6046588642906854
rxn_2_564,2,0.87,0.7650768983676074
rxn_2_565,2,0.87,0.8494062666711361
rxn_2_566,2,0.85,0.7203232652818877
rxn_2_567,2,0.65,0.5872409623087974
rxn_2_568,2,0.73,0.7242943877876078
rxn_2_569,2,0.24,0.7708031204742499
rxn_2_570,2,0.96,0.7497514765445269
rxn_2_571,2,0.71,0.7922328249615065
rxn_2_572,2,0.59,0.6522105027922038
rxn_2_573,2,0.44,0.37910030295666886
rxn_2_574,2,0.9,0.9213352784955567
rxn_2_575,2,0.99,0.8610375621514553
rxn_2_576,2,0.73,0.729559891902738
rxn_2_577,2,0.22,0.49738537417160006
rxn_2_578,2,0.69,0.6456712574680936
rxn_2_579,2,0.81,0.6421949606577174
rxn_2_580,2,0.83,0.8426472146160561
rxn_2_581,2,0.83,0.7786065368311649
rxn_2_582,2,0.8,0.6480934159656555
rxn_2_583,2,0.75,0.7521618943460474
rxn_2_584,2,0.78,0.7394787912480848
rxn_2_585,2,0.9,0.8011415913448747
rxn_2_586,2,0.68,0.8057760495906093
rxn_2_587,2,0.77,0.6003250512326316
rxn_2_588,2,0.6,0.6795603727337243
rxn_2_589,2,0.566,0.7743141627101272
rxn_2_590,2,0.97,0.8344420891822559
rxn_2_591,2,0.98,0.9307560649590464
rxn_2_592,2,0.76,0.7027079527005803
rxn_2_593,2,0.94,0.8552035475859379
rxn_2_594,2,0.88,0.7457025174440003
rxn_2_595,2,0.78,0.7942283168614462
rxn_2_596,2,0.27,0.6920146483539941
rxn_2_597,2,0.5,0.6033322427075326
rxn_2_598,2,0.8,0.7665326003025146
rxn_2_599,2,0.72,0.7040497778820026
rxn_2_600,2,0.9,0.8870347035255001
rxn_2_601,2,0.78,0.7532657827433166
rxn_2_602,2,0.72,0.8409266436524391
rxn_2_603,2,0.917,0.6852341154178324
rxn_2_604,2,0.81,0.8026193841716007
rxn_2_605,2,0.97,0.7715599340886742
rxn_2_606,2,0.26,0.4054036864240184
rxn_2_607,2,0.4,0.6012525639486207
rxn_2_608,2,0.92,0.8787538867166701
rxn_2_609,2,0.73,0.6627278935350204
rxn_2_610,2,0.46,0.5833973576976688
rxn_2_611,2,0.92,0.8304318713342624
rxn_2_612,2,0.61,0.5211366753960296
rxn_2_613,2,0.71,0.7847535908129636
rxn_2_614,2,0.9,0.7680334804465149
rxn_2_615,2,0.57,0.5994421999209204
rxn_2_616,2,0.7,0.7463702959748292
rxn_2_617,2,0.74,0.782369888400649
rxn_2_618,2,0.78,0.7823447732137829
rxn_2_619,2,0.91,0.8177535784483229
rxn_2_620,2,0.52,0.6998562348540153
rxn_2_621,2,0.42,0.5868285361586648
rxn_2_622,2,0.92,0.9067973232934943
rxn_2_623,2,0.72,0.6923820334394243
rxn_2_624,2,0.45,0.5585166797764198
rxn_2_625,2,0.76,0.6955918133134938
rxn_2_626,2,0.81,0.8548591146866974
rxn_2_627,2,0.94,0.9031560751947662
rxn_2_628,2,0.84,0.7877190065744384
rxn_2_629,2,0.29,0.363233357826418
rxn_2_630,2,0.8,0.7087006734974345
rxn_2_631,2,0.75,0.6990045882188304
rxn_2_632,2,0.42,0.6455426368630408
rxn_2_633,2,0.83,0.7304488027679454
rxn_2_634,2,0.44,0.42004954724215154
rxn_2_635,2,0.99,0.7765890262963211
rxn_2_636,2,0.6,0.6578887192886075
rxn_2_637,2,0.69,0.7556332956459477
rxn_2_638,2,0.95,0.9183104811405675
rxn_2_639,2,0.86,0.8324540317691532
rxn_2_640,2,0.84,0.7659654217877367
rxn_2_641,2,0.93,0.9437179345336956
rxn_2_642,2,0.69,0.6619106437027624
rxn_2_643,2,0.99,0.6592849007413727
rxn_2_644,2,0.94,0.7256699073076911
rxn_2_645,2,0.89,0.7579527027495357
rxn_2_646,2,0.98,0.8035794052055077
rxn_2_647,2,0.5,0.523685502188339
rxn_2_648,2,0.5,0.5193925572067843
rxn_2_649,2,0.88,0.7911056731589255
rxn_2_650,2,0.67,0.7982709388713193
rxn_2_651,2,0.8,0.7092928193289145
rxn_2_652,2,1.0,0.6682750374781506
rxn_2_653,2,0.58,0.3702169241770809
rxn_2_654,2,0.24,0.7237447551893667
rxn_2_655,2,0.33,0.672297087944019
rxn_2_656,2,0.79,0.8149652569230946
rxn_2_657,2,0.57,0.6638200933099275
rxn_2_658,2,0.74,0.7943478392224952
rxn_2_659,2,0.2,0.5379913188678062
rxn_2_660,2,0.9,0.8499646410664116
rxn_2_661,2,0.24,0.8253715144156027
rxn_2_662,2,0.5,0.5893867955048234
rxn_2_663,2,0.34,0.8102484649247769
rxn_2_664,2,0.93,0.7862410530790621
rxn_2_665,2,0.42,0.6933331884182895
rxn_2_666,2,0.85,0.8020139814899633
rxn_2_667,2,0.4,0.6974140673385497
rxn_2_668,2,0.76,0.7716896404738763
rxn_2_669,2,0.92,0.6982513008249981
rxn_2_670,2,0.94,0.9306981016225994
rxn_2_671,2,0.96,0.8807047866527218
rxn_2_672,2,1.0,0.9213558925724964
rxn_2_673,2,0.7,0.69029105811682
rxn_2_674,2,0.96,0.8814036151343033
rxn_2_675,2,0.83,0.7439164696371866
rxn_2_676,2,0.67,0.7207844560024878
rxn_2_677,2,0.47,0.450435317059067
rxn_2_678,2,0.88,0.8992971989825419
rxn_2_679,2,0.9,0.8613644110095325
rxn_2_680,2,0.28,0.6903813456953204
rxn_2_681,2,0.62,0.6397598161643586
rxn_2_682,2,0.91,0.8713879469149268
rxn_2_683,2,0.91,0.8585622702609726
rxn_2_684,2,0.37,0.6336024697021226
rxn_2_685,2,0.88,0.6596246203560883
rxn_2_686,2,0.7,0.7435095367435727
rxn_2_687,2,0.85,0.7774916634692725
rxn_2_688,2,0.99,0.9389299594511357
rxn_2_689,2,0.89,0.6967258594124045
rxn_2_690,2,0.95,0.8631964383631416
rxn_2_691,2,0.83,0.7870545316853
rxn_2_692,2,0.9,0.8639987439851312
rxn_2_693,2,0.94,0.8558380753204696
rxn_2_694,2,0.68,0.6778225404051231
rxn_2_695,2,0.45,0.6416118976302917
rxn_2_696,2,0.9,0.6759090440488892
rxn_2_697,2,0.67,0.6868323483492723
rxn_2_698,2,0.5,0.6707904924408673
rxn_2_699,2,0.85,0.8081025573523485
rxn_2_700,2,0.89,0.8517258017873622
rxn_2_701,2,0.85,0.9117722449445139
rxn_2_702,2,0.82,0.9155199091221298
rxn_2_703,2,0.54,0.7690109700243001
rxn_2_704,2,0.4,0.6720153337967876
rxn_2_705,2,0.834,0.7360364088063132
rxn_2_706,2,0.54,0.7483079849064719
rxn_2_707,2,0.6,0.7079004886729754
rxn_2_708,2,0.67,0.8059072663299984
rxn_2_709,2,0.64,0.658597198333451
rxn_2_710,2,0.74,0.801957049164384
rxn_2_711,2,0.03,0.7786710203709567
rxn_2_712,2,0.55,0.6824526383954472
rxn_2_713,2,0.87,0.8260831567090738
rxn_2_714,2,0.6,0.6591035269357123
rxn_2_715,2,0.93,0.7106074443351159
rxn_2_716,2,0.85,0.7780149620507576
rxn_2_717,2,0.61,0.5956731200730873
rxn_2_718,2,0.85,0.6384410020048671
rxn_2_719,2,0.71,0.7807758525240757
rxn_2_720,2,0.43,0.48078100212256514
rxn_2_721,2,0.74,0.6187985638393486
rxn_2_722,2,0.65,0.6368549402676743
rxn_2_723,2,0.95,0.8453108355298101
rxn_2_724,2,0.72,0.6266544335299503
rxn_2_725,2,0.8,0.6797948569517364
rxn_2_726,2,0.66,0.6753628155275327
rxn_2_727,2,0.82,0.7807075108871007
rxn_2_728,2,0.94,0.7598129244440323
rxn_2_729,2,0.99,0.853011746432495
rxn_2_730,2,0.88,0.7499599303198817
rxn_2_731,2,0.91,0.7814204165713127
rxn_2_732,2,0.87,0.7679753497063718
rxn_2_733,2,0.9,0.6961281993900729
rxn_2_734,2,0.84,0.6354587666335961
rxn_2_735,2,0.7,0.6951369824386591
rxn_2_736,2,0.51,0.5965793894566941
rxn_2_737,2,1.0,0.8478828200906786
rxn_2_738,2,0.45,0.5803113795139135
rxn_2_739,2,0.862,0.7421604498917755
rxn_2_740,2,0.16,0.5624172857830418
rxn_2_741,2,0.49,0.5791304390134446
rxn_2_742,2,0.65,0.5643805587193315
rxn_2_743,2,0.61,0.6146271754971268
rxn_2_744,2,0.99,0.872977540864614
rxn_2_745,2,0.51,0.5827949611900557
rxn_2_746,2,0.92,0.9024784749744401
rxn_2_747,2,0.84,0.7766207003549619
rxn_2_748,2,0.1,0.2664207021762901
rxn_2_749,2,0.61,0.8294384094175054
rxn_2_750,2,0.24,0.5997971182020759
rxn_2_751,2,0.63,0.8370653917532723
rxn_2_752,2,0.96,0.8846814227263429
rxn_2_753,2,0.65,0.6233483906756484
rxn_2_754,2,0.78,0.7594770171126751
rxn_2_755,2,0.49,0.4329219641012423
rxn_2_756,2,0.99,0.8647565265680591
rxn_2_757,2,0.75,0.8177816754086931
rxn_2_758,2,0.39,0.49635994009876033
rxn_2_759,2,0.55,0.6759972044437035
rxn_2_760,2,0.78,0.7936396376158422
rxn_2_761,2,0.85,0.6526845704882839
rxn_2_762,2,0.98,0.9133291291006019
rxn_2_763,2,0.97,0.8184637921747466
rxn_2_764,2,0.75,0.7192658722435853
rxn_2_765,2,0.84,0.7369706453914846
rxn_2_766,2,0.73,0.6313881542061667
rxn_2_767,2,0.85,0.7320867824142718
rxn_2_768,2,0.79,0.7150023892650496
rxn_2_769,2,0.63,0.7222193932326889
rxn_2_770,2,0.82,0.7993320225079902
rxn_2_771,2,0.53,0.6409376321804799
rxn_2_772,2,0.54,0.6912505440813707
rxn_2_773,2,0.53,0.5308495070702217
rxn_2_774,2,0.9,0.7780864578924401
rxn_2_775,2,0.51,0.5510949972210362
rxn_2_776,2,0.69,0.6636688524073328
rxn_2_777,2,1.0,0.7926151959095465
rxn_2_778,2,0.38,0.6669946441467666
rxn_2_779,2,0.77,0.7606667832585595
rxn_2_780,2,0.86,0.8510316583197991
rxn_2_781,2,0.58,0.5052984042057854
rxn_2_782,2,0.36,0.6307996952587742
rxn_2_783,2,0.99,0.877670601828
rxn_2_784,2,0.93,0.8389444599021477
rxn_2_785,2,0.9,0.834254547061308
rxn_2_786,2,0.98,0.8973254450131402
rxn_2_787,2,0.95,0.8703220417564449
rxn_2_788,2,0.45,0.7650022342793128
rxn_2_789,2,0.86,0.8025255113699847
rxn_2_790,2,0.94,0.7863995869887894
rxn_2_791,2,0.9,0.6141119046449889
rxn_2_792,2,0.8,0.6649864588075117
rxn_2_793,2,0.88,0.7617986818087541
rxn_2_794,2,0.92,0.797108498667341
rxn_2_795,2,0.85,0.8757018527079583
rxn_2_796,2,0.52,0.5584524487827293
rxn_2_797,2,0.99,0.800003575199533
rxn_2_798,2,0.58,0.6708798896143344
rxn_2_799,2,0.72,0.7602426121084184
rxn_2_800,2,0.85,0.7882150187237066
rxn_2_801,2,0.51,0.6290791248751882
rxn_2_802,2,0.65,0.4960900539507768
rxn_2_803,2,0.89,0.649181279376159
rxn_2_804,2,0.54,0.7197453561687729
rxn_2_805,2,0.93,0.9872549749386099
rxn_2_806,2,0.7,0.7261891679129672
rxn_2_807,2,0.99,0.6635393241860238
rxn_2_808,2,0.9568,0.6226436467386586
rxn_2_809,2,0.78,0.7557358788001487
rxn_2_810,2,0.89,0.8164125311770615
rxn_2_811,2,0.83,0.7853620233770776
rxn_2_812,2,0.46,0.630739363737625
rxn_2_813,2,0.7,0.710007606479553
rxn_2_814,2,0.94,0.7982487928769878
rxn_2_815,2,0.65,0.6826026121281358
rxn_2_816,2,0.71,0.811214734715534
rxn_2_817,2,0.68,0.7156170525053831
rxn_2_818,2,0.05,0.5107684219902078
rxn_2_819,2,0.64,0.7307217765028726
rxn_2_820,2,0.81,0.7452817055578381
rxn_2_821,2,0.8,0.7463072946978239
rxn_2_822,2,0.83,0.7990397160684335
rxn_2_823,2,0.62,0.6201362247306382
rxn_2_824,2,0.89,0.6983502102459916
rxn_2_825,2,0.83,0.7582248383834367
rxn_2_826,2,0.99,0.8878138925333959
rxn_2_827,2,0.98,0.8123451698885592
rxn_2_828,2,0.69,0.562173539645037
rxn_2_829,2,0.66,0.6342869927929636
rxn_2_830,2,0.85,0.7590693928244079
rxn_2_831,2,0.85,0.7934168612217082
rxn_2_832,2,0.87,0.7333006333204254
rxn_2_833,2,0.95,0.8392902208715292
rxn_2_834,2,0.75,0.7158896369214606
rxn_2_835,2,0.94,0.6503039494172193
rxn_2_836,2,0.86,0.609020258687552
rxn_2_837,2,0.93,0.8694659637049971
rxn_2_838,2,0.86,0.7805785228691775
rxn_2_839,2,0.74,0.7662209079409964
rxn_2_840,2,0.89,0.8147502379259194
rxn_2_841,2,0.51,0.7275583257704797
rxn_2_842,2,0.55,0.6591290295080335
rxn_2_843,2,0.74,0.7444863508022089
rxn_2_844,2,0.93,0.8426183205778583
rxn_2_845,2,0.59,0.5633575677339456
rxn_2_846,2,0.58,0.5544300989703671
rxn_2_847,2,0.83,0.6661769974574352
rxn_2_848,2,0.99,0.8923461729339204
rxn_2_849,2,0.76,0.7705865674800826
rxn_2_850,2,0.99,0.9295276293323541
rxn_2_851,2,0.89,0.7334454537749445
rxn_2_852,2,0.68,0.643496874801751
rxn_2_853,2,0.7,0.7426201778312693
rxn_2_854,2,0.76,0.8025204944979635
rxn_2_855,2,0.57,0.5112024909930922
rxn_2_856,2,0.59,0.7086383554494345
rxn_2_857,2,0.77,0.7916379612504238
rxn_2_858,2,0.72,0.7770082674470103
rxn_2_859,2,0.82,0.7698338713055187
rxn_2_860,2,0.67,0.6477201402331682
rxn_2_861,2,0.87,0.7306101303955819
rxn_2_862,2,0.5,0.6339963020071607
rxn_2_863,2,0.91,0.7424468822612983
rxn_2_864,2,0.81,0.7930231310163646
rxn_2_865,2,0.48,0.6561242518854585
rxn_2_866,2,0.84,0.8030680180026533
rxn_2_867,2,0.64,0.761986040396868
rxn_2_868,2,0.8,0.6822291204865873
rxn_2_869,2,0.44,0.6723433367141002
rxn_2_870,2,0.61,0.5606894463165976
rxn_2_871,2,0.6,0.5937873303443513
rxn_2_872,2,0.45,0.5500254637564231
rxn_2_873,2,0.46,0.6171340515876566
rxn_2_874,2,0.99,0.8403920828757324
rxn_2_875,2,0.46,0.6070926839929061
rxn_2_876,2,0.75,0.7877156492892032
rxn_2_877,2,0.62,0.8234534062677697
rxn_2_878,2,0.94,0.7253214683324015
rxn_2_879,2,0.89,0.7709144361319096
rxn_2_880,2,0.98,0.894878908004816
rxn_2_881,2,0.8,0.7725484052325141
rxn_2_882,2,0.83,0.7473954163628397
rxn_2_883,2,0.71,0.704204593064308
rxn_2_884,2,0.84,0.7632417091201599
rxn_2_885,2,0.74,0.6852880733062593
rxn_2_886,2,0.99,0.9090408748082591
rxn_2_887,2,0.76,0.7849747252818667
rxn_2_888,2,0.62,0.6304334262586792
rxn_2_889,2,0.58,0.5051412716484726
rxn_2_890,2,0.3,0.4562432693410221
rxn_2_891,2,0.76,0.7611261761788924
rxn_2_892,2,0.78,0.7841956512154984
rxn_2_893,2,0.45,0.855929056140099
rxn_2_894,2,0.87,0.7428201819262114
rxn_2_895,2,0.92,0.7074605606918717
rxn_2_896,2,0.78,0.6884063632834595
rxn_2_897,2,0.55,0.654531762137908
rxn_2_898,2,0.47,0.5001172515373329
rxn_2_899,2,0.75,0.7003417350881888
rxn_2_900,2,0.99,0.8688654612747747
rxn_2_901,2,0.7,0.711020847103144
rxn_2_902,2,0.64,0.4704759807138416
rxn_2_903,2,0.99,0.8456577260591969
rxn_2_904,2,0.85,0.6310520015583904
rxn_2_905,2,0.46,0.524467500008071
rxn_2_906,2,0.14,0.1954431561214703
rxn_2_907,2,0.8,0.8430446110037201
rxn_2_908,2,0.77,0.5327402222719009
rxn_2_909,2,0.5,0.7733854797842762
rxn_2_910,2,0.91,0.6632196951254478
rxn_2_911,2,0.497,0.5323588844503785
rxn_2_912,2,0.79,0.7263977743776079
rxn_2_913,2,0.76,0.7075684722712793
rxn_2_914,2,0.79,0.7133298265277853
rxn_2_915,2,0.96,0.972382832222297
rxn_2_916,2,0.74,0.6764776568246068
rxn_2_917,2,0.95,0.8277804324861417
rxn_2_918,2,0.78,0.7370837958486004
rxn_2_919,2,0.88,0.8045206279347648
rxn_2_920,2,0.8,0.8055011598489553
rxn_2_921,2,0.95,0.86807820884547
rxn_2_922,2,0.86,0.7612594417131978
rxn_2_923,2,0.3,0.5847313149822531
rxn_2_924,2,0.6,0.6917178378006191
rxn_2_925,2,0.65,0.7479962688377156
rxn_2_926,2,0.8,0.7206602003182212
rxn_2_927,2,0.34,0.884562571660334
rxn_2_928,2,0.47,0.6362277844283754
rxn_2_929,2,0.68,0.7392026996401323
rxn_2_930,2,0.6,0.7663547287895337
rxn_2_931,2,0.97,0.8043187711475211
rxn_2_932,2,0.41,0.5643655795991513
rxn_2_933,2,0.97,0.7660032541779467
rxn_2_934,2,0.42,0.4584713742024619
rxn_2_935,2,0.87,0.8508057530222223
rxn_2_936,2,0.52,0.5570019158563473
rxn_2_937,2,0.74,0.8716905517619401
rxn_2_938,2,0.92,0.763716594328383
rxn_2_939,2,0.53,0.704843394630446
rxn_2_940,2,0.66,0.5199567256528245
rxn_2_941,2,0.75,0.6303473319455569
rxn_2_942,2,0.56,0.6907317282601534
rxn_2_943,2,0.29,0.5650906310483931
rxn_2_944,2,0.94,0.7751026910970727
rxn_2_945,2,0.38,0.3217196011958717
rxn_2_946,2,0.89,0.8189446289713822
rxn_2_947,2,0.11,0.2408205249369196
rxn_2_948,2,0.725,0.7498549786943753
rxn_2_949,2,0.74,0.5478881149296609
rxn_2_950,2,0.98,0.908493020157643
rxn_2_951,2,0.82,0.631964340164321
rxn_2_952,2,0.66,0.6203411875887038
rxn_2_953,2,0.79,0.8014443104541714
rxn_2_954,2,0.32,0.7637342543005708
rxn_2_955,2,0.79,0.7578839051467939
rxn_2_956,2,0.21,0.6258845910620034
rxn_2_957,2,0.89,0.8368988289515408
rxn_2_958,2,0.89,0.7182855147522016
rxn_2_959,2,0.82,0.886808267271848
rxn_2_960,2,0.875,0.6398820986967836
rxn_2_961,2,0.72,0.7136219366499379
rxn_2_962,2,0.9,0.7848046751016021
rxn_2_963,2,0.77,0.6598897850704534
rxn_2_964,2,0.84,0.761685417291068
rxn_2_965,2,0.91,0.8209180239071125
rxn_2_966,2,0.9,0.7639358658193558
rxn_2_967,2,0.95,0.7643936930237917
rxn_2_968,2,0.49,0.656917332248062
rxn_2_969,2,0.75,0.7000929135672824
rxn_2_970,2,0.77,0.731480846033902
rxn_2_971,2,0.72,0.7803957683510775
rxn_2_972,2,0.62,0.7613117029126828
rxn_2_973,2,0.83,0.7386724541699351
rxn_2_974,2,0.96,0.798183393519877
rxn_2_975,2,0.96,0.9070644894984325
rxn_2_976,2,0.48,0.6443901506670011
rxn_2_977,2,0.67,0.7087289381815415
rxn_2_978,2,0.42,0.5267488905138303
rxn_2_979,2,0.52,0.6224291954134568
rxn_2_980,2,0.8,0.805663431660005
rxn_2_981,2,0.91,0.7835922670431373
rxn_2_982,2,0.88,0.7466603256186031
rxn_2_983,2,0.95,0.7600816257253716
rxn_2_984,2,0.41,0.706721140555513
rxn_2_985,2,0.93,0.7363931916972168
rxn_2_986,2,0.94,0.78493742887643
rxn_2_987,2,0.99,0.9116244915948216
rxn_2_988,2,0.16,0.20249350277204425
rxn_2_989,2,0.97,0.8524811433570657
rxn_2_990,2,0.88,0.8553518041545711
rxn_2_991,2,0.78,0.6906244370930171
rxn_2_992,2,0.67,0.467466592639816
rxn_2_993,2,0.7,0.7399064612886228
rxn_2_994,2,0.92,0.6926057341033407
rxn_2_995,2,0.68,0.7592153711746276
rxn_2_996,2,0.4,0.5255406670390583
rxn_2_997,2,0.79,0.7206805121230021
rxn_2_998,2,0.81,0.7662514785537445
rxn_2_999,2,0.89,0.6520513226334024
rxn_2_1000,2,0.83,0.7118468412515936
rxn_2_1001,2,0.87,0.6825311252699269
rxn_2_1002,2,0.96,0.9017571362396124
rxn_2_1003,2,0.62,0.8067150852890218
rxn_2_1004,2,0.74,0.5745074833395566
rxn_2_1005,2,0.65,0.6096604945090206
rxn_2_1006,2,0.92,0.8726146379181078
rxn_2_1007,2,0.27,0.4096855260560093
rxn_2_1008,2,0.82,0.6154919975095958
rxn_2_1009,2,0.65,0.8299456505624919
rxn_2_1010,2,0.84,0.5769398508895248
rxn_2_1011,2,0.65,0.7768862009162435
rxn_2_1012,2,0.94,0.7505711199933378
rxn_2_1013,2,0.8,0.7605023861878705
rxn_2_1014,2,0.85,0.6814088419005725
rxn_2_1015,2,0.74,0.7357564725911505
rxn_2_1016,2,0.9,0.6979853848832258
rxn_2_1017,2,0.86,0.7723672123044553
rxn_2_1018,2,0.74,0.6990511795686029
rxn_2_1019,2,0.92,0.8714621948644931
rxn_2_1020,2,0.59,0.6407583230614067
rxn_2_1021,2,0.74,0.6865765139668932
rxn_2_1022,2,0.7,0.6806166884949533
rxn_2_1023,2,0.77,0.6345068455722888
rxn_2_1024,2,0.77,0.591061705247453
rxn_2_1025,2,0.55,0.5875992120727769
rxn_2_1026,2,0.885,0.8042602958553818
rxn_2_1027,2,0.96,0.8821172050871255
rxn_2_1028,2,0.64,0.6603202599949894
rxn_2_1029,2,0.72,0.7797318459849204
rxn_2_1030,2,0.58,0.7176839986587567
rxn_2_1031,2,0.9,0.8928237856841625
rxn_2_1032,2,0.99,0.7112762343579005
rxn_2_1033,2,0.59,0.5287576136656612
rxn_2_1034,2,0.38,0.5440594678248893
rxn_2_1035,2,0.78,0.7143649090437302
rxn_2_1036,2,0.77,0.7052591310748989
rxn_2_1037,2,0.29,0.3802724240930689
rxn_2_1038,2,0.82,0.7584025605117904
rxn_2_1039,2,0.81,0.719275742540356
rxn_2_1040,2,0.65,0.8879328391043867
rxn_2_1041,2,0.85,0.7572625946532336
rxn_2_1042,2,0.31,0.6008521595155
rxn_2_1043,2,0.8,0.8021746376696006
rxn_2_1044,2,0.43,0.4637472260590087
rxn_2_1045,2,0.74,0.7102221198515641
rxn_2_1046,2,0.91,0.8582912346511958
rxn_2_1047,2,0.67,0.6600812228480852
rxn_2_1048,2,0.68,0.6365132622595887
rxn_2_1049,2,0.32,0.6692894320532865
rxn_2_1050,2,0.85,0.7226786714883507
rxn_2_1051,2,0.87,0.7167962407118975
rxn_2_1052,2,0.98,0.9659953383279222
rxn_2_1053,2,0.52,0.6219497663151446
rxn_2_1054,2,0.86,0.6288174817827407
rxn_2_1055,2,0.53,0.553288685450858
rxn_2_1056,2,0.21,0.7043473790643526
rxn_2_1057,2,0.208,0.8774572350975743
rxn_2_1058,2,0.35,0.647582023329705
rxn_2_1059,2,0.84,0.752893744981174
rxn_2_1060,2,0.86,0.8676836052914538
rxn_2_1061,2,0.48,0.5914530158760214
rxn_2_1062,2,1.0,0.753484072879798
rxn_2_1063,2,0.6,0.7563653162987967
rxn_2_1064,2,0.09,0.2393782344452898
rxn_2_1065,2,0.89,0.7095840435176094
rxn_2_1066,2,0.83,0.702640213780369
rxn_2_1067,2,0.2,0.5610019953918464
rxn_2_1068,2,0.82,0.7618709081586666
rxn_2_1069,2,0.6,0.5978798383254675
rxn_2_1070,2,0.52,0.7036856187126158
rxn_2_1071,2,0.25,0.5934837027606612
rxn_2_1072,2,0.7,0.7935779285279075
rxn_2_1073,2,0.33,0.35271894229305306
rxn_2_1074,2,0.75,0.7051249195692592
rxn_2_1075,2,1.0,0.86101316002985
rxn_2_1076,2,0.82,0.7398323827103729
rxn_2_1077,2,0.86,0.8039654906307501
rxn_2_1078,2,0.42,0.5777788975673921
rxn_2_1079,2,0.89,0.765176268884939
rxn_2_1080,2,1.0,0.769789688943927
rxn_2_1081,2,0.974,0.8601125611182011
rxn_2_1082,2,0.9,0.7769647287033693
rxn_2_1083,2,0.87,0.7521782647190772
rxn_2_1084,2,0.8,0.8434072741632299
rxn_2_1085,2,0.58,0.5839335354347714
rxn_2_1086,2,0.79,0.8152862416886778
rxn_2_1087,2,0.85,0.8935609360987232
rxn_2_1088,2,0.99,0.8861639567732774
rxn_2_1089,2,0.82,0.7879173495722508
rxn_2_1090,2,0.36,0.6352314783531757
rxn_2_1091,2,0.34,0.7444058887801147
rxn_2_1092,2,0.96,0.671937428035573
rxn_2_1093,2,0.65,0.6263811164236226
rxn_2_1094,2,0.46,0.5607462770078478
rxn_2_1095,2,0.93,0.8415434340590341
rxn_2_1096,2,0.85,0.6860799229888488
rxn_2_1097,2,0.77,0.6989628398427302
rxn_2_1098,2,0.77,0.7695265116897048
rxn_2_1099,2,0.77,0.727418729950462
rxn_2_1100,2,0.71,0.7479350971613972
rxn_2_1101,2,0.8,0.7495388157350465
rxn_2_1102,2,0.91,0.8730764706714235
rxn_2_1103,2,0.69,0.8748678427435651
rxn_2_1104,2,0.96,0.7764389128273663
rxn_2_1105,2,0.91,0.6939931659254008
rxn_2_1106,2,0.14,0.43926911840122873
rxn_2_1107,2,0.34,0.4536227594101045
rxn_2_1108,2,0.76,0.7258015537974463
rxn_2_1109,2,0.51,0.5131325756661825
rxn_2_1110,2,0.81,0.7824196851535817
rxn_2_1111,2,0.69,0.7713762157315746
rxn_2_1112,2,0.48,0.6051841340442851
rxn_2_1113,2,0.77,0.7692138816418274
rxn_2_1114,2,0.71,0.6443487901740718
rxn_2_1115,2,0.9,0.7264563984056035
rxn_2_1116,2,0.92,0.806161298756682
rxn_2_1117,2,0.86,0.643470329163653
rxn_2_1118,2,0.098,0.27029315270021637
rxn_2_1119,2,0.51,0.7029434498420972
rxn_2_1120,2,0.74,0.583137822624177
rxn_2_1121,2,0.83,0.6750767561434753
rxn_2_1122,2,0.27,0.5155292769391969
rxn_2_1123,2,0.99,0.8900871876425094
rxn_2_1124,2,0.71,0.7156331601352356
rxn_2_1125,2,0.61,0.6070468514001021
rxn_2_1126,2,0.46,0.6619993625255074
rxn_2_1127,2,0.57,0.6610939791672541
rxn_2_1128,2,0.78,0.6833924875804905
rxn_2_1129,2,0.78,0.7366273669426048
rxn_2_1130,2,0.77,0.8404969493383926
rxn_2_1131,2,0.88,0.8507010927599978
rxn_2_1132,2,0.76,0.6659358715078545
rxn_2_1133,2,0.47,0.6237308967869478
rxn_2_1134,2,0.35,0.5025261003922011
rxn_2_1135,2,0.93,0.8527631889272316
rxn_2_1136,2,0.44,0.7544216446731458
rxn_2_1137,2,0.91,0.8102744336824051
rxn_2_1138,2,0.88,0.622486045344172
rxn_2_1139,2,0.65,0.721701961585008
rxn_2_1140,2,0.82,0.7651450526795913
rxn_2_1141,2,0.6,0.5002274778348071
rxn_2_1142,2,0.46,0.7857043829138233
rxn_2_1143,2,0.8,0.7985012998435616
rxn_2_1144,2,1.0,0.9830732545694824
rxn_2_1145,2,0.56,0.4033023674452454
rxn_2_1146,2,0.15,0.6718978623176541
rxn_2_1147,2,0.49,0.4980806074115111
rxn_2_1148,2,0.93,0.7644567358059335
rxn_2_1149,2,0.8,0.7200312141408513
rxn_2_1150,2,0.56,0.4448022444826065
rxn_2_1151,2,0.86,0.7133103857598714
rxn_2_1152,2,0.75,0.7044568475934755
rxn_2_1153,2,0.96,0.887284253371694
rxn_2_1154,2,0.96,0.7622804438566572
rxn_2_1155,2,0.9,0.7638422881070577
rxn_2_1156,2,0.23,0.5382199867330225
rxn_2_1157,2,0.903,0.7197451773196005
rxn_2_1158,2,0.96,0.9085209293652511
rxn_2_1159,2,0.82,0.6965604835186096
rxn_2_1160,2,0.99,0.8064511991602763
rxn_2_1161,2,0.82,0.7757956091681955
rxn_2_1162,2,0.76,0.7022153684056223
rxn_2_1163,2,0.81,0.8627826932108698
rxn_2_1164,2,0.93,0.7724938387859307
rxn_2_1165,2,0.77,0.8644647781922613
rxn_2_1166,2,0.62,0.7494270547427414
rxn_2_1167,2,0.68,0.6752682757806695
rxn_2_1168,2,0.78,0.6551581818216726
rxn_2_1169,2,0.99,0.9144152190317345
rxn_2_1170,2,0.91,0.9206192411844129
rxn_2_1171,2,0.9,0.8640506886332945
rxn_2_1172,2,0.93,0.8894406707189755
rxn_2_1173,2,0.52,0.7091687004494057
rxn_2_1174,2,0.7,0.6117433077324129
rxn_2_1175,2,0.54,0.6822958905276278
rxn_2_1176,2,0.66,0.5680881487330637
rxn_2_1177,2,0.99,0.9507329436858054
rxn_2_1178,2,0.3,0.5213641613668213
rxn_2_1179,2,0.86,0.7834396971941598
rxn_2_1180,2,0.86,0.7961397055228643
rxn_2_1181,2,0.7,0.6722146579697915
rxn_2_1182,2,0.61,0.6642043901483773
rxn_2_1183,2,0.96,0.8446622314215263
rxn_2_1184,2,0.88,0.8175053643864617
rxn_2_1185,2,0.8,0.810688153984643
rxn_2_1186,2,0.91,0.6831183375297165
rxn_2_1187,2,0.71,0.7222670475296363
rxn_2_1188,2,0.8,0.6432584731256155
rxn_2_1189,2,0.31,0.44127540392232917
rxn_2_1190,2,0.47,0.690435884619557
rxn_2_1191,2,0.86,0.8137098579415462
rxn_2_1192,2,0.7,0.7760164544515606
rxn_2_1193,2,0.98,0.8763591434224769
rxn_2_1194,2,0.78,0.6765581660885243
rxn_2_1195,2,0.88,0.7663758922042234
rxn_2_1196,2,0.92,0.6715716587813271
rxn_2_1197,2,0.68,0.6855621123045551
rxn_2_1198,2,0.92,0.7420288770115322
rxn_2_1199,2,0.69,0.650346903232017
rxn_2_1200,2,0.18,0.4049059896779184
rxn_2_1201,2,0.52,0.7321525511179446
rxn_2_1202,2,0.83,0.8085497287224053
rxn_2_1203,2,0.8,0.8554282624485219
rxn_2_1204,2,0.95,0.7172917891145429
rxn_2_1205,2,0.86,0.7989642358751858
rxn_2_1206,2,0.98,0.88350095963771
rxn_2_1207,2,0.88,0.6931991386767281
rxn_2_1208,2,0.754,0.8506637799198019
rxn_2_1209,2,0.96,0.8051580848113442
rxn_2_1210,2,0.79,0.5789499910193321
rxn_2_1211,2,0.45,0.6410601945824459
rxn_2_1212,2,0.58,0.7806783673823393
rxn_2_1213,2,0.89,0.590473345898849
rxn_2_1214,2,0.99,0.6229312004247972
rxn_2_1215,2,0.51,0.5749954082866616
rxn_2_1216,2,0.49,0.5757516044975578
rxn_2_1217,2,0.83,0.757002551396918
rxn_2_1218,2,0.75,0.7402564652642863
rxn_2_1219,2,0.49,0.5436891490956146
rxn_2_1220,2,0.9,0.7214562144813653
rxn_2_1221,2,0.7,0.6880781383874531
rxn_2_1222,2,0.94,0.891422269126379
rxn_2_1223,2,0.3,0.6007345737122513
rxn_2_1224,2,0.87,0.8704619564071577
rxn_2_1225,2,0.55,0.5562835424413054
rxn_2_1226,2,0.68,0.761784585506148
rxn_2_1227,2,0.98,0.9522954616351403
rxn_2_1228,2,0.99,0.9106625100799177
rxn_2_1229,2,0.99,0.7996656059204229
rxn_2_1230,2,0.55,0.655201764438329
rxn_2_1231,2,0.553,0.6915889558403997
rxn_2_1232,2,0.9,0.7183094842845259
rxn_2_1233,2,0.51,0.7209258288062017
rxn_2_1234,2,0.76,0.6860832770842
rxn_2_1235,2,0.96,0.8938461167025972
rxn_2_1236,2,0.96,0.8095790661993343
rxn_2_1237,2,0.63,0.7447420101884464
rxn_2_1238,2,0.7,0.7509469048321377
rxn_2_1239,2,0.76,0.799091967787222
rxn_2_1240,2,0.8,0.7539839198437098
rxn_2_1241,2,0.83,0.6900137009325921
rxn_2_1242,2,0.19,0.5556459193501027
rxn_2_1243,2,0.53,0.6602929975249029
rxn_2_1244,2,0.95,0.682351125904653
rxn_2_1245,2,0.257,0.61838327772286
rxn_2_1246,2,0.54,0.7356042151842616
rxn_2_1247,2,0.9,0.7824734744434306
rxn_2_1248,2,0.36,0.6371254107464017
rxn_2_1249,2,0.99,0.7755122695699086
rxn_2_1250,2,0.82,0.6733711644559679
rxn_2_1251,2,0.56,0.7845760197707831
rxn_2_1252,2,0.82,0.8265940783041854
rxn_2_1253,2,0.82,0.7910517132936629
rxn_2_1254,2,0.32,0.8063442283334622
rxn_2_1255,2,0.96,0.8677884202246556
rxn_2_1256,2,0.6,0.6567976164212762
rxn_2_1257,2,0.34,0.8197417085793061
rxn_2_1258,2,0.86,0.8246566463767913
rxn_2_1259,2,0.97,0.8235460317324769
rxn_2_1260,2,0.94,0.829327692382187
rxn_2_1261,2,0.77,0.8109869336602399
rxn_2_1262,2,0.93,0.8761340363662219
rxn_2_1263,2,0.97,0.8120649972732702
rxn_2_1264,2,0.78,0.5104590779171946
rxn_2_1265,2,1.0,0.9618747013007122
rxn_2_1266,2,0.87,0.8048339727848047
rxn_2_1267,2,0.7,0.6498610739045391
rxn_2_1268,2,0.62,0.7405422344818504
rxn_2_1269,2,0.8,0.8689475990244486
rxn_2_1270,2,0.74,0.6336401263821078
rxn_2_1271,2,0.53,0.46634725562550156
rxn_2_1272,2,0.63,0.6501168553740131
rxn_2_1273,2,0.7,0.7130457532380682
rxn_2_1274,2,0.69,0.7405444155904982
rxn_2_1275,2,0.97,0.8157996163872262
rxn_2_1276,2,0.8,0.7530370695700462
rxn_2_1277,2,0.66,0.6290974151490295
rxn_2_1278,2,0.63,0.6056067135265635
rxn_2_1279,2,0.8,0.7576632305566934
rxn_2_1280,2,0.87,0.7567059408358853
rxn_2_1281,2,0.82,0.7379806551853866
rxn_2_1282,2,0.6,0.7840911856649999
rxn_2_1283,2,0.88,0.79991384166921
rxn_2_1284,2,0.45,0.5638855006258802
rxn_2_1285,2,0.86,0.6511487295734927
rxn_2_1286,2,0.96,0.7081015355693451
rxn_2_1287,2,0.67,0.6346542070788811
rxn_2_1288,2,0.75,0.7990322987743816
rxn_2_1289,2,0.98,0.7752304815727288
rxn_2_1290,2,0.71,0.6706668191493401
rxn_2_1291,2,0.71,0.6271151032991278
rxn_2_1292,2,0.18,0.5908125188756261
rxn_2_1293,2,0.66,0.6253410277519328
rxn_2_1294,2,0.64,0.714938877300476
rxn_2_1295,2,0.85,0.747249685948938
rxn_2_1296,2,0.68,0.6880453276961441
rxn_2_1297,2,0.74,0.7389321491934292
rxn_2_1298,2,0.88,0.7696227709296594
rxn_2_1299,2,0.22,0.5551331347764782
rxn_2_1300,2,0.97,0.7937739681462327
rxn_2_1301,2,0.8,0.6477929538478707
rxn_2_1302,2,0.72,0.7314088781388559
rxn_2_1303,2,0.85,0.66151014860814
rxn_2_1304,2,0.66,0.717150119634569
rxn_2_1305,2,0.75,0.865780479080075
rxn_2_1306,2,0.73,0.7604010476302313
rxn_2_1307,2,0.4,0.6158788474583392
rxn_2_1308,2,0.95,0.6818266765296572
rxn_2_1309,2,0.23,0.6663813611320775
rxn_2_1310,2,0.99,0.9462910687127041
rxn_2_1311,2,0.54,0.74701557837823
rxn_2_1312,2,0.94,0.9052835832271603
rxn_2_1313,2,0.6,0.6840347501644528
rxn_2_1314,2,0.81,0.8238654115532095
rxn_2_1315,2,0.83,0.8198358782394811
rxn_2_1316,2,0.38,0.6243838264694089
rxn_2_1317,2,0.09,0.5821220872168419
rxn_2_1318,2,0.64,0.7329368753127282
rxn_2_1319,2,0.6,0.5387403368541878
rxn_2_1320,2,0.73,0.7396058951630815
rxn_2_1321,2,0.99,0.9163896929730758
rxn_2_1322,2,0.63,0.7027822841673034
rxn_2_1323,2,0.73,0.6282904391548646
rxn_2_1324,2,0.82,0.6321292513132973
rxn_2_1325,2,0.93,0.8908380189691217
rxn_2_1326,2,0.75,0.7274827541639196
rxn_2_1327,2,0.36,0.5383193557852357
rxn_2_1328,2,0.73,0.7099964720452648
rxn_2_1329,2,0.648,0.7264340341691083
rxn_2_1330,2,0.65,0.7968874241684482
rxn_2_1331,2,0.51,0.6368526634791624
rxn_2_1332,2,0.859,0.7866014353271731
rxn_2_1333,2,0.82,0.7897184719869399
rxn_2_1334,2,0.97,0.798337790599737
rxn_2_1335,2,0.9,0.7417834937847986
rxn_2_1336,2,0.78,0.7076595307336189
rxn_2_1337,2,0.81,0.8037357968298409
rxn_2_1338,2,0.86,0.9381912137594902
rxn_2_1339,2,0.65,0.6366086555493251
rxn_2_1340,2,0.66,0.7548125030168674
rxn_2_1341,2,0.48,0.556119785977331
rxn_2_1342,2,0.89,0.8432166866007668
rxn_2_1343,2,0.74,0.514794600972112
rxn_2_1344,2,0.95,0.8756542592902825
rxn_2_1345,2,0.83,0.7459751932932143
rxn_2_1346,2,0.81,0.7931777966595979
rxn_2_1347,2,0.45,0.7229814519089528
rxn_2_1348,2,0.62,0.6859266311831701
rxn_2_1349,2,0.86,0.656183388973261
rxn_2_1350,2,0.5,0.6662919015892173
rxn_2_1351,2,0.88,0.8605793502934139
rxn_2_1352,2,0.95,0.8311365740337197
rxn_2_1353,2,0.85,0.8340700535919825
rxn_2_1354,2,0.81,0.6155871828958626
rxn_2_1355,2,0.87,0.8479628755257972
rxn_2_1356,2,0.83,0.7181297267317452
rxn_2_1357,2,0.48,0.5918834141907142
rxn_2_1358,2,0.88,0.7320636928833645
rxn_2_1359,2,0.41,0.6482660206308931
rxn_2_1360,2,0.51,0.68094008869353
rxn_2_1361,2,0.86,0.7252112756053813
rxn_2_1362,2,0.55,0.6791345733481849
rxn_2_1363,2,0.42,0.501955556597958
rxn_2_1364,2,0.94,0.7836947800394753
rxn_2_1365,2,0.9,0.9047778422288065
rxn_2_1366,2,0.43,0.6254157207726265
rxn_2_1367,2,0.65,0.7528048567847194
rxn_2_1368,2,0.84,0.8131974056005987
rxn_2_1369,2,0.99,0.8901659776637274
rxn_2_1370,2,0.36,0.7613749226506249
rxn_2_1371,2,0.68,0.6642960535368589
rxn_2_1372,2,0.6,0.6625443930192695
rxn_2_1373,2,0.75,0.7237513476516811
rxn_2_1374,2,0.96,0.8407192012581909
rxn_2_1375,2,0.75,0.7189705499163633
rxn_2_1376,2,0.6,0.6728687791457858
rxn_2_1377,2,0.9,0.846348534897503
rxn_2_1378,2,0.68,0.5035417910350494
rxn_2_1379,2,0.45,0.6180417035786953
rxn_2_1380,2,0.8,0.6193150280154115
rxn_2_1381,2,0.67,0.6657432712833345
rxn_2_1382,2,0.97,0.7748610630505611
rxn_2_1383,2,0.77,0.7300542513707083
rxn_2_1384,2,0.28,0.5855550637517953
rxn_2_1385,2,0.97,0.9195525599804503
rxn_2_1386,2,0.85,0.7941390828786931
rxn_2_1387,2,0.65,0.66730235415003
rxn_2_1388,2,0.98,0.7096737330439598
rxn_2_1389,2,0.62,0.6189489128658138
rxn_2_1390,2,0.86,0.6742221630743354
rxn_2_1391,2,0.92,0.7232089537245409
rxn_2_1392,2,0.93,0.8434970323937536
rxn_2_1393,2,0.67,0.6390288927461718
rxn_2_1394,2,0.51,0.7098729773899907
rxn_2_1395,2,0.74,0.6959281116994401
rxn_2_1396,2,0.9,0.8537199351579711
rxn_2_1397,2,0.99,0.687986779152656
rxn_2_1398,2,0.48,0.6457041530577499
rxn_2_1399,2,0.69,0.7460514090353644
rxn_2_1400,2,0.94,0.8410414379952528
rxn_2_1401,2,0.71,0.5496431953800242
rxn_2_1402,2,0.7,0.6905839103104122
rxn_2_1403,2,0.56,0.6949009942584787
rxn_2_1404,2,0.95,0.8246445230779985
rxn_2_1405,2,0.91,0.747332438727263
rxn_2_1406,2,0.94,0.9414818827414851
rxn_2_1407,2,0.89,0.8047973257041686
rxn_2_1408,2,0.41,0.6175895916427633
rxn_2_1409,2,0.44,0.5030950452994576
rxn_2_1410,2,0.87,0.7531120827187737
rxn_2_1411,2,0.76,0.6834458737922833
rxn_2_1412,2,0.96,0.7546566163954497
rxn_2_1413,2,0.54,0.5997259896317116
rxn_2_1414,2,0.38,0.5967908100155138
rxn_2_1415,2,0.8,0.5872619985197262
rxn_2_1416,2,0.95,0.833186528330411
rxn_2_1417,2,0.72,0.6691082274061536
rxn_2_1418,2,0.34,0.5314507189399462
rxn_2_1419,2,0.82,0.7697464429108428
rxn_2_1420,2,0.86,0.8256713761494049
rxn_2_1421,2,0.52,0.6876282931183672
rxn_2_1422,2,0.66,0.7233999491088227
rxn_2_1423,2,0.81,0.7931531646322298
rxn_2_1424,2,0.96,0.7957792893488209
rxn_2_1425,2,0.92,0.7440649053599824
rxn_2_1426,2,0.79,0.7874088893665903
rxn_2_1427,2,0.47,0.677918887484758
rxn_2_1428,2,0.9,0.736739630876909
rxn_2_1429,2,0.92,0.7022475740703609
rxn_2_1430,2,0.82,0.7954411212086745
rxn_2_1431,2,0.48,0.6646745729911064
rxn_2_1432,2,0.96,0.8626022419420746
rxn_2_1433,2,0.7,0.6760861380109571
rxn_2_1434,2,0.83,0.47927728511744827
rxn_2_1435,2,0.65,0.6107698584026277
rxn_2_1436,2,0.83,0.8170483030821734
rxn_2_1437,2,0.7,0.8164307732907364
rxn_2_1438,2,0.94,0.8719599585153223
rxn_2_1439,2,0.89,0.7766392331152542
rxn_2_1440,2,0.62,0.6057995501782166
rxn_2_1441,2,0.92,0.8370854556009655
rxn_2_1442,2,0.99,0.8854591310239744
rxn_2_1443,2,0.88,0.7181383295858547
rxn_2_1444,2,0.6,0.6981256057444384
rxn_2_1445,2,0.6266,0.5370330304524836
rxn_2_1446,2,0.6,0.6906658897284358
rxn_2_1447,2,0.96,0.7350195742574547
rxn_2_1448,2,0.82,0.8147651605537778
rxn_2_1449,2,0.95,0.7494221425988545
rxn_2_1450,2,1.0,0.751007824115811
rxn_2_1451,2,0.78,0.8392832793156321
rxn_2_1452,2,0.3,0.6669115288997842
rxn_2_1453,2,0.97,0.7995229337683908
rxn_2_1454,2,0.1,0.37002396978235863
rxn_2_1455,2,0.34,0.5653159187856654
rxn_2_1456,2,0.858,0.817932186286023
rxn_2_1457,2,0.68,0.6273234050346502
rxn_2_1458,2,0.93,0.88730305634425
rxn_2_1459,2,0.71,0.8585050003891194
rxn_2_1460,2,0.99,0.8479747918248696
rxn_2_1461,2,0.94,0.7489615016282261
rxn_2_1462,2,0.642,0.5933554916988245
rxn_2_1463,2,0.94,0.7013713020199784
rxn_2_1464,2,0.86,0.7576443698429363
rxn_2_1465,2,0.9,0.7056787650780855
rxn_2_1466,2,0.85,0.6996869052641426
rxn_2_1467,2,0.98,0.865379132226178
rxn_2_1468,2,0.71,0.732736456704901
rxn_2_1469,2,0.92,0.7615240839626272
rxn_2_1470,2,0.57,0.5731067532805629
rxn_2_1471,2,0.45,0.5450780846661681
rxn_2_1472,2,0.54,0.6545128080889145
rxn_2_1473,2,0.89,0.864442966448352
rxn_2_1474,2,0.48,0.8200327857148744
rxn_2_1475,2,0.92,0.8040968696925858
rxn_2_1476,2,0.72,0.8114552535302068
rxn_2_1477,2,0.31,0.5341580609388552
rxn_2_1478,2,0.99,0.6991352069860106
rxn_2_1479,2,0.99,0.9437628392429959
rxn_2_1480,2,0.4,0.5812775004936209
rxn_2_1481,2,0.96,0.7045027897878754
rxn_2_1482,2,0.95,0.7735658607081128
rxn_2_1483,2,0.53,0.6398784944836132
rxn_2_1484,2,0.49,0.7116537291143943
rxn_2_1485,2,0.07,0.5221537724877892
rxn_2_1486,2,0.48,0.5825501763066637
rxn_2_1487,2,0.93,0.8087707050159537
rxn_2_1488,2,0.963,0.6596481231590403
rxn_2_1489,2,0.68,0.7334080144282945
rxn_2_1490,2,0.94,0.7017358787806293
rxn_2_1491,2,0.44,0.65099240838747
rxn_2_1492,2,0.82,0.7578909033000455
rxn_2_1493,2,0.81,0.7020743681495883
rxn_2_1494,2,0.75,0.6210636149263838
rxn_2_1495,2,0.96,0.8173853600983919
rxn_2_1496,2,0.91,0.9294918068505128
rxn_2_1497,2,0.77,0.7628772548736574
rxn_2_1498,2,0.87,0.616880906136971
rxn_2_1499,2,0.96,0.8593866344377806
rxn_2_1500,2,0.67,0.6933683117301035
rxn_2_1501,2,0.59,0.6932495459982221
rxn_2_1502,2,0.95,0.7554419454923339
rxn_2_1503,2,0.82,0.8142779248162552
rxn_2_1504,2,0.95,0.8160581273425844
rxn_2_1505,2,0.75,0.6264566714683565
rxn_2_1506,2,0.83,0.8129272181457253
rxn_2_1507,2,0.51,0.6865489652149751
rxn_2_1508,2,0.28,0.28659942615135964
rxn_2_1509,2,0.888,0.7311058255212073
rxn_2_1510,2,0.9,0.9264377273354922
rxn_2_1511,2,0.67,0.7463739570064177
rxn_2_1512,2,0.46,0.605945836921593
rxn_2_1513,2,0.65,0.575730478372589
rxn_2_1514,2,0.7,0.8241128399532002
rxn_2_1515,2,0.68,0.6367271238172331
rxn_2_1516,2,0.99,0.9499113211608777
rxn_2_1517,2,0.64,0.7532420982873663
rxn_2_1518,2,0.07,0.5236125243034716
rxn_2_1519,2,0.94,0.90275833185395
rxn_2_1520,2,0.89,0.8216001894183956
rxn_2_1521,2,0.72,0.7146233401500671
rxn_2_1522,2,0.2,0.6468081961885579
rxn_2_1523,2,0.77,0.6802552592676777
rxn_2_1524,2,0.42,0.6008656148495942
rxn_2_1525,2,0.81,0.7495290165381158
rxn_2_1526,2,0.8,0.645625054214768
rxn_2_1527,2,0.96,0.7855919698236266
rxn_2_1528,2,0.65,0.560767940101755
rxn_2_1529,2,0.7,0.6457714789081049
rxn_2_1530,2,0.95,0.7794424195789588
rxn_2_1531,2,0.98,0.6902248585446071
rxn_2_1532,2,0.81,0.6697588855300997
rxn_2_1533,2,0.69,0.7517930561943903
rxn_2_1534,2,0.71,0.7790836778044884
rxn_2_1535,2,0.6,0.7007722117576402
rxn_2_1536,2,0.61,0.5776821707815917
rxn_2_1537,2,0.81,0.6636885938411198
rxn_2_1538,2,0.872,0.6959509714287618
rxn_2_1539,2,1.0,0.921469577647378
rxn_2_1540,2,0.95,0.7430780299127931
rxn_2_1541,2,0.88,0.8104211682477649
rxn_2_1542,2,0.45,0.44476633638138957
rxn_2_1543,2,0.82,0.6998320630355549
rxn_2_1544,2,0.67,0.5993484038285773
rxn_2_1545,2,1.0,0.9065781330438657
rxn_2_1546,2,0.77,0.5623212159268403
rxn_2_1547,2,0.93,0.8285404986807876
rxn_2_1548,2,0.98,0.8183284232190581
rxn_2_1549,2,0.66,0.6723681936383358
rxn_2_1550,2,0.8,0.7917728684485077
rxn_2_1551,2,0.57,0.686513651378435
rxn_2_1552,2,0.52,0.692037650083038
rxn_2_1553,2,0.82,0.7067213213744061
rxn_2_1554,2,0.9,0.7412063821459861
rxn_2_1555,2,0.91,0.7969320949671234
rxn_2_1556,2,0.37,0.5690373128322599
rxn_2_1557,2,0.95,0.8405718545069475
rxn_2_1558,2,0.85,0.7119419109117163
rxn_2_1559,2,0.79,0.7753002557050753
rxn_2_1560,2,0.6,0.8403875633682641
rxn_2_1561,2,0.63,0.6001267383407133
rxn_2_1562,2,0.38,0.5760394407341851
rxn_2_1563,2,0.63,0.6752778207134605
rxn_2_1564,2,0.54,0.6458906910273795
rxn_2_1565,2,0.65,0.8866049336682001
rxn_2_1566,2,0.92,0.8749578201351559
rxn_2_1567,2,0.87,0.7983944842518341
rxn_2_1568,2,0.48,0.5455299432725068
rxn_2_1569,2,0.75,0.6891494630990288
rxn_2_1570,2,0.99,0.9189236067454267
rxn_2_1571,2,0.8,0.6811019312362218
rxn_2_1572,2,0.76,0.7851603098733788
rxn_2_1573,2,0.72,0.6408978448942163
rxn_2_1574,2,1.0,0.9182565712138602
rxn_2_1575,2,0.93,0.6807271689294548
rxn_2_1576,2,0.86,0.7730660523956779
rxn_2_1577,2,0.81,0.821450736900388
rxn_2_1578,2,0.74,0.5467388151106688
rxn_2_1579,2,0.74,0.7514665116346678
rxn_2_1580,2,0.52,0.5069366508417374
rxn_2_1581,2,0.88,0.7023754079642317
rxn_2_1582,2,0.791,0.665893665688558
rxn_2_1583,2,0.91,0.8362944396174834
rxn_2_1584,2,0.946,0.8418334557881373
rxn_2_1585,2,0.45,0.49983824636356083
rxn_2_1586,2,0.58,0.5802769289897088
rxn_2_1587,2,0.92,0.8265153123051064
rxn_2_1588,2,0.73,0.6066420807908725
rxn_2_1589,2,0.85,0.7423110898293288
rxn_2_1590,2,0.95,0.7531128323877739
rxn_2_1591,2,0.4,0.4267988237607838
rxn_2_1592,2,0.17,0.7683385519424393
rxn_2_1593,2,0.44,0.639886657858063
rxn_2_1594,2,0.97,0.742210029396618
rxn_2_1595,2,0.85,0.6975065448677196
rxn_2_1596,2,0.68,0.7053404757281113
rxn_2_1597,2,0.91,0.8199989879687649
rxn_2_1598,2,0.82,0.7571894176584446
rxn_2_1599,2,0.96,0.7659383047536165
rxn_2_1600,2,0.83,0.8385429513393774
rxn_2_1601,2,0.64,0.4992763405863969
rxn_2_1602,2,0.45,0.660493740148612
rxn_2_1603,2,0.71,0.7643466135795624
rxn_2_1604,2,0.82,0.8297409662922361
rxn_2_1605,2,0.55,0.6478259309363484
rxn_2_1606,2,0.55,0.6342884609902458
rxn_2_1607,2,0.89,0.6674344525647434
rxn_2_1608,2,0.92,0.5909115573980506
rxn_2_1609,2,0.61,0.6821705838416795
rxn_2_1610,2,0.93,0.8241755155075077
rxn_2_1611,2,0.65,0.7042063082530553
rxn_2_1612,2,0.82,0.7270705964548929
rxn_2_1613,2,0.44,0.5841376444939305
rxn_2_1614,2,0.61,0.8316307974024294
rxn_2_1615,2,0.12,0.5209686626952966
rxn_2_1616,2,0.6,0.6158434906098996
rxn_2_1617,2,0.64,0.6733371001770525
rxn_2_1618,2,0.62,0.7508180744049898
rxn_2_1619,2,0.62,0.6570567627790307
rxn_2_1620,2,0.054,0.37507224056316946
rxn_2_1621,2,0.76,0.6960056885951591
rxn_2_1622,2,0.78,0.6990755622691213
rxn_2_1623,2,0.22,0.5872731513255288
rxn_2_1624,2,0.93,0.8155550009498006
rxn_2_1625,2,0.71,0.7745792487558513
rxn_2_1626,2,0.73,0.6889331021545758
rxn_2_1627,2,0.88,0.7603182408879107
rxn_2_1628,2,0.99,0.8905818816810777
rxn_2_1629,2,0.57,0.5766271659365187
rxn_2_1630,2,0.64,0.5846018812556482
rxn_2_1631,2,0.3,0.5547647043208357
rxn_2_1632,2,0.89,0.8261643554248245
rxn_2_1633,2,0.69,0.6438098139092607
rxn_2_1634,2,0.81,0.7502764397413735
rxn_2_1635,2,0.71,0.7766394367603562
rxn_2_1636,2,0.71,0.7028762508207583
rxn_2_1637,2,0.59,0.6459440443191494
rxn_2_1638,2,0.605,0.7067024529265306
rxn_2_1639,2,0.52,0.6772810760761421
rxn_2_1640,2,0.75,0.6860484155206462
rxn_2_1641,2,0.81,0.7623610915646406
rxn_2_1642,2,0.88,0.9089865032905399
rxn_2_1643,2,0.91,0.8682292041035047
rxn_2_1644,2,0.77,0.7604787886948586
rxn_3_0,3,0.95,0.5991339733412954
rxn_3_1,3,0.62,0.5552422243752065
rxn_3_2,3,0.84,0.7795589289903426
rxn_3_3,3,0.55,0.5926072742537043
rxn_3_4,3,0.5,0.4216805688927476
rxn_3_5,3,0.23,0.6054819947539255
rxn_3_6,3,0.565,0.6607827861398624
rxn_3_7,3,0.54,0.8359855665480503
rxn_3_8,3,0.5,0.49672644481768424
rxn_3_9,3,0.78,0.7080648705269784
rxn_3_10,3,0.86,0.7234860398837263
rxn_3_11,3,0.79,0.6896372243977767
rxn_3_12,3,0.61,0.6626357246973659
rxn_3_13,3,0.58,0.5704863907779405
rxn_3_14,3,0.33,0.5528848962401978
rxn_3_15,3,0.56,0.569457879532804
rxn_3_16,3,0.81,0.7741992860042491
rxn_3_17,3,0.76,0.5994846716300639
rxn_3_18,3,0.94,0.8496681087423427
rxn_3_19,3,0.39,0.6977477159321225
rxn_3_20,3,0.54,0.6914757904778995
rxn_3_21,3,0.45,0.5141566920175439
rxn_3_22,3,0.93,0.8091423195328448
rxn_3_23,3,0.41,0.6286758699058766
rxn_3_24,3,0.82,0.8182150250605194
rxn_3_25,3,0.85,0.7692405522257181
rxn_3_26,3,0.31,0.5541347954384336
rxn_3_27,3,0.76,0.7644854082231011
rxn_3_28,3,0.79,0.6961421166226184
rxn_3_29,3,0.16,0.3807935967554785
rxn_3_30,3,0.95,0.9236007583996733
rxn_3_31,3,0.141,0.6762720111551754
rxn_3_32,3,0.5,0.4435627962202629
rxn_3_33,3,0.74,0.9503051518291841
rxn_3_34,3,0.38,0.6205576519839523
rxn_3_35,3,0.73,0.6693859707685639
rxn_3_36,3,0.42,0.5471202094602611
rxn_3_37,3,0.93,0.6630362004930579
rxn_3_38,3,0.68,0.6856790523351798
rxn_3_39,3,0.7,0.788554434881615
rxn_3_40,3,0.49,0.5013336113435113
rxn_3_41,3,0.45,0.7756900483548005
rxn_3_42,3,0.587,0.6713438973628311
rxn_3_43,3,0.496,0.6108996612313896
rxn_3_44,3,0.86,0.7210001520588948
rxn_3_45,3,0.78,0.583339206911656
rxn_3_46,3,0.245,0.2777438777260372
rxn_3_47,3,0.92,0.7850295397788681
rxn_3_48,3,0.5,0.5986658636284609
rxn_3_49,3,0.5,0.5411907580520396
rxn_3_50,3,0.22,0.5897474101252883
rxn_3_51,3,0.13,0.5784221339333643
rxn_3_52,3,0.8,0.7776000164272219
rxn_3_53,3,0.52,0.7894320907194906
rxn_3_54,3,0.25,0.6593433236315194
rxn_3_55,3,0.58,0.6942536136448313
rxn_3_56,3,0.85,0.6299797163765866
rxn_3_57,3,0.89,0.7807451399788671
rxn_3_58,3,0.73,0.36508447860328835
rxn_3_59,3,0.62,0.6921838042777694
rxn_3_60,3,0.78,0.6523988749935021
rxn_3_61,3,0.62,0.6624913013837229
rxn_3_62,3,0.73,0.7935768164199755
rxn_3_63,3,0.68,0.6316025280712179
rxn_3_64,3,0.61,0.6712489139921017
rxn_3_65,3,0.48,0.6411839412887342
rxn_3_66,3,0.44,0.606830657748506
rxn_3_67,3,0.43,0.47450702436024156
rxn_3_68,3,0.75,0.704210512921887
rxn_3_69,3,0.727,0.5199279103438291
rxn_3_70,3,0.87,0.7766816509585613
rxn_3_71,3,0.24,0.48101045721674557
rxn_3_72,3,0.84,0.8311197965245255
rxn_3_73,3,0.75,0.6845043389397993
rxn_3_74,3,0.51,0.5935540496918597
rxn_3_75,3,0.92,0.6858454941661204
rxn_3_76,3,0.9,0.7865942649955545
rxn_3_77,3,0.86,0.9548462307971848
rxn_3_78,3,0.62,0.6013132314832458
rxn_3_79,3,0.45,0.49104994870662627
rxn_3_80,3,0.57,0.6452835242045335
rxn_3_81,3,0.55,0.5584479167454018
rxn_3_82,3,0.83,0.920373777606664
rxn_3_83,3,0.81,0.7490593723794096
rxn_3_84,3,0.7,0.6442226602153771
rxn_3_85,3,0.47,0.44229889525221583
rxn_3_86,3,0.77,0.6581969337342366
rxn_3_87,3,0.43,0.6510234109848337
rxn_3_88,3,0.8,0.6060588227401501
rxn_3_89,3,0.69,0.7323917630125744
rxn_3_90,3,0.65,0.48795036287846744
rxn_3_91,3,0.99,0.8670040220497852
rxn_3_92,3,0.96,0.7209676703211109
rxn_3_93,3,0.89,0.7141355178611795
rxn_3_94,3,0.79,0.7329667371056668
rxn_3_95,3,1.0,0.9371673195115212
rxn_3_96,3,0.27,0.5846296659702097
rxn_3_97,3,0.28,0.4105217480333751
rxn_3_98,3,0.59,0.6428097323038112
rxn_3_99,3,0.9,0.7799001662146519
rxn_3_100,3,0.47,0.6379646118887118
rxn_3_101,3,0.38,0.5054493560956044
rxn_3_102,3,0.769,0.7006510667415075
rxn_3_103,3,0.87,0.6616802716416014
rxn_3_104,3,0.95,0.6484395003754178
rxn_3_105,3,0.39,0.6988258509959033
rxn_3_106,3,0.87,0.8187265860979381
rxn_3_107,3,0.39,0.6642145329683588
rxn_3_108,3,0.94,0.8277108403584467
rxn_3_109,3,0.37,0.6556497094334032
rxn_3_110,3,0.248,0.31205733609686387
rxn_3_111,3,0.69,0.7221828567124979
rxn_3_112,3,0.96,0.64087604688894
rxn_3_113,3,0.92,0.6494752625290562
rxn_3_114,3,0.55,0.5406716948774853
rxn_3_115,3,0.9,0.7843095141363209
rxn_3_116,3,0.62,0.6415708552917835
rxn_3_117,3,0.62,0.7754856672502362
rxn_3_118,3,0.59,0.7195339557889553
rxn_3_119,3,0.6,0.6809558549568049
rxn_3_120,3,0.65,0.6732188641077014
rxn_3_121,3,0.85,0.8706167706562663
rxn_3_122,3,0.65,0.7012964454775586
rxn_3_123,3,0.95,0.6626386661762343
rxn_3_124,3,0.77,0.8507180172075367
rxn_3_125,3,0.84,0.7985904675323151
rxn_3_126,3,0.8,0.744112774615901
rxn_3_127,3,0.51,0.5245356783402498
rxn_3_128,3,0.9,0.6922435396102893
rxn_3_129,3,0.27,0.5953398600803002
rxn_3_130,3,0.41,0.5988248844572986
rxn_3_131,3,0.45,0.45289325977967065
rxn_3_132,3,0.31,0.3635070571043116
rxn_3_133,3,0.58,0.5781694189368608
rxn_3_134,3,0.727,0.733399100181356
rxn_3_135,3,0.77,0.7736010497183609
rxn_3_136,3,0.8,0.6703316490128578
rxn_3_137,3,0.62,0.6822435282405094
rxn_3_138,3,0.99,0.8788475972642699
rxn_3_139,3,0.61,0.7461317788083005
rxn_3_140,3,0.53,0.6755133743903218
rxn_3_141,3,0.92,0.7723206186342114
rxn_3_142,3,0.38,0.7851070037052947
rxn_3_143,3,0.94,0.7391178915895517
rxn_3_144,3,0.94,0.7883387579500063
rxn_3_145,3,0.57,0.6038204562592806
rxn_3_146,3,0.51,0.5985341439153359
rxn_3_147,3,0.31,0.42245516083201645
rxn_3_148,3,0.58,0.5487029779652816
rxn_3_149,3,0.93,0.8728298307691563
rxn_3_150,3,0.85,0.8102286288565894
rxn_3_151,3,0.73,0.7412808057512312
rxn_3_152,3,0.6,0.4901976525467406
rxn_3_153,3,0.99,0.8061143752303241
rxn_3_154,3,0.75,0.750101997549919
rxn_3_155,3,0.61,0.7601335905296943
rxn_3_156,3,0.52,0.5336102223408014
rxn_3_157,3,0.82,0.8834434622708293
rxn_3_158,3,0.64,0.7108189978056524
rxn_3_159,3,0.78,0.7111275669452889
rxn_3_160,3,0.61,0.5910587786222893
rxn_3_161,3,0.85,0.6236338317939422
rxn_3_162,3,0.71,0.7185205648822061
rxn_3_163,3,0.44,0.459721378383988
rxn_3_164,3,0.51,0.6316594299193263
rxn_3_165,3,0.78,0.7124702196049674
rxn_3_166,3,0.92,0.7523391598131203
rxn_3_167,3,0.76,0.7831588866591818
rxn_3_168,3,0.39,0.6266302924632714
rxn_3_169,3,0.63,0.6255814277631108
rxn_3_170,3,0.63,0.6625326728231408
rxn_3_171,3,0.49,0.6223408777947028
rxn_3_172,3,0.5,0.6622517659702067
rxn_3_173,3,0.81,0.5314303017513939
rxn_3_174,3,0.88,0.8055674932712972
rxn_3_175,3,0.53,0.7670855066641651
rxn_3_176,3,0.69,0.8096327849449289
rxn_3_177,3,0.3,0.5322997243547329
rxn_3_178,3,0.84,0.7380761453280632
rxn_3_179,3,0.92,0.7974609792137141
rxn_3_180,3,0.72,0.6625415704127681
rxn_3_181,3,0.41,0.7632071826437207
rxn_3_182,3,0.7,0.5804187066028057
rxn_3_183,3,0.5,0.7900766696822169
rxn_3_184,3,0.65,0.6790820300360721
rxn_3_185,3,0.41,0.7004528718193755
rxn_3_186,3,0.95,0.7627548932319236
rxn_3_187,3,0.58,0.6723051241264569
rxn_3_188,3,0.84,0.6600861856528357
rxn_3_189,3,0.78,0.6030552428695436
rxn_3_190,3,0.77,0.7341539740730125
rxn_3_191,3,0.76,0.6679916594834022
rxn_3_192,3,0.97,0.8532733485744388
rxn_3_193,3,1.0,0.8716962999983145
rxn_3_194,3,0.35,0.7657199067483272
rxn_3_195,3,0.23,0.5577868417163134
rxn_3_196,3,0.72,0.8058025838081401
rxn_3_197,3,0.65,0.5787500403968672
rxn_3_198,3,0.6,0.6956001591178792
rxn_3_199,3,0.95,0.8414707085314905
rxn_3_200,3,0.78,0.7872621437135282
rxn_3_201,3,0.56,0.5783542735368558
rxn_3_202,3,0.51,0.572504219421623
rxn_3_203,3,0.35,0.502198550756554
rxn_3_204,3,0.07,0.577696883354323
rxn_3_205,3,0.5,0.6036389259746215
rxn_3_206,3,0.74,0.6993109817570057
rxn_3_207,3,0.85,0.6915639586919622
rxn_3_208,3,0.4,0.4863875182487553
rxn_3_209,3,0.35,0.6061833583583444
rxn_3_210,3,0.65,0.4952705337850683
rxn_3_211,3,0.32,0.3802781542618056
rxn_3_212,3,0.76,0.7086624290923066
rxn_3_213,3,0.76,0.6377098710457053
rxn_3_214,3,0.93,0.9036080735406626
rxn_3_215,3,0.71,0.6309064690307481
rxn_3_216,3,0.51,0.5848532523148134
rxn_3_217,3,0.39,0.5257586037234118
rxn_3_218,3,0.83,0.7210314586883054
rxn_3_219,3,0.6,0.6463310884893659
rxn_3_220,3,0.33,0.40416166152318106
rxn_3_221,3,0.83,0.7436686016409969
rxn_3_222,3,0.91,0.9126725665304761
rxn_3_223,3,0.76,0.6208020024169748
rxn_3_224,3,0.6,0.8375671183885753
rxn_3_225,3,0.82,0.6997992995714406
rxn_3_226,3,0.82,0.7183306400297628
rxn_3_227,3,0.92,0.7719022894633727
rxn_3_228,3,0.88,0.7906020245106179
rxn_3_229,3,0.78,0.8265217962002928
rxn_3_230,3,0.4,0.6589976006397787
rxn_3_231,3,0.9,0.6824458797078575
rxn_3_232,3,0.24,0.6380140826789183
rxn_3_233,3,0.76,0.8139292719874275
rxn_3_234,3,0.655,0.6658135877829675
rxn_3_235,3,0.68,0.6679019222142767
rxn_3_236,3,0.68,0.6790992854478507
rxn_3_237,3,0.32,0.5786344527614445
rxn_3_238,3,0.26,0.43492138556253185
rxn_3_239,3,0.94,0.7512584482396031
rxn_3_240,3,0.92,0.6360018168477133
rxn_3_241,3,0.51,0.5164469679956678
rxn_3_242,3,0.85,0.8045773059829395
rxn_3_243,3,0.54,0.6996343732181861
rxn_3_244,3,0.76,0.7188013300208872
rxn_3_245,3,0.62,0.6119146565470114
rxn_3_246,3,0.78,0.7637827259109189
rxn_3_247,3,0.97,0.8273314149650477
rxn_3_248,3,0.67,0.671684256016117
rxn_3_249,3,0.66,0.3467196143116813
rxn_3_250,3,0.3,0.4070623321815255
rxn_3_251,3,0.11,0.508895654823136
rxn_3_252,3,0.16,0.5253674250536575
rxn_3_253,3,0.94,0.8734749795147717
rxn_3_254,3,0.49,0.49059926553478433
rxn_3_255,3,0.45,0.6520215590380597
rxn_3_256,3,0.75,0.775683279179093
rxn_3_257,3,0.51,0.5826688785631752
rxn_3_258,3,0.7,0.77751558010204
rxn_3_259,3,0.93,0.5604970076801579
rxn_3_260,3,0.3,0.635048751702939
rxn_3_261,3,0.79,0.7266539575646295
rxn_3_262,3,0.62,0.7067714988373192
rxn_3_263,3,0.7,0.5004986820482789
rxn_3_264,3,0.69,0.6365624365819916
rxn_3_265,3,0.95,0.8816205867846874
rxn_3_266,3,0.94,0.8181971779146923
rxn_3_267,3,0.45,0.6878985527702767
rxn_3_268,3,0.89,0.7235629612999342
rxn_3_269,3,0.68,0.6595138628215647
rxn_3_270,3,0.34,0.5066752746023941
rxn_3_271,3,0.4,0.3934911159667684
rxn_3_272,3,0.91,0.7167499278462438
rxn_3_273,3,0.12,0.6711315311556282
rxn_3_274,3,0.3,0.6713177788765204
rxn_3_275,3,0.77,0.7244860532957037
rxn_3_276,3,0.96,0.8552830198604582
rxn_3_277,3,0.62,0.4654507882915353
rxn_3_278,3,0.5,0.5522733905007595
rxn_3_279,3,0.88,0.6275586790744918
rxn_3_280,3,0.82,0.7512543311592176
rxn_3_281,3,0.62,0.6952511189163957
rxn_3_282,3,0.085,0.6272982171877644
rxn_3_283,3,0.91,0.6649712622435543
rxn_3_284,3,0.59,0.6637517035713326
rxn_3_285,3,0.59,0.8106603918321343
rxn_3_286,3,0.7,0.7579111750019463
rxn_3_287,3,0.79,0.7736607364033296
rxn_3_288,3,0.52,0.5842249022756549
rxn_3_289,3,0.64,0.6628522948990843
rxn_3_290,3,0.46,0.7340438767157229
rxn_3_291,3,0.41,0.5049113888816988
rxn_3_292,3,0.8,0.7978065981673704
rxn_3_293,3,0.18,0.47264202106825975
rxn_3_294,3,0.59,0.6012591631043069
rxn_3_295,3,0.62,0.8015301417736884
rxn_3_296,3,0.99,0.9810554606825415
rxn_3_297,3,0.85,0.827823616853831
rxn_3_298,3,0.72,0.6519465520618675
rxn_3_299,3,0.943,0.6851440646790175
rxn_3_300,3,0.74,0.6315484210387964
rxn_3_301,3,0.74,0.75053139372097
rxn_3_302,3,0.73,0.7095341425739378
rxn_3_303,3,0.58,0.5928678420762968
rxn_3_304,3,0.67,0.6265033564835705
rxn_3_305,3,0.932,0.6443785054349734
rxn_3_306,3,0.88,0.6388185214242496
rxn_3_307,3,0.96,0.8621234510374899
rxn_3_308,3,0.32,0.5764305671190214
rxn_3_309,3,0.78,0.7192942270244046
rxn_3_310,3,0.87,0.8893197188854197
rxn_3_311,3,0.21,0.4619028664645885
rxn_3_312,3,0.19,0.626839365665973
rxn_3_313,3,0.9,0.7328745011238222
rxn_3_314,3,0.66,0.6273847793556637
rxn_3_315,3,0.11,0.46876860247671104
rxn_3_316,3,0.89,0.7159695414063075
rxn_3_317,3,0.68,0.6280964963340917
rxn_3_318,3,0.276,0.6492878904485426
rxn_3_319,3,0.66,0.7583390856201495
rxn_3_320,3,0.87,0.6279688049039588
rxn_3_321,3,0.63,0.730590186923974
rxn_3_322,3,0.11,0.48831402547643704
rxn_3_323,3,0.91,0.8027885866857051
rxn_3_324,3,0.64,0.6812487485253981
rxn_3_325,3,0.99,0.8944694046647427
rxn_3_326,3,0.86,0.7900667774519382
rxn_3_327,3,0.2,0.5499302977620002
rxn_3_328,3,0.57,0.6365590730124085
rxn_3_329,3,0.78,0.776816538629796
rxn_3_330,3,0.59,0.6258467254231759
rxn_3_331,3,0.76,0.5874656372493203
rxn_3_332,3,0.54,0.773188406457835
rxn_3_333,3,0.6,0.61002328850004
rxn_3_334,3,0.74,0.6623834530245345
rxn_3_335,3,0.81,0.7718069916560858
rxn_3_336,3,0.43,0.6921399885984004
rxn_3_337,3,0.94,0.9286287799465258
rxn_3_338,3,0.96,0.7790309746275614
rxn_3_339,3,0.76,0.725764304968747
rxn_3_340,3,0.59,0.6981096559137047
rxn_3_341,3,0.73,0.6960679128356068
rxn_3_342,3,0.62,0.5769542226574066
rxn_3_343,3,0.85,0.8065567135985646
rxn_3_344,3,0.92,0.8261757657226831
rxn_3_345,3,0.9,0.7069390740882783
rxn_3_346,3,0.16,0.6926144896946905
rxn_3_347,3,0.2,0.5614141247314438
rxn_3_348,3,0.6,0.7692117853678265
rxn_3_349,3,0.68,0.4880640692362566
rxn_3_350,3,0.7,0.6436149927597524
rxn_3_351,3,0.74,0.7426972941695147
rxn_3_352,3,0.88,0.7329085628857318
rxn_3_353,3,0.53,0.6057949474360421
rxn_3_354,3,0.82,0.7401076565366503
rxn_3_355,3,0.7,0.7122290718137946
rxn_3_356,3,0.51,0.5438175865261523
rxn_3_357,3,0.85,0.8720037360168159
rxn_3_358,3,0.81,0.7150003127458261
rxn_3_359,3,0.54,0.672119837448833
rxn_3_360,3,0.1,0.5719358522627372
rxn_3_361,3,0.62,0.5922242740386935
rxn_3_362,3,0.81,0.86717749004396
rxn_3_363,3,0.9,0.8178499502630044
rxn_3_364,3,0.306,0.5810987754436046
rxn_3_365,3,0.99,0.844907215892
rxn_3_366,3,0.75,0.6820500574357183
rxn_3_367,3,0.9,0.805916293328553
rxn_3_368,3,0.85,0.7884222297599215
rxn_3_369,3,0.26,0.649975723381589
rxn_3_370,3,0.79,0.5375273049960266
rxn_3_371,3,0.66,0.673656799687565
rxn_3_372,3,0.8,0.7384736006613831
rxn_3_373,3,0.72,0.65712253521926
rxn_3_374,3,0.47,0.6672504690901105
rxn_3_375,3,0.89,0.7788767769455734
rxn_3_376,3,0.75,0.7764775451688283
rxn_3_377,3,0.88,0.711094826192507
rxn_3_378,3,0.9,0.8081639395499242
rxn_3_379,3,0.97,0.8372988009447334
rxn_3_380,3,0.26,0.45730643297797363
rxn_3_381,3,0.56,0.526897177654477
rxn_3_382,3,0.7,0.6819856196809674
rxn_3_383,3,0.52,0.5818526987853253
rxn_3_384,3,0.97,0.7451156993912648
rxn_3_385,3,0.88,0.8489847212550817
rxn_3_386,3,0.88,0.6805654900043693
rxn_3_387,3,0.81,0.825570861980118
rxn_3_388,3,0.87,0.6678740376757203
rxn_3_389,3,0.414,0.574654657244642
rxn_3_390,3,0.56,0.6375917346092725
rxn_3_391,3,0.68,0.6908915536154273
rxn_3_392,3,0.16,0.7920592693857018
rxn_3_393,3,0.93,0.8797769314383567
rxn_3_394,3,0.7,0.3937079350858481
rxn_3_395,3,0.57,0.5928479741417018
rxn_3_396,3,0.6,0.6148195868454899
rxn_3_397,3,0.22,0.677002525904019
rxn_3_398,3,0.64,0.7291977015640575
rxn_3_399,3,0.67,0.6795720979071436
rxn_3_400,3,0.29,0.783000628096089
rxn_3_401,3,0.9,0.8078638269383415
rxn_3_402,3,0.321,0.6138430704526173
rxn_3_403,3,0.93,0.7889871486433956
rxn_3_404,3,0.22,0.5766932228251233
rxn_3_405,3,0.96,0.8251414191691326
rxn_3_406,3,0.85,0.796873151060761
rxn_3_407,3,0.88,0.8163995331060546
rxn_3_408,3,0.53,0.5392147035162678
rxn_3_409,3,0.65,0.6016988847854142
rxn_3_410,3,0.66,0.7370738419061977
rxn_3_411,3,0.74,0.7417112963938451
rxn_3_412,3,0.8,0.6689297340981861
rxn_3_413,3,0.582,0.5809704600739002
rxn_3_414,3,0.98,0.8440331126904944
rxn_3_415,3,0.82,0.6627101185538984
rxn_3_416,3,0.84,0.8242761620440593
rxn_3_417,3,0.6,0.6741523368106422
rxn_3_418,3,0.93,0.5992601430215955
rxn_3_419,3,0.52,0.6285353961278259
rxn_3_420,3,0.65,0.6374629533979681
rxn_3_421,3,0.82,0.8072414292128071
rxn_3_422,3,0.95,0.6649050688271559
rxn_3_423,3,0.634,0.4143961616050979
rxn_3_424,3,0.9,0.7075649187290876
rxn_3_425,3,0.59,0.5787891233979995
rxn_3_426,3,0.77,0.720222139362761
rxn_3_427,3,0.813,0.6447567464942002
rxn_3_428,3,0.52,0.6112362735317632
rxn_3_429,3,0.86,0.6103124259290363
rxn_3_430,3,0.08,0.3684368212805394
rxn_3_431,3,0.75,0.7241104258715844
rxn_3_432,3,0.53,0.6857794178746612
rxn_3_433,3,0.83,0.6930866601941342
rxn_3_434,3,0.43,0.5732104129925638
rxn_3_435,3,0.99,0.8820661832056286
rxn_3_436,3,0.33,0.6548537546534016
rxn_3_437,3,0.52,0.5008283102217407
rxn_3_438,3,0.88,0.6429734835807802
rxn_3_439,3,0.31,0.5944845518376142
rxn_3_440,3,0.77,0.5652147892618055
rxn_3_441,3,1.0,0.8541881445734458
rxn_3_442,3,0.9,0.7917983623988998
rxn_3_443,3,0.89,0.8904261371609058
rxn_3_444,3,0.76,0.6616519237228352
rxn_3_445,3,0.89,0.8803736335304665
rxn_3_446,3,0.9,0.654843338341124
rxn_3_447,3,0.47,0.6856437487965578
rxn_3_448,3,0.98,0.8037040657324009
rxn_3_449,3,0.286,0.31475704952599315
rxn_3_450,3,0.53,0.6359221092312692
rxn_3_451,3,0.383,0.7579162329388263
rxn_3_452,3,0.56,0.6221442390994124
rxn_3_453,3,0.8,0.6680527899940593
rxn_3_454,3,0.91,0.6417361114746144
rxn_3_455,3,0.83,0.7089975525174642
rxn_3_456,3,0.81,0.8461717265310513
rxn_3_457,3,0.83,0.6487412486679575
rxn_3_458,3,0.96,0.8816149547060204
rxn_3_459,3,0.15,0.45051788634148515
rxn_3_460,3,0.97,0.7522150804381016
rxn_3_461,3,0.99,0.9332879186673321
rxn_3_462,3,0.6,0.6328044799359112
rxn_3_463,3,0.56,0.7041314496332213
rxn_3_464,3,0.86,0.834964904471177
rxn_3_465,3,0.56,0.6210516541907066
rxn_3_466,3,0.57,0.743903069808313
rxn_3_467,3,0.69,0.6087911134876215
rxn_3_468,3,0.76,0.6571101129915718
rxn_3_469,3,0.85,0.6194108366348096
rxn_3_470,3,0.73,0.6858391299859431
rxn_3_471,3,0.03,0.38442452460794846
rxn_3_472,3,0.07,0.4093830642130933
rxn_3_473,3,0.55,0.6202500988139495
rxn_3_474,3,0.77,0.5739332194763632
rxn_3_475,3,0.88,0.8751493212456928
rxn_3_476,3,0.798,0.6760256159577135
rxn_3_477,3,0.59,0.6080325953182525
rxn_3_478,3,0.62,0.6122738021943177
rxn_3_479,3,0.75,0.705194545592195
rxn_3_480,3,0.81,0.7105748799594215
rxn_3_481,3,0.89,0.816155754827756
rxn_3_482,3,0.71,0.7564372053884517
rxn_3_483,3,0.95,0.7816992891717179
rxn_3_484,3,0.29,0.6903754246627521
rxn_3_485,3,0.66,0.7043619010123422
rxn_3_486,3,0.78,0.6703343679204085
rxn_3_487,3,0.65,0.6543390239380104
rxn_3_488,3,0.47,0.4997468875659123
rxn_3_489,3,0.42,0.646479522969689
rxn_3_490,3,0.66,0.6145523395008153
rxn_3_491,3,0.77,0.646576389759451
rxn_3_492,3,0.76,0.7571203582149666
rxn_3_493,3,0.55,0.5614793096425827
rxn_3_494,3,0.82,0.753681741037577
rxn_3_495,3,0.74,0.7245388934531424
rxn_3_496,3,0.36,0.5418585248615421
rxn_3_497,3,0.68,0.6736637877318289
rxn_3_498,3,0.91,0.755960409348959
rxn_3_499,3,0.86,0.8731667996542386
rxn_3_500,3,0.63,0.6708569162715493
rxn_3_501,3,0.75,0.718895419156156
rxn_3_502,3,0.74,0.5685036452317852
rxn_3_503,3,0.95,0.7515504065817914
rxn_3_504,3,0.7705,0.6953553423915079
rxn_3_505,3,0.9,0.8106582039263049
rxn_3_506,3,0.97,0.9196646656727401
rxn_3_507,3,0.42,0.6189277343361222
rxn_3_508,3,0.39,0.699364078473364
rxn_3_509,3,0.84,0.7692497885096085
rxn_3_510,3,0.92,0.6177618226465902
rxn_3_511,3,0.8,0.6756690223489267
rxn_3_512,3,0.89,0.846475033384098
rxn_3_513,3,0.85,0.7196018171403841
rxn_3_514,3,0.62,0.652776066912167
rxn_3_515,3,0.81,0.6935261816002599
rxn_3_516,3,0.71,0.7963195126979009
rxn_3_517,3,0.63,0.6095724176842457
rxn_3_518,3,0.52,0.5920735325297758
rxn_3_519,3,0.9734,0.6409368557071701
rxn_3_520,3,0.99,0.8784812078539548
rxn_3_521,3,0.67,0.6835023278114072
rxn_3_522,3,0.56,0.8192696497537094
rxn_3_523,3,0.72,0.5894939535042422
rxn_3_524,3,0.97,0.4661085560373312
rxn_3_525,3,0.95,0.7628814425697753
rxn_3_526,3,0.85,0.6070586160393886
rxn_3_527,3,0.8,0.8278557736529382
rxn_3_528,3,0.58,0.7610276218780031
rxn_3_529,3,0.69,0.6497433199670349
rxn_3_530,3,0.87,0.8013077199265611
rxn_3_531,3,0.85,0.7809901354737319
rxn_3_532,3,0.72,0.6694427551332852
rxn_3_533,3,0.58,0.7325976493056835
rxn_3_534,3,0.46,0.6077599327476153
rxn_3_535,3,0.8,0.7585286597552655
rxn_3_536,3,0.63,0.6216068689045694
rxn_3_537,3,0.38,0.46646243495259815
rxn_3_538,3,0.81,0.6997603833657667
rxn_3_539,3,0.93,0.65467822656145
rxn_3_540,3,0.55,0.6100080165619449
rxn_3_541,3,0.7,0.6728049085302535
rxn_3_542,3,0.87,0.8188443602530815
rxn_3_543,3,0.95,0.7473192402718632
rxn_3_544,3,0.33,0.6436157534650463
rxn_3_545,3,0.72,0.7237899960675355
rxn_3_546,3,0.85,0.7517317086152085
rxn_3_547,3,0.79,0.6609199449279667
rxn_3_548,3,0.79,0.8281573711519559
rxn_3_549,3,0.894,0.8243056866745716
rxn_3_550,3,0.96,0.7615745321756822
rxn_3_551,3,0.77,0.696700443474532
rxn_3_552,3,0.88,0.6976699464976472
rxn_3_553,3,0.51,0.5758722382745521
rxn_3_554,3,0.78,0.7513488389440625
rxn_3_555,3,0.85,0.7717006909752597
rxn_3_556,3,0.84,0.7122052107962963
rxn_3_557,3,0.88,0.7312303284938473
rxn_3_558,3,0.15,0.5095026805763391
rxn_3_559,3,1.0,0.7912349839905884
rxn_3_560,3,0.98,0.7941201112967443
rxn_3_561,3,0.65,0.6473641284818269
rxn_3_562,3,0.99,0.7412083759847862
rxn_3_563,3,0.83,0.7295211127786304
rxn_3_564,3,0.95,0.9391030841127638
rxn_3_565,3,0.76,0.6465274160033533
rxn_3_566,3,0.73,0.7352844147603189
rxn_3_567,3,0.92,0.7726195394544453
rxn_3_568,3,0.65,0.39877914823548616
rxn_3_569,3,0.9,0.7723344447075675
rxn_3_570,3,0.81,0.8089771466427758
rxn_3_571,3,0.95,0.878614636596773
rxn_3_572,3,0.83,0.7603062797011896
rxn_3_573,3,0.94,0.8282250365645799
rxn_3_574,3,0.82,0.7803226417868675
rxn_3_575,3,0.92,0.7600915914167986
rxn_3_576,3,0.89,0.8596148872290136
rxn_3_577,3,0.38,0.5601348620997569
rxn_3_578,3,0.93,0.7585503402374396
rxn_3_579,3,0.65,0.568736173444583
rxn_3_580,3,0.46,0.3913735126314469
rxn_3_581,3,0.45,0.7712424024860537
rxn_3_582,3,0.48,0.777132329504551
rxn_3_583,3,0.28,0.634159350238836
rxn_3_584,3,0.64,0.6124870960263626
rxn_3_585,3,0.22,0.4925659679745033
rxn_3_586,3,0.469,0.6530960893322711
rxn_3_587,3,0.57,0.7107921441378912
rxn_3_588,3,0.86,0.8953571977726008
rxn_3_589,3,0.73,0.8064110723912573
rxn_3_590,3,0.62,0.6706367449982812
rxn_3_591,3,0.88,0.7924483434788749
rxn_3_592,3,0.22,0.33493979517233124
rxn_3_593,3,0.88,0.7662749646166045
rxn_3_594,3,0.73,0.6361545241554923
rxn_3_595,3,0.5,0.6564370891505067
rxn_3_596,3,0.4,0.7648956376942907
rxn_3_597,3,0.45,0.7001797744206922
rxn_3_598,3,0.85,0.7434550280828777
rxn_3_599,3,0.79,0.7832780319034374
rxn_3_600,3,0.73,0.5793998368331361
rxn_3_601,3,0.81,0.707227551930797
rxn_3_602,3,0.74,0.7596130459249798
rxn_3_603,3,0.51,0.6361394729133735
rxn_3_604,3,0.66,0.7881527341400915
rxn_3_605,3,0.57,0.6174537432142011
rxn_3_606,3,0.54,0.7128342122609185
rxn_3_607,3,0.325,0.5606847392189944
rxn_3_608,3,0.63,0.7147746356734738
rxn_3_609,3,0.27,0.41050893217813017
rxn_3_610,3,0.92,0.7874413342849399
rxn_3_611,3,0.61,0.7883695820770091
rxn_3_612,3,0.67,0.7206884208766006
rxn_3_613,3,0.9,0.8246561105286953
rxn_3_614,3,0.89,0.8035060121159036
rxn_3_615,3,0.84,0.769453111888012
rxn_3_616,3,0.72,0.7310047561549369
rxn_3_617,3,0.76,0.796704488899065
rxn_3_618,3,0.61,0.5745261633581117
rxn_3_619,3,0.64,0.5176574111793434
rxn_3_620,3,0.76,0.7432572246019248
rxn_3_621,3,0.44,0.5469073564694571
rxn_3_622,3,0.73,0.7744245967211584
rxn_3_623,3,0.97,0.8272412980164319
rxn_3_624,3,0.81,0.8362964368419337
rxn_3_625,3,0.51,0.4605883354495326
rxn_3_626,3,0.86,0.5677487814915111
rxn_3_627,3,0.88,0.6365048962151951
rxn_3_628,3,0.96,0.8512218816727808
rxn_3_629,3,0.68,0.6726714179110488
rxn_3_630,3,0.81,0.706021768491146
rxn_3_631,3,0.58,0.6058399142752817
rxn_3_632,3,0.06,0.5162510367177485
rxn_3_633,3,0.57,0.7159742659787707
rxn_3_634,3,0.94,0.8263792593145273
rxn_3_635,3,0.37,0.6888352221701922
rxn_3_636,3,0.68,0.750985554366595
rxn_3_637,3,0.78,0.7289043333933164
rxn_3_638,3,0.58,0.673824096283547
rxn_3_639,3,0.59,0.5855304572885475
rxn_3_640,3,0.48,0.6468636970781773
rxn_3_641,3,0.26,0.6263389485715345
rxn_3_642,3,0.27,0.5477402277632158
rxn_3_643,3,0.76,0.6876824694936811
rxn_3_644,3,0.21,0.4360683611114487
rxn_3_645,3,0.67,0.494754011604108
rxn_3_646,3,0.6,0.5635662739625655
rxn_3_647,3,0.3,0.6543223736543962
rxn_3_648,3,0.91,0.8751447248404198
rxn_3_649,3,0.96,0.653748597520485
rxn_3_650,3,0.64,0.5701226949136577
rxn_3_651,3,0.35,0.42415513972702806
rxn_3_652,3,0.68,0.670109024803566
rxn_3_653,3,0.7,0.7024868298029548
rxn_4_0,4,0.58,0.6189307202367073
rxn_4_1,4,0.91,0.5881588928112024
rxn_4_2,4,0.8,0.699247156796548
rxn_4_3,4,0.8,0.7027964959783967
rxn_4_4,4,0.45,0.6438809663883128
rxn_4_5,4,0.75,0.5543692882735655
rxn_4_6,4,0.45,0.47977614547022185
rxn_4_7,4,0.86,0.8579923958367264
rxn_4_8,4,0.92,0.8901641272754159
rxn_4_9,4,0.68,0.7834589692947432
rxn_4_10,4,0.97,0.788317522116794
rxn_4_11,4,0.95,0.6557958666799862
rxn_4_12,4,0.68,0.7037823944685959
rxn_4_13,4,0.29,0.33327686712337995
rxn_4_14,4,0.6,0.6669530445335541
rxn_4_15,4,0.465,0.5845145238235077
rxn_4_16,4,0.73,0.6352411871979818
rxn_4_17,4,0.72,0.7315414052053884
rxn_4_18,4,0.5,0.7486599656317886
rxn_4_19,4,0.634,0.6579669375941789
rxn_4_20,4,0.78,0.8000840088457369
rxn_4_21,4,0.86,0.6504183473625154
rxn_4_22,4,0.96,0.8447367105137954
rxn_4_23,4,0.857,0.7549980677736373
rxn_4_24,4,0.63,0.635573473318083
rxn_4_25,4,0.87,0.8275217777160563
rxn_4_26,4,0.51,0.5587272687904813
rxn_4_27,4,0.73,0.8177994032587487
rxn_4_28,4,0.88,0.777248914894168
rxn_4_29,4,0.92,0.8173860529828039
rxn_4_30,4,0.88,0.8774270886864987
rxn_4_31,4,0.96,0.9280459485256736
rxn_4_32,4,0.54,0.5818629672348985
rxn_4_33,4,0.39,0.6467986007634647
rxn_4_34,4,0.3,0.5772492945940711
rxn_4_35,4,1.0,0.9679454242472941
rxn_4_36,4,0.5,0.6174385792441576
rxn_4_37,4,0.87,0.8659768243805807
rxn_4_38,4,0.85,0.7448249212195585
rxn_4_39,4,0.72,0.8288504041194145
rxn_4_40,4,0.14,0.45971587446116885
rxn_4_41,4,0.58,0.688004134707609
rxn_4_42,4,0.6,0.6237006919129394
rxn_4_43,4,0.86,0.6711479738583946
rxn_4_44,4,0.73,0.8288385575668885
rxn_4_45,4,0.94,0.5214251498528929
rxn_4_46,4,0.87,0.814339094543718
rxn_4_47,4,0.97,0.8453636084740045
rxn_4_48,4,0.71,0.7221483523273751
rxn_4_49,4,0.84,0.739802422180091
rxn_4_50,4,0.82,0.7867478932267439
rxn_4_51,4,0.25,0.545283418851325
rxn_4_52,4,0.87,0.8375443791661003
rxn_4_53,4,0.72,0.7025277886384537
rxn_4_54,4,0.84,0.6056870880894968
rxn_4_55,4,0.68,0.5795371048775392
rxn_4_56,4,0.7,0.651696349570826
rxn_4_57,4,0.92,0.6341049273339745
rxn_4_58,4,0.92,0.734132460935573
rxn_4_59,4,0.17,0.7806195382148253
rxn_4_60,4,0.94,0.8610534311209391
rxn_4_61,4,0.41,0.7127626728647912
rxn_4_62,4,0.92,0.8635429976712737
rxn_4_63,4,1.0,0.7302508100752109
rxn_4_64,4,0.62,0.5036732652973678
rxn_4_65,4,0.64,0.5906215373485747
rxn_4_66,4,0.7,0.8302672860806734
rxn_4_67,4,0.92,0.8208474361849111
rxn_4_68,4,0.61,0.847419669278687
rxn_4_69,4,0.63,0.6986450254774255
rxn_4_70,4,0.93,0.8799375400903889
rxn_4_71,4,0.39,0.609230756343044
rxn_4_72,4,0.76,0.8614106625236345
rxn_4_73,4,0.53,0.60523836325317
rxn_4_74,4,0.92,0.7052392988916597
rxn_4_75,4,0.43,0.6135314347280402
rxn_4_76,4,0.73,0.6750027983483377
rxn_4_77,4,0.71,0.763039279534708
rxn_4_78,4,0.95,0.7583948174589388
rxn_4_79,4,0.43,0.5956067481288488
rxn_4_80,4,0.7,0.6072802784880954
rxn_4_81,4,0.8,0.7816229185296274
rxn_4_82,4,0.66,0.8205910372386572
rxn_4_83,4,0.88,0.7147528954755854
rxn_4_84,4,0.95,0.7838361834456661
rxn_4_85,4,0.22,0.5276680943983622
rxn_4_86,4,0.44,0.6769611022723133
rxn_4_87,4,0.98,0.703494928348862
rxn_4_88,4,0.63,0.7300210765849293
rxn_4_89,4,1.0,0.963932698281578
rxn_4_90,4,0.73,0.7243899757898742
rxn_4_91,4,0.65,0.6873258137441072
rxn_4_92,4,0.93,0.883620561806507
rxn_4_93,4,0.9,0.8070507560991899
rxn_4_94,4,0.72,0.7554438149481538
rxn_4_95,4,0.78,0.787297674551208
rxn_4_96,4,0.84,0.6633334920966226
rxn_4_97,4,0.16,0.47706922142294933
rxn_4_98,4,0.84,0.7235488469001914
rxn_4_99,4,0.95,0.800252179919608
rxn_4_100,4,0.84,0.6358611350580504
rxn_4_101,4,0.8,0.7978256415911824
rxn_4_102,4,0.78,0.7930145831978059
rxn_4_103,4,0.92,0.8382228723108778
rxn_4_104,4,0.66,0.6980103997790731
rxn_4_105,4,0.65,0.7108624941140779
rxn_4_106,4,0.99,0.7593121051663193
rxn_4_107,4,0.26,0.5480644892088536
rxn_4_108,4,0.9,0.7666799400187551
rxn_4_109,4,0.67,0.7138212354544863
rxn_4_110,4,0.68,0.6671962965271662
rxn_4_111,4,0.67,0.6883359455133639
rxn_4_112,4,0.86,0.7465024288378116
rxn_4_113,4,0.97,0.7674227312756711
rxn_4_114,4,0.75,0.7950309609919901
rxn_4_115,4,0.86,0.7755334771531412
rxn_4_116,4,0.82,0.5071256861980634
rxn_4_117,4,0.51,0.6403689963056421
rxn_4_118,4,0.78,0.6606875471782919
rxn_4_119,4,0.81,0.7313312966464189
rxn_4_120,4,0.86,0.7568777454836502
rxn_4_121,4,0.96,0.62833409009192
rxn_4_122,4,0.61,0.6250397186069581
rxn_4_123,4,0.63,0.7540571230747376
rxn_4_124,4,0.74,0.663841428577576
rxn_4_125,4,0.93,0.8825459671436001
rxn_4_126,4,0.91,0.5922100535092518
rxn_4_127,4,0.94,0.540914853680354
rxn_4_128,4,0.6,0.7430886381645276
rxn_4_129,4,0.42,0.5588731816788225
rxn_4_130,4,0.83,0.8391559342819844
rxn_4_131,4,0.77,0.8602938841992631
rxn_4_132,4,0.48,0.5624129225745955
rxn_4_133,4,0.87,0.8963707756184878
rxn_4_134,4,0.37,0.42620881543368255
rxn_4_135,4,0.82,0.7253767646817594
rxn_4_136,4,0.7,0.8365443534307803
rxn_4_137,4,0.822,0.6919126004968826
rxn_4_138,4,0.82,0.712665797688302
rxn_4_139,4,0.66,0.7836388462977523
rxn_4_140,4,0.78,0.9141359417291431
rxn_4_141,4,0.93,0.5970841402706369
rxn_4_142,4,0.09,0.3437164611892412
rxn_4_143,4,0.75,0.6662096887410851
rxn_4_144,4,0.85,0.8646265248165336
rxn_4_145,4,0.575,0.6700533173841933
rxn_4_146,4,0.54,0.5444527714883151
rxn_4_147,4,0.87,0.7117519491034899
rxn_4_148,4,0.45,0.629170048530177
rxn_4_149,4,0.63,0.6991269386199588
rxn_4_150,4,0.76,0.7616907717387474
rxn_4_151,4,0.89,0.8327881911408457
rxn_4_152,4,0.87,0.7245965257293392
rxn_4_153,4,0.8,0.7069663958142315
rxn_4_154,4,0.61,0.7237863344018765
rxn_4_155,4,0.26,0.775425947441449
rxn_4_156,4,0.8,0.6546198143478837
rxn_4_157,4,0.98,0.7731914348218693
rxn_4_158,4,0.95,0.8709550200439518
rxn_4_159,4,0.42,0.7026719523797839
rxn_4_160,4,0.88,0.6353791823460794
rxn_4_161,4,0.46,0.6183605666297092
rxn_4_162,4,0.86,0.8386466054716077
rxn_4_163,4,0.69,0.736732713601517
rxn_4_164,4,0.7,0.7778827261626731
rxn_4_165,4,0.77,0.7882492815310583
rxn_4_166,4,0.86,0.7252617740313193
rxn_4_167,4,0.98,0.8461840953982548
rxn_4_168,4,0.85,0.757709412369807
rxn_4_169,4,0.44,0.6003021239753229
rxn_4_170,4,0.95,0.7078379747378221
rxn_4_171,4,0.94,0.9007033974774701
rxn_4_172,4,0.84,0.5908148952415417
rxn_4_173,4,0.77,0.7099384796300474
rxn_4_174,4,0.95,0.8337700362038172
rxn_4_175,4,0.74,0.5865037163511341
rxn_4_176,4,0.91,0.7823286750828484
rxn_4_177,4,0.902,0.8104863578330126
rxn_4_178,4,0.9,0.7835990379577783
rxn_4_179,4,0.45,0.6407291110708551
rxn_4_180,4,0.75,0.7657027191046284
rxn_4_181,4,0.88,0.8762141163221155
rxn_4_182,4,0.91,0.7701272174653372
rxn_4_183,4,0.46,0.608565269315671
rxn_4_184,4,0.54,0.6692076398054616
rxn_4_185,4,0.39,0.4814131814082167
rxn_4_186,4,0.57,0.4267839311435657
rxn_4_187,4,0.49,0.7907262184298456
rxn_4_188,4,0.94,0.8514835531115845
rxn_4_189,4,0.17,0.2596778067989626
rxn_4_190,4,0.98,0.854333502569399
rxn_4_191,4,0.98,0.7882040661037122
rxn_4_192,4,0.78,0.7990458341131798
rxn_4_193,4,0.6,0.7796968801166372
rxn_4_194,4,0.89,0.6171755159499134
rxn_4_195,4,0.85,0.7386686429735598
rxn_4_196,4,0.57,0.5951941292152387
rxn_4_197,4,0.81,0.8547842190452265
rxn_4_198,4,0.78,0.6548880687598775
rxn_4_199,4,0.51,0.5367109062377142
rxn_4_200,4,0.78,0.7839502173937101
rxn_4_201,4,0.55,0.5697626095598413
rxn_4_202,4,0.92,0.8238572822286372
rxn_4_203,4,0.95,0.79468994902675
rxn_4_204,4,0.78,0.7193710221628772
rxn_4_205,4,0.99,0.8878554206648048
rxn_4_206,4,0.44,0.47460023232020093
rxn_4_207,4,0.85,0.811923645528578
rxn_4_208,4,0.18,0.7044937482555514
rxn_4_209,4,0.56,0.7253257813797362
rxn_4_210,4,0.98,0.7478736446660174
rxn_4_211,4,0.85,0.8057007996019728
rxn_4_212,4,0.8,0.8611058420263179
rxn_4_213,4,0.79,0.7949423024668154
rxn_4_214,4,0.76,0.7246701773907384
rxn_4_215,4,0.32,0.632443090797621
rxn_4_216,4,0.7,0.7083380264221931
rxn_4_217,4,0.12,0.7092692395219705
rxn_4_218,4,0.62,0.6219356448846364
rxn_4_219,4,0.73,0.6104877271076306
rxn_4_220,4,0.82,0.6929563848648602
rxn_4_221,4,0.4,0.7624291169511004
rxn_4_222,4,0.81,0.6426924975553635
rxn_4_223,4,0.86,0.6998082566981578
rxn_4_224,4,0.83,0.7061685637719665
rxn_4_225,4,0.24,0.5664234157029138
rxn_4_226,4,0.37,0.3970167260124728
rxn_4_227,4,0.56,0.5235660979516756
rxn_4_228,4,0.59,0.460013682112991
rxn_4_229,4,0.75,0.5662026463856701
rxn_4_230,4,0.82,0.8273942438885721
rxn_4_231,4,0.97,0.6920343858174066
rxn_4_232,4,0.65,0.7161924538444365
rxn_4_233,4,0.8,0.7781586628558411
rxn_4_234,4,0.38,0.6405587855764285
rxn_4_235,4,0.505,0.47758055788672255
rxn_4_236,4,0.89,0.9117812577731095
rxn_4_237,4,0.68,0.7263091131372478
rxn_4_238,4,0.54,0.7691718552391604
rxn_4_239,4,0.41,0.7700551433130043
rxn_4_240,4,0.61,0.5664766555572321
rxn_4_241,4,0.95,0.9318635104682037
rxn_4_242,4,0.95,0.8516415112765889
rxn_4_243,4,0.8,0.7078811575156919
rxn_4_244,4,0.76,0.853217655730164
rxn_4_245,4,0.93,0.9301572169779749
rxn_4_246,4,0.66,0.7218197089532911
rxn_4_247,4,0.44,0.826913000216943
rxn_4_248,4,0.63,0.6029599500625277
rxn_4_249,4,0.82,0.8225539736764148
rxn_4_250,4,0.5,0.7093162040629636
rxn_4_251,4,0.92,0.9110227947018479
rxn_4_252,4,0.55,0.5888408263742821
rxn_4_253,4,0.75,0.7870973913449589
rxn_4_254,4,0.82,0.6985733724736708
rxn_4_255,4,0.7,0.7046502854023061
rxn_4_256,4,0.77,0.7132330821767493
rxn_4_257,4,0.86,0.8516457875010071
rxn_4_258,4,0.83,0.7161383046793687
rxn_4_259,4,0.98,0.7441286655510413
rxn_4_260,4,0.89,0.7662406249592629
rxn_4_261,4,0.77,0.6940088470624571
rxn_4_262,4,0.53,0.5049821878242527
rxn_4_263,4,0.73,0.5638086593842271
rxn_4_264,4,0.76,0.6589081924901462
rxn_4_265,4,0.69,0.8800000953565226
rxn_4_266,4,0.99,0.8071370894633092
rxn_4_267,4,0.82,0.7473629433916317
rxn_4_268,4,0.61,0.6015283935203767
rxn_4_269,4,0.92,0.9031065368151093
rxn_4_270,4,0.82,0.8667409254256985
rxn_4_271,4,0.94,0.8683973789071482
rxn_4_272,4,0.86,0.8206251667024876
rxn_4_273,4,0.43,0.5879465456051088
rxn_4_274,4,0.85,0.8544004114746774
rxn_4_275,4,0.74,0.7159858806122646
rxn_4_276,4,0.72,0.6206028426024844
rxn_4_277,4,0.33,0.5265224239433071
rxn_4_278,4,0.53,0.6085103484018101
rxn_4_279,4,0.63,0.7847849185759866
rxn_4_280,4,0.92,0.8083541992663305
rxn_4_281,4,0.9,0.5803645967366662
rxn_4_282,4,0.64,0.7677964428289021
rxn_4_283,4,0.63,0.6649334249572469
rxn_4_284,4,0.82,0.7139028956269415
rxn_4_285,4,0.08,0.7407311160049351
rxn_4_286,4,1.0,0.9463149075506108
rxn_4_287,4,0.32,0.30385978415892645
rxn_4_288,4,0.65,0.6431127196518936
rxn_4_289,4,0.42,0.6266825311895265
rxn_4_290,4,0.96,0.7896248471408143
rxn_4_291,4,0.86,0.7081679696303681
rxn_4_292,4,0.91,0.8162769565348936
rxn_4_293,4,0.85,0.7710595850937123
rxn_4_294,4,0.41,0.6945372772391337
rxn_4_295,4,0.91,0.6595625988476563
rxn_4_296,4,0.86,0.8565530070699089
rxn_4_297,4,0.8,0.6733188235150953
rxn_4_298,4,0.94,0.8143820635422166
rxn_4_299,4,0.67,0.620641761869812
rxn_4_300,4,0.59,0.6911193919345767
rxn_4_301,4,0.69,0.4878099341000608
rxn_4_302,4,0.92,0.801071268484137
rxn_4_303,4,0.94,0.7653496494630123
rxn_4_304,4,0.68,0.7670243951135953
rxn_4_305,4,0.62,0.83263293037198
rxn_4_306,4,0.87,0.8111120366883838
rxn_4_307,4,0.93,0.7571140582614974
rxn_4_308,4,0.83,0.8150226284377041
rxn_4_309,4,0.77,0.7473061545452279
rxn_4_310,4,0.69,0.7104055815152889
rxn_4_311,4,0.36,0.4704736519754171
rxn_4_312,4,0.85,0.8265135390885402
rxn_4_313,4,0.3,0.34654781308199684
rxn_4_314,4,0.91,0.8884322020392535
rxn_4_315,4,0.65,0.6707081194983728
rxn_4_316,4,0.32,0.6532549821615903
rxn_4_317,4,0.87,0.7879554805408758
rxn_4_318,4,0.97,0.8996468656977447
rxn_4_319,4,0.59,0.4568679301717211
rxn_4_320,4,0.65,0.7197886363050457
rxn_4_321,4,0.62,0.5315564172913361
rxn_4_322,4,0.81,0.802723311356314
rxn_4_323,4,0.645,0.6809570835149138
rxn_4_324,4,0.76,0.7414772126786783
rxn_4_325,4,0.83,0.8259494457047213
rxn_4_326,4,0.71,0.6801216445081969
rxn_4_327,4,0.43,0.5029892258728373
rxn_4_328,4,0.46,0.6726809866322667
rxn_4_329,4,0.37,0.6140781931376051
rxn_4_330,4,0.77,0.6304922874744435
rxn_4_331,4,0.31,0.7014703231064882
rxn_4_332,4,0.5,0.5705787605473972
rxn_4_333,4,0.59,0.6868177376273694
rxn_4_334,4,0.94,0.8293455615737665
rxn_4_335,4,0.22,0.7086720694323508
rxn_4_336,4,0.48,0.6579758629125187
rxn_5_0,5,0.76,0.8148288057146056
rxn_5_1,5,0.74,0.8231964524206422
rxn_5_2,5,0.638,0.5492578962574453
rxn_5_3,5,0.85,0.5805880663148636
rxn_5_4,5,0.87,0.8742578512143652
rxn_5_5,5,0.95,0.8465344570822192
rxn_5_6,5,0.73,0.7204366957525589
rxn_5_7,5,0.16,0.22598217214646632
rxn_5_8,5,0.8,0.7292058623801001
rxn_5_9,5,0.6,0.5997401963187815
rxn_5_10,5,0.52,0.5524361503939612
rxn_5_11,5,0.55,0.5518276177011443
rxn_5_12,5,0.57,0.4278976756438859
rxn_5_13,5,0.4,0.6698312711374151
rxn_5_14,5,0.65,0.5957087680275985
rxn_5_15,5,0.65,0.809849582311864
rxn_5_16,5,0.77,0.8597179521538986
rxn_5_17,5,0.72,0.8288707572253166
rxn_5_18,5,0.79,0.6656209519556712
rxn_5_19,5,0.45,0.6173620892292814
rxn_5_20,5,0.86,0.6358885988257115
rxn_5_21,5,0.76,0.7222082534988994
rxn_5_22,5,0.9,0.6465688001963911
rxn_5_23,5,0.94,0.6760387190151014
rxn_5_24,5,0.99,0.8665302556375973
rxn_5_25,5,0.8,0.7788016552478867
rxn_5_26,5,0.75,0.8678086086470017
rxn_5_27,5,0.89,0.8717846684984103
rxn_5_28,5,0.83,0.7819616600366701
rxn_5_29,5,0.72,0.7425116232942935
rxn_5_30,5,0.35,0.5108958535050879
rxn_5_31,5,0.08,0.221789642477467
rxn_5_32,5,0.59,0.56724593016804
rxn_5_33,5,0.45,0.8731471707163405
rxn_5_34,5,0.72,0.6559535704159954
rxn_5_35,5,0.694,0.5857626518801292
rxn_5_36,5,0.96,0.9085582187937837
rxn_5_37,5,0.71,0.6869102889931518
rxn_5_38,5,0.6,0.7072868379614023
rxn_5_39,5,0.801,0.6818216684155223
rxn_5_40,5,0.69,0.6158534630684108
rxn_5_41,5,0.92,0.867246717478503
rxn_5_42,5,0.93,0.8501254624646242
rxn_5_43,5,0.58,0.625752235618494
rxn_5_44,5,0.8,0.745076965476053
rxn_5_45,5,0.67,0.6960458236866388
rxn_5_46,5,0.67,0.662720989811844
rxn_5_47,5,0.4,0.5109877990537818
rxn_5_48,5,0.98,0.8600998251097072
rxn_5_49,5,0.89,0.5646653483635304
rxn_5_50,5,0.72,0.6497861927034184
rxn_5_51,5,0.77,0.5488929414308421
rxn_5_52,5,0.41,0.7372442193724402
rxn_5_53,5,0.89,0.7266327078781973
rxn_5_54,5,0.76,0.7690157559028954
rxn_5_55,5,0.72,0.7989396378686475
rxn_5_56,5,0.461,0.8174618970244721
rxn_5_57,5,0.73,0.6317782469231358
rxn_5_58,5,0.54,0.4864245323359735
rxn_5_59,5,0.99,0.908780506869086
rxn_5_60,5,0.92,0.8671517626960865
rxn_5_61,5,0.2,0.30455359971682755
rxn_5_62,5,0.25,0.5854708546041419
rxn_5_63,5,0.92,0.962727894828142
rxn_5_64,5,0.81,0.7595739168154824
rxn_5_65,5,0.84,0.7044105329596425
rxn_5_66,5,0.36,0.6680973616434214
rxn_5_67,5,0.91,0.911259212780171
rxn_5_68,5,0.13,0.4923232284187235
rxn_5_69,5,0.8576,0.7526187259941391
rxn_5_70,5,0.79,0.7572558072620271
rxn_5_71,5,0.51,0.6748724129290561
rxn_5_72,5,0.96,0.7479082506036101
rxn_5_73,5,0.26,0.5668823952971614
rxn_5_74,5,0.58,0.5914004556735494
rxn_5_75,5,0.99,0.7228567373530052
rxn_5_76,5,0.36,0.3618034525673088
rxn_5_77,5,0.75,0.6801053389158979
rxn_5_78,5,0.42,0.46519713816534775
rxn_5_79,5,0.99,0.8865826594853935
rxn_5_80,5,0.91,0.7381402251006435
rxn_5_81,5,0.84,0.7243737419629855
rxn_5_82,5,0.52,0.7432930928549318
rxn_5_83,5,0.24,0.5842535924951179
rxn_5_84,5,0.58,0.6802904415408092
rxn_5_85,5,0.8,0.665619904046163
rxn_5_86,5,0.41,0.6048375919366727
rxn_5_87,5,0.15,0.21243678328423257
rxn_5_88,5,0.84,0.8175183635847425
rxn_5_89,5,0.94,0.8172516798417752
rxn_5_90,5,0.86,0.733843180364512
rxn_5_91,5,0.88,0.5009151869394968
rxn_5_92,5,0.725,0.7974104457512551
rxn_5_93,5,0.7,0.7974249767269969
rxn_5_94,5,0.71,0.6739630772421457
rxn_5_95,5,0.91,0.628357280125538
rxn_5_96,5,0.47,0.6632944027193953
rxn_5_97,5,0.86,0.7702608285269692
rxn_5_98,5,0.98,0.8352994797656702
rxn_5_99,5,0.89,0.9232384270214656
rxn_5_100,5,0.98,0.7808959232160791
rxn_5_101,5,0.08,0.4094307818422469
rxn_5_102,5,0.232,0.3855227962490535
rxn_5_103,5,0.96,0.8657748149682574
rxn_5_104,5,0.64,0.5118154576751436
rxn_5_105,5,0.15,0.6880125810309886
rxn_5_106,5,0.71,0.6939068981881751
rxn_5_107,5,0.61,0.7523147359395158
rxn_5_108,5,0.51,0.6549374123753476
rxn_5_109,5,0.96,0.9244271897727048
rxn_5_110,5,0.62,0.7008206040846191
rxn_5_111,5,0.98,0.7680343730330333
rxn_5_112,5,0.57,0.7907418762240989
rxn_5_113,5,0.99,0.9893300763341646
rxn_5_114,5,0.99,0.6949990223079965
rxn_5_115,5,0.65,0.6261374576319606
rxn_5_116,5,0.26,0.4475859811178798
rxn_5_117,5,0.55,0.7553493071807882
rxn_5_118,5,0.71,0.7439152180433184
rxn_5_119,5,0.77,0.7435649347894566
rxn_5_120,5,0.6,0.7099860478855828
rxn_5_121,5,0.63,0.6585494828691311
rxn_5_122,5,0.85,0.9390093685559094
rxn_5_123,5,0.85,0.7945539355657947
rxn_5_124,5,0.29,0.6548888239094987
rxn_5_125,5,1.0,0.8065132940370603
rxn_5_126,5,0.985,0.69396741181079
rxn_5_127,5,0.88,0.7995041594494768
rxn_5_128,5,0.96,0.7316818079490538
rxn_5_129,5,0.77,0.7174270168630436
rxn_5_130,5,0.967,0.49554986766345593
rxn_5_131,5,0.5,0.6617002464251988
rxn_5_132,5,0.97,0.904105174983401
rxn_5_133,5,0.68,0.7081813481430951
rxn_5_134,5,0.99,0.908926592712163
rxn_5_135,5,0.83,0.6133231674592227
rxn_5_136,5,0.94,0.8299787454799231
rxn_5_137,5,0.89,0.7090717194459261
rxn_5_138,5,0.6,0.7668699044620763
rxn_5_139,5,0.69,0.6560765765438192
rxn_5_140,5,0.85,0.9069892011971822
rxn_5_141,5,0.59,0.41344304048969516
rxn_5_142,5,0.87,0.8852905819335256
rxn_5_143,5,0.6,0.7694139953353839
rxn_5_144,5,0.95,0.8178409647327337
rxn_5_145,5,0.984,0.8640780384653759
rxn_5_146,5,0.91,0.9133285843205385
rxn_5_147,5,0.93,0.9302940769845826
rxn_5_148,5,0.99,0.9421403521079089
rxn_5_149,5,0.88,0.7987884971448352
rxn_5_150,5,0.44,0.5290555923981656
rxn_5_151,5,0.95,0.574058959735566
rxn_5_152,5,0.55,0.6455713189565395
rxn_5_153,5,0.79,0.7348762117219838
rxn_5_154,5,0.68,0.595279768968669
rxn_5_155,5,0.93,0.7633417479058003
rxn_5_156,5,0.4,0.612100710031431
rxn_5_157,5,0.93,0.8299846611671864
rxn_5_158,5,0.43,0.7500906546029557
rxn_5_159,5,0.95,0.8881787560188904
rxn_5_160,5,0.96,0.965310759123717
rxn_5_161,5,0.75,0.7329752022509641
rxn_5_162,5,0.61,0.5462124499696329
rxn_5_163,5,0.45,0.4797537831997323
rxn_5_164,5,0.99,0.8626083197518497
rxn_5_165,5,0.5,0.4234664950025789
rxn_5_166,5,0.71,0.5258292578861912
rxn_5_167,5,0.38,0.4815415445578841
rxn_5_168,5,0.67,0.5398102758909434
rxn_5_169,5,0.652,0.5239611315332211
rxn_5_170,5,0.48,0.5869631962556049
rxn_5_171,5,0.78,0.8672722300238012
rxn_5_172,5,0.68,0.633564039983072
rxn_5_173,5,0.0915,0.5279409000070766
rxn_5_174,5,0.17,0.6938557881900326
rxn_5_175,5,0.9,0.7789585342515165
rxn_5_176,5,0.94,0.6477951080656905
rxn_5_177,5,0.95,0.80755034304
rxn_5_178,5,0.32,0.7208203395051708
rxn_5_179,5,0.83,0.8170280654371126
rxn_5_180,5,0.88,0.7642187866033
rxn_5_181,5,0.8,0.624866391312649
rxn_5_182,5,0.79,0.8223279169910702
rxn_5_183,5,0.6,0.7380806300344934
rxn_5_184,5,0.71,0.8345581213501928
rxn_5_185,5,0.71,0.6827937206208147
rxn_5_186,5,0.41,0.5817151274568163
rxn_5_187,5,0.7,0.5249353366556173
rxn_5_188,5,0.46,0.5143056910714614
rxn_5_189,5,0.653,0.5756124736417909
rxn_5_190,5,0.7661,0.7452589214118267
rxn_5_191,5,0.97,0.7279586474715344
rxn_5_192,5,0.41,0.5958402630554464
rxn_5_193,5,0.81,0.5679496258884124
rxn_5_194,5,0.36,0.3967694803141755
rxn_5_195,5,0.71,0.7263003361778231
rxn_5_196,5,0.96,0.7303366328454303
rxn_5_197,5,0.6,0.8401843725574976
rxn_5_198,5,0.8,0.704116671930651
rxn_5_199,5,0.92,0.5734535977704863
rxn_5_200,5,0.99,0.8122575453658111
rxn_5_201,5,0.82,0.802194300342475
rxn_5_202,5,0.97,0.9231984451028059
rxn_5_203,5,0.8,0.7972314390572007
rxn_5_204,5,0.62,0.4335712397054488
rxn_5_205,5,0.87,0.7954056544698749
rxn_5_206,5,0.89,0.8447080622991666
rxn_5_207,5,0.37,0.4489766320850393
rxn_5_208,5,0.81,0.700184138179981
rxn_5_209,5,0.22,0.591714069705358
rxn_5_210,5,0.4,0.49402193155101265
rxn_5_211,5,0.93,0.8663795815169931
rxn_5_212,5,0.96,0.7918433577476032
rxn_5_213,5,0.82,0.7090171093756704
rxn_5_214,5,0.56,0.6490038500150994
rxn_5_215,5,0.41,0.4343165317401967
rxn_5_216,5,0.69,0.5672141906792116
rxn_5_217,5,0.95,0.8449006788918431
rxn_5_218,5,0.89,0.6039725572819111
rxn_5_219,5,0.21,0.2967376871612022
rxn_5_220,5,0.9,0.7720624175220236
rxn_5_221,5,0.98,0.8898346664367667
rxn_5_222,5,0.73,0.7674134087521426
rxn_5_223,5,0.67,0.5802557053919687
rxn_5_224,5,0.4,0.5306215938851203
rxn_5_225,5,0.34,0.5135831238231251
rxn_5_226,5,0.7,0.6180624404430023
rxn_5_227,5,0.89,0.8107338435435221
rxn_5_228,5,0.94,0.7880479408408414
rxn_5_229,5,0.9,0.8611474803996674
rxn_5_230,5,0.95,0.5464095617550806
rxn_5_231,5,0.951,0.8990418946778879
rxn_5_232,5,0.92,0.7651360725569788
rxn_5_233,5,0.38,0.4216608154816354
rxn_5_234,5,0.754,0.595428319031556
rxn_5_235,5,0.95,0.7535229871278794
rxn_5_236,5,0.8,0.8199805652284615
rxn_5_237,5,0.34,0.6826611602244482
rxn_5_238,5,0.58,0.3217483434831669
rxn_5_239,5,0.8,0.5514542587201697
rxn_5_240,5,0.86,0.7365604967394813
rxn_5_241,5,0.45,0.4791589700721694
rxn_5_242,5,0.68,0.5748535382990219
rxn_5_243,5,0.33,0.3783887859251119
rxn_5_244,5,0.75,0.8002066162337242
rxn_5_245,5,0.42,0.6090536040097007
rxn_5_246,5,0.99,0.8914274498445377
rxn_5_247,5,0.88,0.7630315291059304
rxn_5_248,5,0.52,0.32282953021563765
rxn_5_249,5,0.996,0.8313357908910355
rxn_5_250,5,0.45,0.5819956192252884
rxn_5_251,5,0.45,0.575858950248532
rxn_5_252,5,0.72,0.9121001887711792
rxn_5_253,5,0.79,0.7217148117119319
rxn_5_254,5,0.3,0.5490398593069493
rxn_5_255,5,0.876,0.7937026964819633
rxn_5_256,5,0.31,0.653162676075186
rxn_5_257,5,0.94,0.678444886630518
rxn_5_258,5,0.98,0.9619099495185542
rxn_5_259,5,0.94,0.7810035500008249
rxn_5_260,5,0.99,0.9084030707636802
rxn_5_261,5,0.49,0.7671309337483768
rxn_5_262,5,0.55,0.25923940770004567
rxn_5_263,5,0.77,0.6856412274604824
rxn_5_264,5,0.05,0.3220777179874057
rxn_5_265,5,0.84,0.8353346986525249
rxn_5_266,5,0.89,0.8464216803871741
rxn_5_267,5,0.83,0.7533943731690989
rxn_5_268,5,0.38,0.7788174096618743
rxn_5_269,5,0.28,0.343453456351731
rxn_5_270,5,0.74,0.7305048852676924
rxn_5_271,5,0.97,0.7770402721850359
rxn_5_272,5,0.89,0.8949936813029652
rxn_5_273,5,0.78,0.7259146961104381
rxn_5_274,5,0.65,0.4483448518248485
rxn_5_275,5,0.31,0.4260904113759085
rxn_5_276,5,0.67,0.5071636557514784
rxn_5_277,5,0.9,0.7700581201372989
rxn_5_278,5,0.84,0.5627548293056331
rxn_5_279,5,0.29,0.4372243403478669
rxn_5_280,5,0.86,0.79486767742832
rxn_5_281,5,0.92,0.832369931071009
rxn_5_282,5,0.9,0.8843672014101692
rxn_5_283,5,0.48,0.5074695012287868
rxn_5_284,5,0.75,0.6645602881398722
rxn_5_285,5,0.85,0.8111674249206654
rxn_5_286,5,0.85,0.5960195176897084
rxn_5_287,5,0.37,0.46953494946440505
rxn_5_288,5,0.35,0.5794302625025316
rxn_5_289,5,0.84,0.8577510214722904
rxn_5_290,5,0.41,0.7248073223125401
rxn_5_291,5,0.97,0.9375227468677818
rxn_5_292,5,0.75,0.5493243498853645
rxn_5_293,5,0.78,0.4856491212550494
rxn_5_294,5,0.86,0.7333835766972219
rxn_5_295,5,0.69,0.6718424483745543
rxn_5_296,5,0.89,0.6076580393821956
rxn_5_297,5,0.64,0.730875922612797
rxn_5_298,5,0.2,0.31883598831220433
rxn_5_299,5,0.52,0.7312352235415894
rxn_5_300,5,0.63,0.5087946159609372
rxn_5_301,5,0.98,0.8491810903747418
rxn_5_302,5,0.642,0.7266110369468874
rxn_5_303,5,0.35,0.4977256452392626
rxn_5_304,5,0.5,0.2154716992792061
rxn_5_305,5,0.9,0.7416053658722852
rxn_5_306,5,0.22,0.41324385903734956
rxn_5_307,5,0.96,0.8534282525950733
rxn_5_308,5,0.7,0.6748249703119352
rxn_5_309,5,0.88,0.872881724088146
rxn_5_310,5,0.62,0.6937997088636347
rxn_5_311,5,0.92,0.8546781583556875
rxn_5_312,5,0.77,0.7768683830124988
rxn_5_313,5,0.8,0.8281315902290327
rxn_5_314,5,0.39,0.4430906202480034
rxn_5_315,5,0.24,0.4890024042193981
rxn_5_316,5,0.76,0.6172962412988131
rxn_5_317,5,0.81,0.7118902522720164
rxn_5_318,5,0.538,0.6672745517266953
rxn_5_319,5,0.1,0.2085141803824083
rxn_5_320,5,0.68,0.8156091976305544
rxn_5_321,5,0.78,0.8131704151026654
rxn_5_322,5,0.72,0.5958430159747586
rxn_5_323,5,0.93,0.8932066465835088
rxn_5_324,5,0.46,0.6590543096005232
rxn_5_325,5,0.54,0.6925918759552353
rxn_5_326,5,0.6,0.6322358667703615
rxn_5_327,5,0.99,0.95974502010869
rxn_5_328,5,0.67,0.6704161235372125
rxn_5_329,5,0.48,0.7935550207085332
rxn_5_330,5,0.85,0.7805989090130033
rxn_5_331,5,0.53,0.5056220797556059
rxn_5_332,5,0.96,0.7954890260232745
rxn_5_333,5,0.41,0.4584536425074075
rxn_5_334,5,0.44,0.4323524306898569
rxn_5_335,5,0.96,0.8493501269421481
rxn_5_336,5,0.38,0.4734543205340976
rxn_5_337,5,0.51,0.7300021033022235
rxn_5_338,5,0.72,0.5942725704783977
rxn_5_339,5,0.94,0.8738011296307787
rxn_5_340,5,0.78,0.8806027679438095
rxn_5_341,5,0.85,0.6218395986657838
rxn_5_342,5,0.67,0.734276104446456
rxn_5_343,5,0.97,0.9765983489932523
rxn_5_344,5,0.91,0.9185218234888458
rxn_5_345,5,0.56,0.4560495205209933
rxn_5_346,5,0.66,0.7155157715289003
rxn_5_347,5,0.98,0.9196675637834932
rxn_5_348,5,0.41,0.6692574810863695
rxn_5_349,5,0.89,0.9133039602391965
rxn_5_350,5,0.94,0.8456057156410365
rxn_5_351,5,0.67,0.5638250835442635
rxn_5_352,5,0.313,0.6416689283232128
rxn_5_353,5,0.96,0.8725247797666738
rxn_5_354,5,0.84,0.8820053102060728
rxn_5_355,5,0.816,0.9153979666296655
rxn_5_356,5,0.57,0.5725032980339669
rxn_5_357,5,0.94,0.8258237255697969
rxn_5_358,5,0.44,0.5224397612235774
rxn_5_359,5,0.68,0.5978544653465017
rxn_5_360,5,0.99,0.9039409536375977
rxn_5_361,5,0.16,0.2257995762163905
rxn_5_362,5,0.18,0.33618727797817055
rxn_5_363,5,0.78,0.652504430229039
rxn_5_364,5,0.9,0.7597255922738212
rxn_5_365,5,0.65,0.7267747562927744
rxn_5_366,5,0.45,0.6009518381908392
rxn_5_367,5,0.32,0.5302965312744061
rxn_5_368,5,0.39,0.5429492910407823
rxn_5_369,5,0.92,0.4991081782035193
rxn_5_370,5,0.87,0.8340334825489567
rxn_5_371,5,0.79,0.8795080961895049
rxn_5_372,5,0.68,0.7454159221974113
rxn_5_373,5,0.8,0.89291133378129
rxn_5_374,5,0.66,0.7460425703387811
rxn_5_375,5,0.76,0.8665119349507021
rxn_5_376,5,0.99,0.9815917196155507
rxn_5_377,5,0.3863,0.5071414932914623
rxn_5_378,5,0.92,0.9593302555468002
rxn_5_379,5,0.76,0.5988364797790561
rxn_5_380,5,0.87,0.739167518763001
rxn_5_381,5,0.89,0.6732586516546629
rxn_5_382,5,0.86,0.8758767458834367
rxn_5_383,5,0.87,0.7297639428900737
rxn_5_384,5,0.6,0.7314705361746663
rxn_5_385,5,0.72,0.812934053202496
rxn_5_386,5,0.63,0.5998070399850276
rxn_5_387,5,0.31,0.32731992935192145
rxn_5_388,5,0.57,0.47311084784522356
rxn_5_389,5,0.204,0.5773316589951739
rxn_5_390,5,0.45,0.6943264334497469
rxn_5_391,5,0.89,0.8052175386686247
rxn_5_392,5,0.87,0.8178809231429559
rxn_5_393,5,0.78,0.6329441698542321
rxn_5_394,5,0.74,0.7633944621594306
rxn_5_395,5,0.23,0.5466003210025139
rxn_5_396,5,0.95,0.7789705765817345
rxn_5_397,5,0.9,0.7892475157525985
rxn_5_398,5,0.73,0.8858742828770209
rxn_5_399,5,0.53,0.6646701294122782
rxn_5_400,5,0.3,0.6641003295891504
rxn_5_401,5,0.48,0.6672370148923648
rxn_5_402,5,0.68,0.6734491026834483
rxn_5_403,5,0.32,0.5667431238356042
rxn_5_404,5,0.77,0.7392420637646547
rxn_5_405,5,0.59,0.653827219301753
rxn_5_406,5,0.63,0.4777495865611719
rxn_5_407,5,0.19,0.6615437248926604
rxn_5_408,5,0.28,0.4190549985493446
rxn_5_409,5,0.98,0.645603992306781
rxn_5_410,5,0.76,0.7940713356711445
rxn_5_411,5,0.93,0.9715615608617983
rxn_5_412,5,0.532,0.5421575400345918
rxn_5_413,5,0.95,0.7290825071548784
rxn_5_414,5,0.83,0.5905767164468797
rxn_5_415,5,0.96,0.8311101066767411
rxn_5_416,5,0.98,0.8801377154514469
rxn_5_417,5,0.98,0.7905107396763292
rxn_5_418,5,0.25,0.2445470170770315
rxn_5_419,5,0.41,0.2964009175060229
rxn_5_420,5,0.56,0.7285049886410397
rxn_5_421,5,0.8,0.82100960075039
rxn_5_422,5,0.6,0.6871932195106792
rxn_5_423,5,0.85,0.8877542993481914
rxn_5_424,5,0.95,0.8629082026309215
rxn_5_425,5,0.81,0.6227123281605379
rxn_5_426,5,0.28,0.5278441961105074
rxn_5_427,5,0.91,0.7657828307572112
rxn_5_428,5,0.18,0.5148244124433946
rxn_5_429,5,0.232,0.4499427506505292
rxn_5_430,5,0.82,0.46549258503776386
rxn_5_431,5,0.8394,0.7312598097768812
rxn_5_432,5,0.937,0.5780651306634881
rxn_5_433,5,0.86,0.40596201396680914
rxn_5_434,5,0.57,0.6170233167981938
rxn_5_435,5,0.95,0.903438190897484
rxn_5_436,5,0.81,0.5420380524520292
rxn_5_437,5,0.45,0.6583535237671367
rxn_5_438,5,0.64,0.4471083223131753
rxn_5_439,5,0.57,0.557816129336464
rxn_5_440,5,0.23,0.3182289712493728
rxn_5_441,5,0.15,0.21368113964290228
rxn_5_442,5,0.31,0.46169204499542027
rxn_5_443,5,0.82,0.8006490280368728
rxn_5_444,5,0.74,0.7274217755537423
rxn_5_445,5,0.7,0.7028367568321214
rxn_5_446,5,0.1,0.19213726698664205
rxn_5_447,5,0.47,0.6378038361865654
rxn_5_448,5,0.99,0.8964864045917551
rxn_5_449,5,0.99,0.9622409486741148
rxn_5_450,5,0.8601,0.8847346152202592
rxn_5_451,5,0.89,0.7665535516408601
rxn_5_452,5,0.483,0.505853213825903
rxn_5_453,5,0.92,0.921898252123997
rxn_5_454,5,0.98,0.841997080966479
rxn_5_455,5,0.77,0.5780656922246382
rxn_5_456,5,0.9,0.6083375511428849
rxn_5_457,5,0.7,0.8526716603620077
rxn_5_458,5,0.35,0.3759522414630298
rxn_5_459,5,0.78,0.6833731085430509
rxn_5_460,5,0.62,0.7341400563921576
rxn_5_461,5,0.82,0.8831774523682244
rxn_5_462,5,0.582,0.41415068219546564
rxn_5_463,5,0.64,0.646949233631851
rxn_5_464,5,0.5,0.7912504026727164
rxn_5_465,5,0.8,0.6386255097485957
rxn_5_466,5,0.26,0.6948087231314318
rxn_5_467,5,0.93,0.9345102203832075
rxn_5_468,5,0.88,0.6295644891141977
rxn_5_469,5,0.54,0.6297570342911865
rxn_5_470,5,0.42,0.4613956421819347
rxn_5_471,5,0.65,0.7340308478252272
rxn_5_472,5,0.96,0.6545049676960684
rxn_5_473,5,0.5,0.4897809385390362
rxn_5_474,5,0.51,0.5561521820800411
rxn_5_475,5,0.34,0.46517928184572604
rxn_5_476,5,0.69,0.7205703236358986
rxn_5_477,5,0.49,0.5231694452529445
rxn_5_478,5,0.69,0.7984629180387376
rxn_5_479,5,0.723,0.7218769219635313
rxn_5_480,5,0.87,0.9091229163642819
rxn_5_481,5,0.672,0.7007421885150963
rxn_5_482,5,0.54,0.5924730260038408
rxn_5_483,5,0.46,0.6551740006675475
rxn_5_484,5,0.94,0.8789373810672293
rxn_5_485,5,0.56,0.4876196020005809
rxn_5_486,5,0.89,0.6609816472049473
rxn_5_487,5,0.13,0.6567697437970489
rxn_5_488,5,0.7,0.5389737305502873
rxn_5_489,5,0.438,0.4579605538705211
rxn_5_490,5,0.33,0.551423034136646
rxn_5_491,5,0.76,0.7809359463370681
rxn_5_492,5,0.38,0.37165112002830253
rxn_5_493,5,0.6,0.5725477592239249
rxn_5_494,5,0.907,0.5203938726899011
rxn_5_495,5,0.54,0.714736135960864
rxn_5_496,5,0.85,0.8334471825211892
rxn_5_497,5,0.48,0.7311375040797881
rxn_5_498,5,0.85,0.6995219143136695
rxn_5_499,5,0.91,0.9465374790185788
rxn_5_500,5,0.69,0.698996062906458
rxn_5_501,5,0.99,0.8899451342163728
rxn_5_502,5,0.52,0.6133412905068224
rxn_5_503,5,0.93,0.8010182738471912
rxn_5_504,5,0.48,0.7080131079381102
rxn_5_505,5,0.33,0.618142856978292
rxn_5_506,5,0.68,0.8136944924980565
rxn_5_507,5,0.63,0.7494246670202968
rxn_5_508,5,0.52,0.6781417576361625
rxn_5_509,5,0.64,0.6801593603881084
rxn_5_510,5,0.53,0.6532371974959688
rxn_5_511,5,0.83,0.8043837341319865
rxn_5_512,5,0.35,0.2551297929196091
rxn_5_513,5,0.35,0.606499773463101
rxn_5_514,5,0.67,0.847328176951419
rxn_5_515,5,0.58,0.750823219565017
rxn_5_516,5,0.7,0.6833208868718037
rxn_5_517,5,0.85,0.8315246336503894
rxn_5_518,5,0.98,0.9152429580524418
rxn_5_519,5,0.22,0.22799974747255572
rxn_5_520,5,0.47,0.6814348428249031
rxn_5_521,5,0.762,0.6423619872622335
rxn_5_522,5,0.91,0.9242047986529406
rxn_5_523,5,0.68,0.5589714711964886
rxn_5_524,5,0.23,0.6468029346069177
rxn_5_525,5,0.99,0.9124605476890331
rxn_5_526,5,0.96,0.9201967467028819
rxn_5_527,5,0.39,0.7152200810067945
rxn_5_528,5,0.51,0.4331952455985933
rxn_5_529,5,0.97,0.6214645258637613
rxn_5_530,5,0.7,0.7219435141851477
rxn_5_531,5,0.76,0.7365653510069322
rxn_5_532,5,0.39,0.7712983268407854
rxn_5_533,5,0.97,0.6884906320006721
rxn_5_534,5,0.55,0.7386016206237237
rxn_5_535,5,0.51,0.5338646432463169
rxn_5_536,5,0.88,0.8215078735631587
rxn_5_537,5,0.81,0.8042896694443185
rxn_5_538,5,0.96,0.8522524493712762
rxn_5_539,5,0.81,0.7996491631438204
rxn_5_540,5,0.81,0.840614763880038
rxn_5_541,5,0.74,0.6689081146375705
rxn_5_542,5,0.3,0.30637276571595884
rxn_5_543,5,0.55,0.5619556194160086
rxn_5_544,5,0.96,0.9045448548379026
rxn_5_545,5,0.55,0.5920695316223328
rxn_5_546,5,0.78,0.8165703188110046
rxn_5_547,5,0.8,0.5801668597976719
rxn_5_548,5,0.64,0.3577714443751961
rxn_5_549,5,0.9,0.8629545315015857
rxn_5_550,5,0.96,0.8124291655071755
rxn_5_551,5,0.62,0.46560488062267663
rxn_5_552,5,0.92,0.7723380189511057
rxn_5_553,5,0.51,0.7926049120155773
rxn_5_554,5,0.65,0.46736942321801084
rxn_5_555,5,0.13,0.5520252434141155
rxn_5_556,5,0.85,0.5316532876117411
rxn_5_557,5,0.9,0.8191276989692596
rxn_5_558,5,0.61,0.5735851957136032
rxn_5_559,5,0.5,0.7699941462957985
rxn_5_560,5,1.0,0.692820623637373
rxn_5_561,5,0.3,0.3441240656214652
rxn_5_562,5,0.71,0.9431331646218862
rxn_5_563,5,0.95,0.7307030678602336
rxn_5_564,5,0.45,0.47430801538092277
rxn_5_565,5,0.86,0.7287098989046519
rxn_5_566,5,0.58,0.8280600311495979
rxn_5_567,5,0.54,0.5469757751505832
rxn_5_568,5,0.59,0.532914093816986
rxn_5_569,5,0.92,0.7793598153769464
rxn_5_570,5,1.0,0.7546346571535514
rxn_5_571,5,0.91,0.6730849574514416
rxn_5_572,5,0.57,0.5627954882200592
rxn_5_573,5,0.56,0.7191232818530643
rxn_5_574,5,0.88,0.8508161941733473
rxn_5_575,5,0.54,0.6724583297238094
rxn_5_576,5,0.73,0.8752687639331237
rxn_5_577,5,0.55,0.6541009540933967
rxn_5_578,5,0.21,0.67126365097967
rxn_5_579,5,0.68,0.7479696818471727
rxn_5_580,5,0.71,0.7439002012512
rxn_5_581,5,0.82,0.6929734031265135
rxn_5_582,5,0.7,0.7183132359780374
rxn_5_583,5,0.31,0.42628721870051534
rxn_5_584,5,0.765,0.6208142925376585
rxn_5_585,5,0.63,0.6427432667317237
rxn_5_586,5,0.86,0.867983361756265
rxn_5_587,5,0.05,0.5826542674135399
rxn_5_588,5,0.32,0.6766063223807349
rxn_5_589,5,0.47,0.28948631721625756
rxn_5_590,5,0.4,0.616139091541886
rxn_5_591,5,0.48,0.859845901692343
rxn_5_592,5,0.79,0.8381082730370029
rxn_5_593,5,0.955,0.8260500076884831
rxn_5_594,5,0.91,0.7673230566800653
rxn_5_595,5,0.98,0.9404395252680925
rxn_5_596,5,0.95,0.9152642386698528
rxn_5_597,5,0.83,0.6527867272579694
rxn_5_598,5,0.5,0.4999033314788566
rxn_5_599,5,0.54,0.771299031678065
rxn_5_600,5,0.7,0.6232429998544587
rxn_5_601,5,0.72,0.694370487263189
rxn_5_602,5,0.75,0.7933797491468089
rxn_5_603,5,0.5,0.3900354408755307
rxn_5_604,5,0.99,0.606865511217865
rxn_5_605,5,0.84,0.7985466010621806
rxn_5_606,5,0.25,0.413475063572404
rxn_5_607,5,0.473,0.4931252734088479
rxn_5_608,5,0.8,0.720711512835338
rxn_5_609,5,0.53,0.5311668946503132
rxn_5_610,5,0.86,0.7597859185701564
rxn_5_611,5,0.82,0.6770122260789929
rxn_5_612,5,0.86,0.7326324722008845
rxn_5_613,5,0.07,0.5419975120258533
rxn_5_614,5,0.82,0.7756326606934106
rxn_5_615,5,0.33,0.4585175074642412
rxn_5_616,5,0.35,0.38418266165184983
rxn_5_617,5,0.43,0.48289363090265214
rxn_5_618,5,0.88,0.8658904938157553
rxn_5_619,5,0.37,0.6519084733676498
rxn_5_620,5,0.9,0.7488800207367522
rxn_5_621,5,0.67,0.715179168256692
rxn_5_622,5,0.62,0.6568854667288132
rxn_5_623,5,0.58,0.86137457390747
rxn_5_624,5,0.16,0.5191423597553032
rxn_5_625,5,0.39,0.5044791133199252
rxn_5_626,5,0.77,0.6322581969553455
rxn_5_627,5,0.8,0.7385338810880681
rxn_5_628,5,0.7,0.8380043203830511
rxn_5_629,5,0.75,0.7098602396737453
rxn_5_630,5,0.85,0.7858906896159712
rxn_5_631,5,0.71,0.6246884927771411
rxn_5_632,5,0.42,0.681463623443546
rxn_5_633,5,0.76,0.7947207605712223
rxn_5_634,5,0.75,0.7826528979312487
rxn_5_635,5,0.61,0.5950939935624597
rxn_5_636,5,0.54,0.6389987055711066
rxn_5_637,5,0.43,0.43149596211167673
rxn_5_638,5,0.35,0.6848723486733087
rxn_5_639,5,0.25,0.6294591390096365
rxn_5_640,5,0.515,0.40216273079033726
rxn_5_641,5,0.24,0.546611691668313
rxn_5_642,5,0.75,0.8239650736195717
rxn_5_643,5,0.91,0.6371938921458575
rxn_5_644,5,0.68,0.7772774592432655
rxn_5_645,5,0.89,0.7536576140982835
rxn_5_646,5,0.75,0.7437561549018126
rxn_5_647,5,0.9,0.7401972352223165
rxn_5_648,5,0.58,0.7191118585086027
rxn_5_649,5,0.89,0.7941697546370806
rxn_5_650,5,0.53,0.5900491780318821
rxn_5_651,5,0.87,0.7325279906246482
rxn_5_652,5,0.103,0.6959849295254253
rxn_5_653,5,0.84,0.6097594728612635
rxn_5_654,5,1.0,0.9867080094544063
rxn_5_655,5,0.27,0.38661740176554
rxn_5_656,5,0.59,0.6039586679048554
rxn_5_657,5,0.91,0.7873302736475506
rxn_5_658,5,0.59,0.5354536178584418
rxn_5_659,5,0.57,0.583022152533175
rxn_5_660,5,0.672,0.6686734756812404
rxn_5_661,5,0.77,0.4827473958821004
rxn_5_662,5,0.81,0.6897140411804538
rxn_5_663,5,0.82,0.8317319822782387
rxn_5_664,5,0.65,0.5681594906014238
rxn_5_665,5,0.06,0.6277999262421785
rxn_5_666,5,0.64,0.5790560228633783
rxn_5_667,5,0.87,0.7626600040747445
rxn_5_668,5,0.55,0.4747141329698506
rxn_5_669,5,0.57,0.742161113931521
rxn_5_670,5,0.64,0.6268786774402697
rxn_5_671,5,0.32,0.5785802100527953
rxn_5_672,5,0.99,0.9765416844267135
rxn_5_673,5,0.88,0.855583195470697
rxn_5_674,5,0.31,0.6938995304568277
rxn_5_675,5,0.93,0.8707386615088023
rxn_5_676,5,0.97,0.8055156505150717
rxn_5_677,5,0.99,0.7928949991520632
rxn_5_678,5,0.97,0.8823642869778645
rxn_5_679,5,0.57,0.7066348013206123
rxn_5_680,5,0.95,0.7942238983157558
rxn_5_681,5,0.434,0.5820878801958164
rxn_5_682,5,0.969,0.5392740863781809
rxn_5_683,5,0.66,0.7289387612511806
rxn_5_684,5,0.76,0.7709034721298522
rxn_5_685,5,0.88,0.8602092420385943
rxn_5_686,5,0.17,0.40462992703336037
rxn_5_687,5,0.99,0.9532130654616671
rxn_5_688,5,0.14,0.47833442024052264
rxn_5_689,5,0.49,0.45824863961451806
rxn_5_690,5,0.47,0.6310592426134009
rxn_5_691,5,0.27,0.5997697861484725
rxn_5_692,5,0.52,0.7788216061693926
rxn_5_693,5,0.5,0.7272286167033056
rxn_5_694,5,0.7,0.7572671771024856
rxn_5_695,5,0.95,0.8369595448532259
rxn_5_696,5,0.7,0.7087782193502266
rxn_5_697,5,0.72,0.5946715809221346
rxn_5_698,5,0.5,0.47585325884996504
rxn_5_699,5,0.22,0.2951784099433094
rxn_5_700,5,0.75,0.8844606147158073
rxn_5_701,5,0.4,0.7264746786579441
rxn_5_702,5,0.898,0.8209171892607503
rxn_5_703,5,0.8,0.739725861552507
rxn_5_704,5,0.38,0.3997509189597181
rxn_5_705,5,0.68,0.6510936643285242
rxn_5_706,5,0.68,0.8656166624843159
rxn_5_707,5,0.55,0.4971394735677584
rxn_5_708,5,0.5,0.7973058749570766
rxn_5_709,5,0.86,0.8409646620214691
rxn_5_710,5,0.53,0.6239676726821431
rxn_5_711,5,0.87,0.892259866714352
rxn_5_712,5,0.75,0.5071573790221803
rxn_5_713,5,0.59,0.819938844899173
rxn_5_714,5,0.95,0.90478127786534
rxn_5_715,5,0.15,0.7953461692587868
rxn_5_716,5,0.7,0.8621052521411577
rxn_5_717,5,0.72,0.7233918938499269
rxn_5_718,5,0.79,0.5600780528418393
rxn_5_719,5,0.92,0.8764882748541
rxn_5_720,5,0.18,0.5082158571835459
rxn_5_721,5,0.52,0.40693050570034
rxn_5_722,5,0.71,0.653876223696989
rxn_5_723,5,0.91,0.7889894804948128
rxn_5_724,5,0.94,0.6730890382263714
rxn_5_725,5,0.63,0.625958499650498
rxn_5_726,5,0.66,0.723547291531751
rxn_5_727,5,0.86,0.7749919458665566
rxn_5_728,5,0.94,0.8223340499653603
rxn_5_729,5,0.21,0.26988994895465507
rxn_5_730,5,0.36,0.6673466928309458
rxn_5_731,5,0.95,0.8903479423597633
rxn_5_732,5,0.87,0.6404729020839014
rxn_5_733,5,0.62,0.5388744745343982
rxn_5_734,5,0.664,0.5777088050410369
rxn_5_735,5,0.76,0.6198026800023072
rxn_5_736,5,0.74,0.36606895982139265
rxn_5_737,5,0.93,0.7895539716979464
rxn_5_738,5,0.96,0.8032525884835907
rxn_5_739,5,0.23,0.6149751761579938
rxn_5_740,5,0.9,0.889335299617685
rxn_5_741,5,0.86,0.8413243198115125
rxn_5_742,5,0.76,0.69635977533206
rxn_5_743,5,0.88,0.6936985239539224
rxn_5_744,5,0.673,0.702956663745694
rxn_5_745,5,0.82,0.7144286510171082
rxn_5_746,5,0.73,0.6350042963401549
rxn_5_747,5,0.6,0.5684973788493896
rxn_5_748,5,0.92,0.8365827454700762
rxn_5_749,5,0.35,0.3857779513141864
rxn_5_750,5,0.83,0.7634340366829715
rxn_5_751,5,0.3,0.45755626952262435
rxn_5_752,5,0.44,0.43344168287811957
rxn_5_753,5,0.25,0.5778706319042285
rxn_5_754,5,0.37,0.5005059422104794
rxn_5_755,5,0.12,0.5577939157703767
rxn_5_756,5,0.3,0.40521720909328635
rxn_5_757,5,0.25,0.5739023768976249
rxn_5_758,5,0.6,0.7539845155582077
rxn_5_759,5,0.7,0.7222650509639421
rxn_5_760,5,0.81,0.7589819567585486
rxn_5_761,5,0.8,0.7345015383487556
rxn_5_762,5,0.104,0.35459339010098007
rxn_5_763,5,0.95,0.7655865738778137
rxn_5_764,5,0.78,0.7330722110324936
rxn_5_765,5,0.86,0.8069984755844225
rxn_5_766,5,0.16,0.5247470360953462
rxn_5_767,5,0.19,0.76927011767798
rxn_5_768,5,0.21,0.4347051869752372
rxn_5_769,5,0.612,0.5916739619880286
rxn_5_770,5,0.97,0.7903743927329184
rxn_6_0,6,0.65,0.6601339898778623
rxn_6_1,6,0.95,0.8178825667422135
rxn_6_2,6,0.75,0.6285456484752177
rxn_6_3,6,0.6,0.7688097907792959
rxn_6_4,6,0.92,0.8663719894722132
rxn_6_5,6,0.77,0.8487745099704614
rxn_6_6,6,0.8,0.8564987780996788
rxn_6_7,6,0.87,0.6610995090260235
rxn_6_8,6,0.98,0.8121027016094161
rxn_6_9,6,0.92,0.7869093505977377
rxn_6_10,6,0.814,0.5466411110999907
rxn_6_11,6,0.57,0.7875371804161756
rxn_6_12,6,0.23,0.47184991679552185
rxn_6_13,6,0.9,0.7883193008373363
rxn_6_14,6,0.44,0.49879657979887443
rxn_6_15,6,0.922,0.8058170110476565
rxn_6_16,6,0.6,0.697791749481412
rxn_6_17,6,0.71,0.7237256720446688
rxn_6_18,6,0.98,0.8181836774875627
rxn_6_19,6,0.87,0.786532770336251
rxn_6_20,6,0.55,0.32248374648130096
rxn_6_21,6,0.68,0.5904225088080516
rxn_6_22,6,0.71,0.6955702108749904
rxn_6_23,6,0.84,0.8690524066158601
rxn_6_24,6,0.88,0.7838920241955024
rxn_6_25,6,0.92,0.8116691478947624
rxn_6_26,6,0.95,0.8049495728711281
rxn_6_27,6,0.95,0.69652359285665
rxn_6_28,6,0.92,0.758247065386667
rxn_6_29,6,0.47,0.6882943876319247
rxn_6_30,6,0.81,0.8589429386785149
rxn_6_31,6,0.8,0.8090691521445882
rxn_6_32,6,0.66,0.6551546325197987
rxn_6_33,6,0.79,0.7304942659011084
rxn_6_34,6,0.68,0.5832787619634411
rxn_6_35,6,0.45,0.7540200550178189
rxn_6_36,6,0.9,0.8349420234906346
rxn_6_37,6,0.92,0.7041194166802871
rxn_6_38,6,0.73,0.8368690588533795
rxn_6_39,6,0.99,0.8549159928780431
rxn_6_40,6,0.27,0.712652961875672
rxn_6_41,6,0.88,0.8421888105700784
rxn_6_42,6,0.72,0.6867489900714601
rxn_6_43,6,0.75,0.650915420362893
rxn_6_44,6,0.3,0.49676411621273847
rxn_6_45,6,0.59,0.6861853677093855
rxn_6_46,6,0.3,0.5699863110634275
rxn_6_47,6,0.204,0.6243766677029822
rxn_6_48,6,0.76,0.8254091899442884
rxn_6_49,6,0.663,0.5244900723678115
rxn_6_50,6,0.34,0.7259198413939397
rxn_6_51,6,0.28,0.4495788835799119
rxn_6_52,6,0.97,0.809954935027761
rxn_6_53,6,0.83,0.7136578059247185
rxn_6_54,6,0.59,0.6823995760594261
rxn_6_55,6,0.87,0.7867581233565857
rxn_6_56,6,0.73,0.815858015737755
rxn_6_57,6,0.64,0.5883479249091891
rxn_6_58,6,0.89,0.850627068554977
rxn_6_59,6,0.96,0.767358772016328
rxn_6_60,6,0.92,0.8721983264076448
rxn_6_61,6,0.55,0.7545085382168112
rxn_6_62,6,0.77,0.692311837617166
rxn_6_63,6,0.33,0.3056613018071765
rxn_6_64,6,0.05,0.37613467409088824
rxn_6_65,6,0.99,0.8029437007352275
rxn_6_66,6,0.45,0.5683162425279775
rxn_6_67,6,0.69,0.7466638440475762
rxn_6_68,6,0.9,0.7888579208297805
rxn_6_69,6,0.8,0.7069962548454236
rxn_6_70,6,0.88,0.5449303899780981
rxn_6_71,6,0.79,0.7999095990453835
rxn_6_72,6,0.99,0.8678906957771844
rxn_6_73,6,0.91,0.8587378133250922
rxn_6_74,6,0.28,0.24027691006384996
rxn_6_75,6,0.58,0.6187759497500706
rxn_6_76,6,0.78,0.6813132005781103
rxn_6_77,6,0.91,0.7593365348221356
rxn_6_78,6,0.6,0.6342766886608562
rxn_6_79,6,0.96,0.7889090627446192
rxn_6_80,6,0.97,0.9311099656557623
rxn_6_81,6,0.67,0.6968691282753539
rxn_6_82,6,0.83,0.7923276270859025
rxn_6_83,6,0.9,0.6529332736289507
rxn_6_84,6,0.64,0.7248785756582209
rxn_6_85,6,0.72,0.7479709650536615
rxn_6_86,6,0.9,0.828015296939097
rxn_6_87,6,0.97,0.8583806080516219
rxn_6_88,6,0.95,0.6464647582733106
rxn_6_89,6,0.7,0.6964604574305779
rxn_6_90,6,0.62,0.6748501750200376
rxn_6_91,6,0.91,0.8533665891597346
rxn_6_92,6,0.81,0.7442267078830228
rxn_6_93,6,0.7,0.78078016843183
rxn_6_94,6,0.97,0.7821808921453695
rxn_6_95,6,1.0,0.7203988578348216
rxn_6_96,6,0.28,0.41148421969174703
rxn_6_97,6,0.38,0.732449014965915
rxn_6_98,6,0.33,0.6074844429385383
rxn_6_99,6,0.88,0.6831083102338907
rxn_6_100,6,0.5,0.653049889033453
rxn_6_101,6,0.81,0.6983531790254053
rxn_6_102,6,0.77,0.761808461687561
rxn_6_103,6,0.63,0.6977117886047245
rxn_6_104,6,0.895,0.8550771028929653
rxn_6_105,6,0.72,0.4876895987098577
rxn_6_106,6,0.92,0.7220715979247602
rxn_6_107,6,0.82,0.7534767957366154
rxn_6_108,6,0.96,0.8634915374828159
rxn_6_109,6,0.57,0.7135190330203799
rxn_6_110,6,0.48,0.5769425879219892
rxn_6_111,6,0.86,0.8178099438301892
rxn_6_112,6,0.935,0.7425309586502206
rxn_6_113,6,0.88,0.8459885632234081
rxn_6_114,6,0.77,0.7768214977934114
rxn_6_115,6,0.75,0.7069128685625246
rxn_6_116,6,0.06,0.5594138313091368
rxn_6_117,6,0.85,0.8478182014160308
rxn_6_118,6,0.63,0.6753443936060032
rxn_6_119,6,0.9,0.7659609099870529
rxn_6_120,6,0.99,0.8062818827972341
rxn_6_121,6,0.61,0.6799458153970089
rxn_6_122,6,0.87,0.7748974738427208
rxn_6_123,6,0.85,0.8491570249646377
rxn_6_124,6,0.39,0.5131891311321435
rxn_6_125,6,0.66,0.5415343721114666
rxn_6_126,6,0.99,0.8357310255900048
rxn_6_127,6,0.66,0.7242268785756881
rxn_6_128,6,0.58,0.6715704173581699
rxn_6_129,6,0.49,0.5493087999229346
rxn_6_130,6,0.8,0.7292042169230141
rxn_6_131,6,0.57,0.8263361621387914
rxn_6_132,6,0.53,0.39425208759416125
rxn_6_133,6,0.57,0.646240186970546
rxn_6_134,6,0.48,0.34848356599974206
rxn_6_135,6,0.51,0.5373919894027156
rxn_6_136,6,0.92,0.7943209329177628
rxn_6_137,6,0.25,0.7875564333843603
rxn_6_138,6,0.92,0.8288230439636638
rxn_6_139,6,0.67,0.7771988881970452
rxn_6_140,6,0.56,0.6550270435497073
rxn_6_141,6,0.61,0.749552938483755
rxn_6_142,6,0.75,0.7373713148954156
rxn_6_143,6,0.81,0.6914457512736005
rxn_6_144,6,0.95,0.8150896939557123
rxn_6_145,6,0.844,0.6384468857805269
rxn_6_146,6,0.93,0.7976572002184764
rxn_6_147,6,0.59,0.6169351067990608
rxn_6_148,6,0.41,0.7926166459543134
rxn_6_149,6,0.05,0.34743128612484103
rxn_6_150,6,0.73,0.6766973108800777
rxn_6_151,6,0.59,0.796344274739599
rxn_6_152,6,0.75,0.8508017414359447
rxn_6_153,6,0.6,0.7364390355879905
rxn_6_154,6,0.63,0.6602982122590183
rxn_6_155,6,0.77,0.6883502370770032
rxn_6_156,6,0.98,0.7369079913854989
rxn_6_157,6,0.379,0.6610963426677124
rxn_6_158,6,0.64,0.9450818233934815
rxn_6_159,6,0.11,0.29648863744043563
rxn_6_160,6,0.65,0.8341289313957966
rxn_6_161,6,0.44,0.5036482795398204
rxn_6_162,6,0.76,0.8010551382009802
rxn_6_163,6,0.84,0.6891138078450464
rxn_6_164,6,0.85,0.8024016134541648
rxn_6_165,6,0.13,0.2232298238371031
rxn_6_166,6,0.87,0.8239494006520776
rxn_6_167,6,0.85,0.8291966174585532
rxn_6_168,6,0.87,0.8355602218362352
rxn_6_169,6,0.58,0.6759256920007713
rxn_6_170,6,0.76,0.8923246220397661
rxn_6_171,6,0.99,0.6745637605338229
rxn_6_172,6,0.88,0.7972245548718293
rxn_6_173,6,0.74,0.7192072707071825
rxn_6_174,6,0.49,0.5679771377766005
rxn_6_175,6,0.59,0.6882642028094491
rxn_6_176,6,0.69,0.6745890045197506
rxn_6_177,6,0.89,0.6994798210837857
rxn_6_178,6,0.61,0.6225833894955052
rxn_6_179,6,0.73,0.7337141745778696
rxn_6_180,6,0.44,0.7575320157411606
rxn_6_181,6,0.83,0.8117075844073346
rxn_6_182,6,0.92,0.7366090777430064
rxn_6_183,6,0.74,0.8256068530991093
rxn_6_184,6,0.6,0.6393062091440901
rxn_6_185,6,0.97,0.7580327947259482
rxn_6_186,6,0.91,0.8037321739381537
rxn_6_187,6,0.82,0.6976498609853204
rxn_6_188,6,0.65,0.721516210104198
rxn_6_189,6,0.51,0.53568187969989
rxn_6_190,6,0.92,0.8085284022475306
rxn_6_191,6,0.75,0.7071295510416196
rxn_6_192,6,0.67,0.7059084714432012
rxn_6_193,6,0.51,0.5165320322647542
rxn_6_194,6,0.76,0.5368689625758521
rxn_6_195,6,0.946,0.8199292281919878
rxn_6_196,6,0.693,0.6707480329837386
rxn_6_197,6,0.72,0.7119561582103966
rxn_6_198,6,0.62,0.8363925639545213
rxn_6_199,6,0.7,0.7343492697500121
rxn_6_200,6,1.0,0.9523690585501905
rxn_6_201,6,0.75,0.9049208013972354
rxn_6_202,6,0.89,0.8971861584242721
rxn_6_203,6,0.59,0.781253156395317
rxn_6_204,6,0.87,0.7120132772072408
rxn_6_205,6,0.75,0.7866209440950245
rxn_6_206,6,0.67,0.7264784339338513
rxn_6_207,6,0.64,0.5093131724110542
rxn_6_208,6,0.93,0.7065055191040036
rxn_6_209,6,0.9,0.7793305573708755
rxn_6_210,6,0.61,0.6448342239614073
rxn_6_211,6,0.65,0.6595880151005331
rxn_6_212,6,0.99,0.8635839063121792
rxn_6_213,6,0.87,0.8940500633060099
rxn_6_214,6,0.5,0.3773461630118357
rxn_6_215,6,0.65,0.8002456136722041
rxn_6_216,6,0.33,0.6575567808344739
rxn_6_217,6,0.32,0.42166975089896336
rxn_6_218,6,0.93,0.6800608369516615
rxn_6_219,6,0.83,0.7992053345995717
rxn_6_220,6,0.39,0.8036217152325961
rxn_6_221,6,0.7,0.6336044067641952
rxn_6_222,6,0.73,0.6973648988717485
rxn_6_223,6,0.513,0.7237291277236699
rxn_6_224,6,0.7,0.8183357838789919
rxn_6_225,6,0.88,0.7727069444873714
rxn_6_226,6,0.46,0.5504187025345818
rxn_6_227,6,0.73,0.7359355755246583
rxn_6_228,6,0.75,0.6706869602331637
rxn_6_229,6,0.62,0.694286582174644
rxn_6_230,6,0.75,0.8082217749650108
rxn_6_231,6,0.48,0.5999639317676494
rxn_6_232,6,0.82,0.7329841438290798
rxn_6_233,6,0.79,0.7246279405267574
rxn_6_234,6,0.8,0.6993930443899256
rxn_6_235,6,0.38,0.7608514619688643
rxn_6_236,6,0.82,0.7592090167371793
rxn_6_237,6,0.89,0.7930477194748292
rxn_6_238,6,0.5,0.7483764921487497
rxn_6_239,6,0.62,0.8083479936575345
rxn_6_240,6,0.9,0.8514964709751215
rxn_6_241,6,0.92,0.7977838235172229
rxn_6_242,6,0.96,0.8849768076786665
rxn_6_243,6,0.88,0.7070364627933333
rxn_6_244,6,0.75,0.8434122042845669
rxn_6_245,6,0.72,0.7091811555697536
rxn_6_246,6,0.88,0.6986098000793981
rxn_6_247,6,0.42,0.6846840602291904
rxn_6_248,6,0.466,0.5588804221806338
rxn_6_249,6,0.41,0.674282122215676
rxn_6_250,6,0.22,0.1883338806473783
rxn_6_251,6,0.47,0.7372195759038539
rxn_6_252,6,0.9,0.8464681846133019
rxn_6_253,6,0.76,0.7200037805232125
rxn_6_254,6,0.98,0.8711052744606874
rxn_6_255,6,0.16,0.572682104219714
rxn_6_256,6,0.72,0.5676856045957872
rxn_6_257,6,0.81,0.7472665693980781
rxn_6_258,6,0.641,0.4312903264468679
rxn_6_259,6,0.6,0.7112889021900797
rxn_6_260,6,0.9,0.8374410082099942
rxn_6_261,6,0.47,0.7150243206850214
rxn_6_262,6,0.9,0.8403321322752239
rxn_6_263,6,0.65,0.5311495143539118
rxn_6_264,6,0.94,0.7508120252730986
rxn_6_265,6,0.76,0.7629604978913823
rxn_6_266,6,0.973,0.8750895245973777
rxn_6_267,6,0.64,0.6893032038865176
rxn_6_268,6,0.55,0.8140970254627073
rxn_6_269,6,0.87,0.8048625938627354
rxn_6_270,6,0.61,0.8090379077769705
rxn_6_271,6,0.38,0.4635522118545891
rxn_6_272,6,0.64,0.7900102807336019
rxn_6_273,6,0.52,0.6588251455472734
rxn_6_274,6,0.9779,0.9467647294866649
rxn_6_275,6,0.86,0.9422465881907559
rxn_6_276,6,0.7,0.4518495807560227
rxn_6_277,6,0.4,0.5726562699601532
rxn_6_278,6,0.95,0.7714323425611368
rxn_6_279,6,0.75,0.8390975984397202
rxn_6_280,6,0.44,0.5206458774423637
rxn_6_281,6,0.75,0.7206815418869902
rxn_6_282,6,0.95,0.7633547648319912
rxn_6_283,6,0.4,0.7213096705879168
rxn_6_284,6,0.94,0.730942000746737
rxn_6_285,6,0.31,0.5220632455747333
rxn_6_286,6,0.67,0.7107277394980388
rxn_6_287,6,0.56,0.511507548574811
rxn_6_288,6,0.71,0.8234825559194988
rxn_6_289,6,0.72,0.7159597064093125
rxn_6_290,6,0.19,0.389430329525377
rxn_6_291,6,0.84,0.7538083883279031
rxn_6_292,6,0.21,0.5240238646337197
rxn_6_293,6,1.0,0.832357257117622
rxn_6_294,6,0.996,0.8141859798606381
rxn_6_295,6,0.663,0.7514477767115437
rxn_6_296,6,0.733,0.8009903087756379
rxn_6_297,6,0.61,0.851114368367187
rxn_6_298,6,0.8,0.7884777931573446
rxn_6_299,6,0.95,0.8151239693751241
rxn_6_300,6,0.43,0.3679666782015667
rxn_6_301,6,0.93,0.8493392281958215
rxn_6_302,6,0.84,0.8138400937252454
rxn_6_303,6,0.93,0.8505410528907612
rxn_6_304,6,0.8828,0.7640224073627656
rxn_6_305,6,0.48,0.7294253942568655
rxn_6_306,6,0.12,0.6976671477521735
rxn_6_307,6,0.74,0.8968553513093029
rxn_6_308,6,1.0,0.8063150189674091
rxn_6_309,6,0.84,0.819157996099323
rxn_6_310,6,0.64,0.7962415872681131
rxn_6_311,6,0.75,0.5376959783107726
rxn_6_312,6,0.95,0.7799726138143813
rxn_6_313,6,0.77,0.8977169983243951
rxn_6_314,6,0.23,0.47837900993140386
rxn_6_315,6,0.72,0.7608692780642183
rxn_6_316,6,0.76,0.7333757976572923
rxn_6_317,6,0.78,0.86302817995752
rxn_6_318,6,0.78,0.8776777623241561
rxn_6_319,6,0.79,0.8531447262137201
rxn_6_320,6,0.72,0.7526085745002659
rxn_6_321,6,0.49,0.5351397335215763
rxn_6_322,6,0.7,0.784548446067352
rxn_6_323,6,0.94,0.7880422084188293
rxn_6_324,6,0.85,0.6810745602075436
rxn_6_325,6,0.97,0.8471031805616671
rxn_6_326,6,0.75,0.8029007135604577
rxn_6_327,6,0.81,0.7243464878149745
rxn_6_328,6,0.98,0.7972055120194207
rxn_6_329,6,0.5,0.5736372276846872
rxn_6_330,6,0.95,0.7896451963939599
rxn_6_331,6,0.86,0.7981679572408016
rxn_6_332,6,0.31,0.774309324595274
rxn_6_333,6,0.8,0.6791766186972653
rxn_6_334,6,0.95,0.8811259043722347
rxn_6_335,6,0.85,0.8088425675334703
rxn_6_336,6,0.95,0.7412836779087492
rxn_6_337,6,0.4,0.5315541686063953
rxn_6_338,6,0.98,0.6918176463919484
rxn_6_339,6,0.73,0.8780755568835353
rxn_6_340,6,0.93,0.81535985090674
rxn_6_341,6,0.44,0.6055810949825408
rxn_6_342,6,1.0,0.7708305656420018
rxn_6_343,6,0.84,0.789704569932231
rxn_6_344,6,0.77,0.7419648070110529
rxn_6_345,6,0.36,0.5839644852015323
rxn_6_346,6,0.88,0.8204625761208355
rxn_6_347,6,0.88,0.756793633647217
rxn_6_348,6,0.83,0.7825773594588337
rxn_6_349,6,0.63,0.6511893998667544
rxn_6_350,6,0.81,0.8913827098780672
rxn_6_351,6,0.84,0.7610837425744933
rxn_6_352,6,0.86,0.7734339769103249
rxn_6_353,6,0.5,0.43518827858840653
rxn_6_354,6,0.83,0.8949389808975604
rxn_6_355,6,0.77,0.7375515934120179
rxn_6_356,6,0.8,0.7226231828778292
rxn_6_357,6,0.73,0.8135224206601458
rxn_6_358,6,0.88,0.8876412408187208
rxn_6_359,6,0.84,0.7157650011265301
rxn_6_360,6,0.88,0.7894980416526516
rxn_6_361,6,0.16,0.6850641780458546
rxn_6_362,6,0.51,0.5401228270098152
rxn_6_363,6,0.9,0.7239114463870422
rxn_6_364,6,0.63,0.5910854580508685
rxn_6_365,6,0.79,0.7086386791659635
rxn_6_366,6,0.5,0.5974771810026488
rxn_6_367,6,0.79,0.6775834132031128
rxn_6_368,6,0.65,0.748536791338568
rxn_6_369,6,0.44,0.6479249186426109
rxn_6_370,6,0.69,0.6372530961030493
rxn_6_371,6,0.89,0.8926013893152666
rxn_6_372,6,0.38,0.791973555238689
rxn_6_373,6,0.62,0.5497782137949523
rxn_6_374,6,0.83,0.7795147669858071
rxn_6_375,6,0.24,0.6170952299628403
rxn_6_376,6,0.8,0.7556986753386878
rxn_6_377,6,0.3,0.35969368199717033
rxn_6_378,6,0.63,0.7051815324667157
rxn_6_379,6,0.81,0.7452667551956337
rxn_6_380,6,0.87,0.7007199583602574
rxn_6_381,6,0.68,0.8576865797564107
rxn_6_382,6,0.7076,0.6416816195531581
rxn_6_383,6,0.79,0.7393247031123001
rxn_6_384,6,0.553,0.4791241708554423
rxn_6_385,6,0.85,0.8148738424480141
rxn_6_386,6,0.52,0.5387038214867756
rxn_6_387,6,0.18,0.36873635408978034
rxn_6_388,6,0.68,0.8451625712659349
rxn_6_389,6,0.42,0.5840738432691582
rxn_6_390,6,0.39,0.37754623502550194
rxn_6_391,6,0.28,0.7441477684862191
rxn_6_392,6,0.95,0.8395069677967822
rxn_6_393,6,0.64,0.6176382942902631
rxn_6_394,6,0.85,0.8184068830939738
rxn_6_395,6,0.76,0.7157266097415235
rxn_6_396,6,0.52,0.5371357547603997
rxn_6_397,6,0.86,0.6569099713506549
rxn_6_398,6,0.81,0.7893517714546961
rxn_6_399,6,0.84,0.8181413328132381
rxn_6_400,6,0.34,0.47397278006441795
rxn_6_401,6,0.71,0.8807209630372528
rxn_6_402,6,0.89,0.7740520804375851
rxn_6_403,6,0.85,0.7581031623667144
rxn_6_404,6,0.58,0.7172642323479602
rxn_6_405,6,0.92,0.8220702273081262
rxn_6_406,6,0.55,0.6748400096994933
rxn_6_407,6,0.67,0.7455486723453052
rxn_6_408,6,0.81,0.7319117228666411
rxn_6_409,6,0.72,0.7380219064233695
rxn_6_410,6,0.76,0.778097487250267
rxn_6_411,6,0.99,0.8525862904111481
rxn_6_412,6,0.95,0.7684479082261841
rxn_6_413,6,0.95,0.6621186523472143
rxn_6_414,6,0.93,0.8797380604043417
rxn_6_415,6,0.68,0.772219092034911
rxn_6_416,6,0.65,0.597968719420462
rxn_6_417,6,0.6695,0.7432413253445037
rxn_6_418,6,0.87,0.8348928191955224
rxn_6_419,6,0.6,0.627101866674664
rxn_6_420,6,0.96,0.7384665590839646
rxn_6_421,6,0.52,0.5232165312452485
rxn_6_422,6,0.61,0.8304835135714423
rxn_6_423,6,1.0,0.7850243933467579
rxn_6_424,6,0.72,0.7713610627028089
rxn_6_425,6,0.76,0.6350715497743397
rxn_6_426,6,0.27,0.5176191670760847
rxn_6_427,6,0.59,0.7032901091322605
rxn_6_428,6,0.28,0.6296165570451747
rxn_6_429,6,0.98,0.7676793397394807
rxn_6_430,6,0.95,0.6559943343216975
rxn_6_431,6,0.95,0.7724656479449244
rxn_6_432,6,0.82,0.8410731157910919
rxn_6_433,6,0.56,0.6973439700291252
rxn_6_434,6,0.7,0.7751762006178232
rxn_6_435,6,0.72,0.5317653471601227
rxn_6_436,6,0.99,0.8432187067228932
rxn_6_437,6,0.43,0.655067750108413
rxn_6_438,6,0.91,0.7629715857933377
rxn_6_439,6,0.68,0.6971068438983176
rxn_6_440,6,0.085,0.7029840898680205
rxn_6_441,6,0.5,0.7239790615799461
rxn_6_442,6,0.51,0.587276304858591
rxn_6_443,6,0.99,0.8055134949512355
rxn_6_444,6,0.51,0.8703218452879818
rxn_6_445,6,0.19,0.35990457008078164
rxn_6_446,6,0.96,0.8733667493463916
rxn_6_447,6,0.7,0.8094817404493435
rxn_6_448,6,0.58,0.6999649571335255
rxn_6_449,6,0.99,0.7085117611105723
rxn_6_450,6,0.84,0.7835243299155525
rxn_6_451,6,0.53,0.6484697196380397
rxn_6_452,6,0.92,0.7439195345600584
rxn_6_453,6,0.77,0.7358339500359047
rxn_6_454,6,0.79,0.9280014419911548
rxn_6_455,6,0.28,0.4783205981641577
rxn_6_456,6,0.96,0.7559208630370335
rxn_6_457,6,0.88,0.8815067350405235
rxn_6_458,6,0.89,0.7979096241233107
rxn_6_459,6,0.7,0.647371590340056
rxn_6_460,6,0.66,0.6343180580442168
rxn_6_461,6,0.83,0.8119828401014174
rxn_6_462,6,0.89,0.8733767004704506
rxn_6_463,6,0.75,0.482388968963584
rxn_6_464,6,0.82,0.6329183345144582
rxn_6_465,6,0.8,0.7347174051215356
rxn_6_466,6,0.75,0.7744428437352396
rxn_6_467,6,0.79,0.833685689246687
rxn_6_468,6,0.45,0.750496835559075
rxn_6_469,6,0.74,0.771897266812636
rxn_6_470,6,0.75,0.7637973082458956
rxn_6_471,6,0.88,0.6802950664962667
rxn_6_472,6,0.835,0.8156409462148785
rxn_6_473,6,0.59,0.744259617129854
rxn_6_474,6,0.83,0.6737409551567816
rxn_6_475,6,0.85,0.8037326010079392
rxn_6_476,6,0.92,0.8316798445842378
rxn_6_477,6,0.62,0.6374020883623109
rxn_6_478,6,0.82,0.7087563116451813
rxn_6_479,6,0.99,0.8868175530173797
rxn_6_480,6,0.26,0.5503991459084228
rxn_6_481,6,0.84,0.6073216432393095
rxn_6_482,6,0.93,0.7682958711205726
rxn_6_483,6,0.64,0.7814920323121308
rxn_6_484,6,0.92,0.8368684796419892
rxn_6_485,6,0.75,0.6988475616038284
rxn_6_486,6,0.84,0.7454469879354336
rxn_6_487,6,0.99,0.9182286577430059
rxn_6_488,6,0.74,0.7267472365329413
rxn_6_489,6,0.75,0.7258501610763511
rxn_6_490,6,0.92,0.84020258053147
rxn_6_491,6,0.96,0.7676740335747491
rxn_6_492,6,0.5,0.6322043575631108
rxn_6_493,6,0.51,0.5656041248693009
rxn_6_494,6,0.92,0.8144452567211854
rxn_6_495,6,0.9,0.9146817596216987
rxn_6_496,6,0.92,0.8723232000296606
rxn_6_497,6,0.6,0.6948304848787862
rxn_6_498,6,0.44,0.5639426843622302
rxn_6_499,6,0.83,0.7265658994290428
rxn_6_500,6,0.55,0.7277516832001248
rxn_6_501,6,0.79,0.7644728553189858
rxn_6_502,6,0.88,0.6208392438061628
rxn_6_503,6,0.94,0.8971354110995571
rxn_6_504,6,0.89,0.6507341941613674
rxn_6_505,6,0.32,0.4490098547586648
rxn_6_506,6,0.94,0.8550617919040606
rxn_6_507,6,0.24,0.594878903261454
rxn_6_508,6,0.95,0.689120683394124
rxn_6_509,6,0.93,0.8434187825579146
rxn_6_510,6,0.26,0.4022810409867881
rxn_6_511,6,0.98,0.8465389954988227
rxn_6_512,6,0.88,0.8454735170403908
rxn_6_513,6,0.42,0.4920608033261429
rxn_6_514,6,0.64,0.7697810708434698
rxn_6_515,6,0.71,0.740004426764481
rxn_6_516,6,0.89,0.6616506207029267
rxn_6_517,6,0.95,0.9044423901342417
rxn_6_518,6,0.56,0.564166522054961
rxn_6_519,6,0.82,0.6102769452245289
rxn_6_520,6,0.48,0.4786120581886572
rxn_6_521,6,0.72,0.8546772203522943
rxn_6_522,6,0.77,0.7133372403584398
rxn_6_523,6,0.8,0.691616965394421
rxn_6_524,6,0.93,0.6205100501207944
rxn_6_525,6,0.53,0.6193141604075757
rxn_6_526,6,0.87,0.8296991237190897
rxn_6_527,6,0.893,0.8581830890716932
rxn_6_528,6,0.61,0.7498952173228982
rxn_6_529,6,0.66,0.6177168783512762
rxn_6_530,6,0.51,0.6155506886345173
rxn_6_531,6,0.69,0.7035121029659818
rxn_6_532,6,0.76,0.6545215374984431
rxn_6_533,6,1.0,0.8952216365785043
rxn_6_534,6,0.717,0.8285179308645617
rxn_6_535,6,0.82,0.8173195662319651
rxn_6_536,6,1.0,0.9073436792018752
rxn_6_537,6,0.98,0.6721625522494117
rxn_6_538,6,0.56,0.8234192431869697
rxn_6_539,6,0.71,0.5072241764560972
rxn_6_540,6,0.54,0.6355752747640326
rxn_6_541,6,0.62,0.7723451314736911
rxn_6_542,6,0.72,0.7742167514364499
rxn_6_543,6,0.64,0.5768070398189001
rxn_6_544,6,0.48,0.7251503691556774
rxn_6_545,6,0.87,0.8532721052253368
rxn_6_546,6,0.18,0.5939028884974138
rxn_6_547,6,0.84,0.8232627187792998
rxn_6_548,6,0.89,0.8315958793242096
rxn_6_549,6,0.43,0.5902922389899639
rxn_6_550,6,0.84,0.8152154500855086
rxn_6_551,6,0.64,0.7556584081469143
rxn_6_552,6,0.882,0.8385496334787458
rxn_6_553,6,0.457,0.4734947090847213
rxn_6_554,6,0.94,0.8414671911286872
rxn_6_555,6,0.8,0.8089096457757717
rxn_6_556,6,0.32,0.5373460733537495
rxn_6_557,6,0.57,0.6771829927619256
rxn_6_558,6,0.56,0.6293613990181052
rxn_6_559,6,0.97,0.595417040352196
rxn_6_560,6,0.83,0.7678252122312769
rxn_6_561,6,1.0,0.7515007978876218
rxn_6_562,6,0.55,0.5706909385011569
rxn_6_563,6,0.85,0.6827442080225922
rxn_6_564,6,0.78,0.7294889814151583
rxn_6_565,6,0.58,0.6433000194857434
rxn_6_566,6,0.79,0.7957522240105765
rxn_6_567,6,0.45,0.4377763229654572
rxn_6_568,6,0.885,0.8074520106764903
rxn_6_569,6,0.92,0.8149876990979745
rxn_6_570,6,0.9,0.8216263594234401
rxn_6_571,6,0.61,0.737955796955862
rxn_6_572,6,0.49,0.7923676951088489
rxn_6_573,6,0.93,0.8180548391400642
rxn_6_574,6,0.14,0.5817937910721208
rxn_6_575,6,0.1752,0.5302197537386601
rxn_6_576,6,0.98,0.9054895028370756
rxn_6_577,6,0.79,0.6207162415592639
rxn_6_578,6,0.761,0.8236730029390061
rxn_6_579,6,0.52,0.6549941157267067
rxn_6_580,6,0.69,0.6437461623468506
rxn_6_581,6,0.91,0.8672630864696685
rxn_6_582,6,0.86,0.8080538869771604
rxn_6_583,6,0.88,0.8428330583404539
rxn_6_584,6,0.92,0.8231102734033712
rxn_6_585,6,0.8,0.7762033508428475
rxn_6_586,6,0.997,0.8111158439122413
rxn_6_587,6,0.77,0.5634004080737568
rxn_6_588,6,0.511,0.5244995713150685
rxn_6_589,6,0.92,0.8149522074189122
rxn_6_590,6,0.32,0.5172717023081356
rxn_6_591,6,0.646,0.6500286615912372
rxn_6_592,6,0.94,0.7883006934987874
rxn_6_593,6,0.82,0.7953895825560137
rxn_6_594,6,0.76,0.692671791872069
rxn_6_595,6,0.91,0.7813223179763517
rxn_6_596,6,0.83,0.6978814863023225
rxn_6_597,6,0.033,0.526155207729007
rxn_6_598,6,0.78,0.6270342438145358
rxn_6_599,6,0.764,0.5954327826202551
rxn_6_600,6,0.92,0.7592637683353717
rxn_6_601,6,0.68,0.6871995361641451
rxn_6_602,6,0.5,0.6086656714093432
rxn_6_603,6,0.82,0.7881847527915324
rxn_6_604,6,0.83,0.7552545828004082
rxn_6_605,6,0.99,0.7432675812572338
rxn_6_606,6,0.94,0.9170324564643669
rxn_6_607,6,0.45,0.6550085460052987
rxn_6_608,6,0.86,0.7750315591571845
rxn_6_609,6,0.84,0.843711049178519
rxn_6_610,6,0.71,0.8270599194188087
rxn_6_611,6,0.92,0.8715463712565062
rxn_6_612,6,0.66,0.7023164356448083
rxn_6_613,6,0.78,0.875377173350009
rxn_6_614,6,0.87,0.8325577139143508
rxn_6_615,6,0.94,0.852451050738878
rxn_6_616,6,0.9,0.72676891597776
rxn_6_617,6,0.73,0.7359106889092747
rxn_6_618,6,0.68,0.6632890580902291
rxn_6_619,6,0.97,0.874395387330701
rxn_6_620,6,0.76,0.7173505685348495
rxn_6_621,6,0.77,0.7721675590087358
rxn_6_622,6,0.88,0.7938451039346065
rxn_6_623,6,0.81,0.8169799134718813
rxn_6_624,6,0.6,0.7696044963440968
rxn_6_625,6,0.88,0.822196041930965
rxn_6_626,6,0.58,0.9178116132729118
rxn_6_627,6,0.31,0.5340129109251492
rxn_6_628,6,0.64,0.5553975787038453
rxn_6_629,6,0.99,0.7936491132468481
rxn_6_630,6,0.77,0.7180455942967185
rxn_6_631,6,0.83,0.7379437364007044
rxn_6_632,6,0.79,0.7512286757280625
rxn_6_633,6,0.31,0.7429217686020942
rxn_6_634,6,0.96,0.7508999249214563
rxn_6_635,6,0.67,0.6579636287096243
rxn_6_636,6,0.38,0.6326593452550167
rxn_6_637,6,0.83,0.8097518897665824
rxn_6_638,6,0.38,0.403411785910799
rxn_6_639,6,0.99,0.761960921696021
rxn_6_640,6,0.93,0.7161447185192072
rxn_6_641,6,0.68,0.8273182221989167
rxn_6_642,6,0.8,0.8993481852816355
rxn_6_643,6,0.9,0.7902806451741416
rxn_6_644,6,0.56,0.4812417968879777
rxn_6_645,6,0.91,0.4989293442494203
rxn_6_646,6,0.92,0.5250051691716968
rxn_6_647,6,0.62,0.5718938931080011
rxn_6_648,6,0.72,0.7089263987771957
rxn_6_649,6,0.29,0.6943511781455829
rxn_6_650,6,0.8,0.8265134392714537
rxn_6_651,6,0.3,0.4820868973872088
rxn_6_652,6,0.76,0.7786145930456275
rxn_6_653,6,0.85,0.5873231526067176
rxn_6_654,6,0.81,0.708691820613744
rxn_6_655,6,0.886,0.8664193115130613
rxn_6_656,6,0.84,0.7467131892306879
rxn_6_657,6,0.89,0.814629830861049
rxn_6_658,6,0.69,0.6083295949196356
rxn_6_659,6,0.7,0.830796485450096
rxn_6_660,6,0.93,0.6360995936629555
rxn_6_661,6,0.7579,0.8187922338024011
rxn_6_662,6,0.69,0.6460885481890422
rxn_6_663,6,0.9,0.8759789603375179
rxn_6_664,6,0.88,0.851458488843346
rxn_6_665,6,0.46,0.7741720041252353
rxn_6_666,6,0.4,0.8128256566845412
rxn_6_667,6,0.63,0.6042030443495804
rxn_6_668,6,0.54,0.6306903220349659
rxn_6_669,6,0.62,0.5642663300276468
rxn_6_670,6,0.95,0.9006001485973435
rxn_6_671,6,0.38,0.5221290130274471
rxn_6_672,6,0.83,0.44864619530150973
rxn_6_673,6,0.44,0.67586416132043
rxn_6_674,6,0.88,0.889448107887628
rxn_6_675,6,0.21,0.6922089174080711
rxn_6_676,6,0.27,0.807692767132531
rxn_6_677,6,0.53,0.7758272801167704
rxn_6_678,6,0.63,0.8356899698563592
rxn_6_679,6,0.52,0.2566578304891005
rxn_6_680,6,0.26,0.6949899574949514
rxn_6_681,6,0.95,0.7541259761472953
rxn_6_682,6,0.99,0.8645748626821095
rxn_6_683,6,0.68,0.7541490747700855
rxn_6_684,6,0.64,0.7366808124218497
rxn_6_685,6,0.8,0.8386626242166239
rxn_6_686,6,0.91,0.7290145097598448
rxn_6_687,6,0.58,0.7607465012825095
rxn_6_688,6,0.89,0.6478676369764191
rxn_6_689,6,0.952,0.7565208725862833
rxn_6_690,6,0.49,0.6134585597898408
rxn_6_691,6,0.85,0.579906313493333
rxn_6_692,6,0.57,0.7065927060084816
rxn_6_693,6,0.78,0.7474195073365525
rxn_6_694,6,0.92,0.7978249097674085
rxn_6_695,6,0.9,0.8891763056546638
rxn_6_696,6,0.45,0.6464045521811864
rxn_6_697,6,0.9,0.7701966000835819
rxn_6_698,6,0.78,0.8192071303520502
rxn_6_699,6,0.47,0.619775013406222
rxn_6_700,6,0.53,0.32836463311511327
rxn_6_701,6,0.6,0.6868814101133042
rxn_6_702,6,0.6,0.7364251407165577
rxn_6_703,6,0.93,0.7143328035329156
rxn_6_704,6,0.125,0.3280391794896485
rxn_6_705,6,0.6,0.6311974004559985
rxn_6_706,6,0.54,0.789113646153778
rxn_6_707,6,0.99,0.7861213000078012
rxn_6_708,6,0.96,0.9191597552210239
rxn_6_709,6,0.72,0.8150242400000868
rxn_6_710,6,0.11,0.2957494977931552
rxn_6_711,6,0.48,0.6004806772468959
rxn_6_712,6,0.79,0.6709168641110511
rxn_6_713,6,0.97,0.5679235704202612
rxn_6_714,6,0.93,0.8204608090395231
rxn_6_715,6,0.59,0.7650122495280955
rxn_6_716,6,0.95,0.749292443445631
rxn_6_717,6,0.7,0.785690960712384
rxn_6_718,6,0.68,0.7427856931694734
rxn_6_719,6,0.85,0.7827021245749762
rxn_6_720,6,0.9,0.7601325157898916
rxn_6_721,6,0.59,0.8144756943650115
rxn_6_722,6,0.85,0.6897453077678891
rxn_6_723,6,0.78,0.8834980710538952
rxn_6_724,6,0.39,0.7860674426411091
rxn_6_725,6,0.91,0.7310926752712931
rxn_6_726,6,0.08,0.13478253401620735
rxn_6_727,6,0.78,0.6658252392847691
rxn_6_728,6,0.74,0.8889453946232649
rxn_6_729,6,0.6,0.7041822743679611
rxn_6_730,6,0.71,0.7160046130860881
rxn_6_731,6,0.72,0.6461494523737435
rxn_6_732,6,0.64,0.6191829351852423
rxn_6_733,6,0.83,0.8913586960997136
rxn_6_734,6,0.73,0.6355581349636743
rxn_6_735,6,0.88,0.7485526645254357
rxn_6_736,6,0.62,0.7936649635023008
rxn_6_737,6,0.81,0.7367205818825733
rxn_6_738,6,0.94,0.8547758888363526
rxn_6_739,6,0.81,0.7979776582086441
rxn_6_740,6,0.75,0.6811210544095664
rxn_6_741,6,0.63,0.8153612657829346
rxn_6_742,6,0.83,0.7530571088408443
rxn_6_743,6,0.8,0.8135925215824856
rxn_6_744,6,0.92,0.7094160504899367
rxn_6_745,6,0.56,0.5130269465087531
rxn_6_746,6,0.25,0.43786186002881794
rxn_6_747,6,0.88,0.7450175920437018
rxn_6_748,6,0.9,0.8272972237403987
rxn_6_749,6,0.8,0.7997501239514818
rxn_6_750,6,0.48,0.48225974562164403
rxn_6_751,6,0.86,0.5957762280447871
rxn_6_752,6,0.7,0.6155867838362987
rxn_6_753,6,0.89,0.5965980217003493
rxn_6_754,6,0.83,0.7785926582452669
rxn_6_755,6,0.84,0.7041956418083406
rxn_6_756,6,0.068,0.3628772890487754
rxn_6_757,6,0.92,0.8820756027980097
rxn_6_758,6,0.97,0.7862788585767809
rxn_6_759,6,0.72,0.7052680479481322
rxn_6_760,6,0.78,0.6789768660801903
rxn_6_761,6,0.77,0.754165479240084
rxn_6_762,6,0.89,0.8725777714380244
rxn_6_763,6,0.98,0.7963048295294622
rxn_6_764,6,0.75,0.6207709641440016
rxn_6_765,6,0.61,0.5442374314617603
rxn_6_766,6,0.71,0.7639663786787866
rxn_6_767,6,0.81,0.7727948708798605
rxn_6_768,6,0.89,0.8868879005991976
rxn_6_769,6,0.31,0.5617366097341673
rxn_6_770,6,0.57,0.7374029441670582
rxn_6_771,6,0.96,0.7825273232801823
rxn_6_772,6,0.75,0.7246501326522495
rxn_6_773,6,1.0,0.7442257472889674
rxn_6_774,6,0.78,0.6593060148668155
rxn_6_775,6,0.61,0.6192749763942075
rxn_6_776,6,0.6,0.6484344059575401
rxn_6_777,6,0.26,0.3048541505626226
rxn_6_778,6,0.97,0.9139970527296573
rxn_6_779,6,0.703,0.7416451401545809
rxn_6_780,6,0.58,0.579994871986691
rxn_6_781,6,0.23,0.4821372180416527
rxn_6_782,6,0.89,0.8646288370892021
rxn_6_783,6,0.57,0.7091537087519736
rxn_6_784,6,0.88,0.8306974016157672
rxn_6_785,6,0.99,0.6842752245385727
rxn_6_786,6,0.61,0.5435990933440892
rxn_6_787,6,0.5,0.39614844013582556
rxn_6_788,6,0.12,0.596019526598659
rxn_6_789,6,0.9,0.810763722196017
rxn_6_790,6,0.71,0.8007046789887938
rxn_6_791,6,0.9,0.8560730811120868
rxn_6_792,6,0.71,0.7074437409023298
rxn_6_793,6,0.99,0.8195119839195139
rxn_6_794,6,0.89,0.8366597451750885
rxn_6_795,6,0.99,0.7924683273940595
rxn_6_796,6,0.35,0.4902141511842395
rxn_6_797,6,0.78,0.7051453397707759
rxn_6_798,6,0.333,0.6289780231688794
rxn_6_799,6,0.43,0.6179651366521305
rxn_6_800,6,0.7,0.7298729824490694
rxn_6_801,6,0.99,0.8402515970028
rxn_6_802,6,0.85,0.8761160363306567
rxn_6_803,6,0.35,0.3091313292627569
rxn_6_804,6,0.82,0.6676822513432176
rxn_6_805,6,0.88,0.7774569773829555
rxn_6_806,6,0.9,0.7291848552481293
rxn_6_807,6,0.565,0.739291220273962
rxn_6_808,6,0.96,0.7913716265384617
rxn_6_809,6,0.7,0.6989642108770483
rxn_6_810,6,0.84,0.7112433924525225
rxn_6_811,6,0.87,0.8061463173286837
rxn_6_812,6,0.89,0.640443029161783
rxn_6_813,6,0.45,0.5880478299278237
rxn_6_814,6,0.81,0.5510333290032515
rxn_6_815,6,0.77,0.7611616764741841
rxn_6_816,6,0.92,0.8579712021028106
rxn_6_817,6,0.79,0.8336205802733653
rxn_6_818,6,0.95,0.7940475954322075
rxn_6_819,6,0.55,0.5811545662555236
rxn_6_820,6,0.63,0.6662262315202395
rxn_6_821,6,0.82,0.8642004752987251
rxn_6_822,6,0.97,0.8743918745854818
rxn_6_823,6,0.7,0.7923825850502845
rxn_6_824,6,0.76,0.7661890591794597
rxn_6_825,6,0.71,0.5298740326540224
rxn_6_826,6,0.77,0.6991383860783454
rxn_6_827,6,0.3,0.38711379041023347
rxn_6_828,6,0.3,0.7262073210391998
rxn_6_829,6,0.91,0.7957087127886674
rxn_6_830,6,0.88,0.7383476351701791
rxn_6_831,6,0.93,0.7705251165998285
rxn_6_832,6,0.79,0.8141924746724293
rxn_6_833,6,0.85,0.8666430399638761
rxn_6_834,6,0.9,0.6230976617177139
rxn_6_835,6,0.84,0.8457332751746497
rxn_6_836,6,0.58,0.6523004809732003
rxn_6_837,6,0.7,0.6735748641504387
rxn_6_838,6,0.49,0.7891533145344534
rxn_6_839,6,0.72,0.5394650398617817
rxn_6_840,6,0.93,0.7933925227955351
rxn_6_841,6,0.77,0.5292748041853674
rxn_6_842,6,0.86,0.7647923932047812
rxn_6_843,6,0.56,0.7151731210499935
rxn_6_844,6,0.77,0.6200120408512583
rxn_6_845,6,0.72,0.7593936058866536
rxn_6_846,6,0.46,0.5050027269155272
rxn_6_847,6,0.37,0.807351135745047
rxn_6_848,6,0.67,0.6910457863171416
rxn_6_849,6,0.89,0.8697826531497984
rxn_6_850,6,0.41,0.68831975800455
rxn_6_851,6,0.886,0.800769027359237
rxn_6_852,6,0.92,0.6916898829960626
rxn_6_853,6,0.45,0.5360284449039104
rxn_6_854,6,0.77,0.7514222359378483
rxn_6_855,6,0.89,0.9026103837220522
rxn_6_856,6,0.83,0.7334541869421446
rxn_6_857,6,0.7,0.8141761951901039
rxn_6_858,6,0.68,0.7765725302604395
rxn_6_859,6,0.92,0.8092696521144441
rxn_6_860,6,0.48,0.514931324578813
rxn_6_861,6,0.38,0.5003632753498194
rxn_6_862,6,0.71,0.7404744863521654
rxn_6_863,6,0.93,0.8032300472514659
rxn_6_864,6,0.64,0.4499134909563183
rxn_6_865,6,0.83,0.7243036009174926
rxn_6_866,6,0.82,0.6489372290781491
rxn_6_867,6,0.553,0.6868623270331958
rxn_6_868,6,0.93,0.8872107228568948
rxn_6_869,6,0.63,0.5125679319224935
rxn_6_870,6,0.92,0.6298782813077587
rxn_6_871,6,0.96,0.9314950258136618
rxn_6_872,6,0.52,0.7204094794339865
rxn_6_873,6,0.7,0.7986198787257309
rxn_6_874,6,0.8,0.8271551162869141
rxn_6_875,6,0.9,0.8371620322937515
rxn_6_876,6,0.84,0.7687084834999385
rxn_6_877,6,0.96,0.8938613986419552
rxn_6_878,6,0.79,0.7513720924222058
rxn_6_879,6,0.87,0.8359283644862892
rxn_6_880,6,0.79,0.6475809400577827
rxn_6_881,6,0.37,0.6060308500718521
rxn_6_882,6,0.92,0.8427425784839754
rxn_6_883,6,0.64,0.5852369460186351
rxn_6_884,6,0.98,0.7686535065554398
rxn_6_885,6,0.95,0.7627046572618252
rxn_6_886,6,0.71,0.6829807234455244
rxn_6_887,6,0.62,0.8368669601394062
rxn_6_888,6,0.81,0.818012168269215
rxn_6_889,6,0.5,0.7538363053737592
rxn_6_890,6,0.86,0.8241672391373944
rxn_6_891,6,0.6,0.6210016656545664
rxn_6_892,6,0.45,0.6723996296189062
rxn_6_893,6,0.82,0.7983735209091241
rxn_6_894,6,0.82,0.7607485241946105
rxn_6_895,6,0.85,0.5992779496530277
rxn_6_896,6,0.65,0.7950666611038559
rxn_6_897,6,0.95,0.8507053086628197
rxn_6_898,6,0.65,0.6072607947253444
rxn_6_899,6,0.11,0.3812562339566985
rxn_6_900,6,0.53,0.5902143922224842
rxn_6_901,6,0.37,0.545281447930371
rxn_6_902,6,0.89,0.7678368181682685
rxn_6_903,6,0.7,0.6775550298661583
rxn_6_904,6,0.56,0.6120894507227165
rxn_6_905,6,0.92,0.864324421488929
rxn_6_906,6,0.97,0.8733294649362534
rxn_6_907,6,0.72,0.7650598720088908
rxn_6_908,6,0.7,0.5731343911169021
rxn_6_909,6,0.8,0.6521703621937314
rxn_6_910,6,0.71,0.7845561941245492
rxn_6_911,6,0.82,0.8103073281680581
rxn_6_912,6,0.631,0.465246932716052
rxn_6_913,6,0.27,0.4299426076727073
rxn_6_914,6,0.78,0.8614447143174605
rxn_6_915,6,0.71,0.7290363908510953
rxn_6_916,6,0.96,0.737593879295432
rxn_6_917,6,1.0,0.7008477673814735
rxn_6_918,6,0.35,0.4948738706243932
rxn_6_919,6,0.737,0.6536710327213546
rxn_6_920,6,0.815,0.5987833271544905
rxn_6_921,6,0.43,0.7206568269187287
rxn_6_922,6,0.4,0.4790381399054038
rxn_6_923,6,0.25,0.8231939208694706
rxn_6_924,6,0.71,0.8022393503889411
rxn_6_925,6,0.586,0.3546515441937695
rxn_6_926,6,0.55,0.7874167289505033
rxn_6_927,6,0.99,0.73181086515418
rxn_6_928,6,0.47,0.5141269296137313
rxn_6_929,6,0.91,0.8642032259846886
rxn_6_930,6,0.88,0.9477368663814422
rxn_6_931,6,0.59,0.5564244665859486
rxn_6_932,6,1.0,0.9040210592493297
rxn_6_933,6,1.0,0.6675532459979904
rxn_6_934,6,0.43,0.6805255269297342
rxn_6_935,6,0.5,0.4849727242224268
rxn_6_936,6,0.94,0.6883502276235213
rxn_6_937,6,0.9,0.7577337551980131
rxn_6_938,6,0.22,0.24153970356836899
rxn_6_939,6,0.52,0.6342032016539528
rxn_6_940,6,0.66,0.6931783110254518
rxn_6_941,6,0.46,0.5274508750947831
rxn_6_942,6,0.76,0.6995976062573129
rxn_6_943,6,0.8,0.8399382155108283
rxn_6_944,6,0.935,0.8192562338648722
rxn_6_945,6,0.73,0.7422339257625875
rxn_6_946,6,0.48,0.6789919788527229
rxn_6_947,6,0.78,0.7422790980088892
rxn_6_948,6,0.74,0.5192739674287576
rxn_6_949,6,0.65,0.6033187710665172
rxn_6_950,6,0.85,0.8262362967471341
rxn_6_951,6,0.5,0.43420025024717973
rxn_6_952,6,0.36,0.6452930601318799
rxn_6_953,6,1.0,0.9549743688948217
rxn_6_954,6,0.61,0.6049683882612159
rxn_6_955,6,0.68,0.8249900425035425
rxn_6_956,6,0.97,0.9142382885977774
rxn_6_957,6,0.7,0.8153590218145831
rxn_6_958,6,0.55,0.5120812189662
rxn_6_959,6,0.98,0.7931133002583488
rxn_6_960,6,0.92,0.7835342154944107
rxn_6_961,6,0.24,0.596601233945797
rxn_6_962,6,0.5769,0.676349295698289
rxn_6_963,6,0.78,0.6213072605535893
rxn_6_964,6,0.93,0.7984592179124522
rxn_6_965,6,0.81,0.7830578825490958
rxn_6_966,6,0.95,0.7473626571209215
rxn_6_967,6,0.82,0.8404438748010093
rxn_6_968,6,0.92,0.7495705755687695
rxn_6_969,6,0.901,0.7523156714065845
rxn_6_970,6,0.91,0.8749234449363731
rxn_6_971,6,0.44,0.5546056751932922
rxn_6_972,6,0.7,0.740897139874502
rxn_6_973,6,0.9,0.7526437946846576
rxn_6_974,6,0.61,0.6847709737108357
rxn_6_975,6,0.81,0.5620219206989735
rxn_6_976,6,0.2433,0.5330955641610631
rxn_6_977,6,0.1348,0.2872740244896769
rxn_6_978,6,0.7,0.6229582107519936
rxn_6_979,6,0.89,0.9617632492017788
rxn_6_980,6,0.46,0.8162207773197897
rxn_6_981,6,0.63,0.5707971516326854
rxn_6_982,6,0.72,0.7607150604631269
rxn_6_983,6,0.97,0.9588141008928072
rxn_6_984,6,0.54,0.6244561335967217
rxn_6_985,6,0.91,0.7317503630578356
rxn_6_986,6,0.45,0.47818867221364586
rxn_6_987,6,0.71,0.8117931918434743
rxn_6_988,6,0.34,0.7450319477701314
rxn_6_989,6,0.93,0.6809040497038555
rxn_6_990,6,0.89,0.8365653761510243
rxn_6_991,6,0.71,0.64155505421025
rxn_6_992,6,0.69,0.6891130515037388
rxn_6_993,6,0.79,0.7422960612042401
rxn_6_994,6,0.94,0.8033263956568478
rxn_6_995,6,0.69,0.8345353167536368
rxn_6_996,6,0.93,0.8415080613367879
rxn_6_997,6,0.93,0.7824746285129275
rxn_6_998,6,0.57,0.7613580820436465
rxn_6_999,6,0.86,0.6137350420075188
rxn_6_1000,6,0.95,0.6964743169630198
rxn_6_1001,6,0.37,0.4139870707366096
rxn_6_1002,6,0.74,0.7449097950686662
rxn_6_1003,6,0.94,0.8401897873185767
rxn_6_1004,6,0.31,0.6962466365572899
rxn_6_1005,6,0.97,0.8206918263149364
rxn_6_1006,6,0.81,0.7982753457367288
rxn_6_1007,6,0.49,0.5676727882343636
rxn_6_1008,6,0.476,0.43928242204257856
rxn_6_1009,6,0.34,0.4705129546489328
rxn_6_1010,6,0.07,0.2255303868994755
rxn_6_1011,6,0.71,0.6894215785119212
rxn_6_1012,6,0.27,0.43172786227851206
rxn_6_1013,6,0.96,0.916532194470562
rxn_6_1014,6,0.82,0.7888844719289595
rxn_6_1015,6,0.8,0.600169012362059
rxn_6_1016,6,0.9,0.7904353633488937
rxn_6_1017,6,0.89,0.8531833337482694
rxn_6_1018,6,0.85,0.7761462649049015
rxn_6_1019,6,0.61,0.7369179586448676
rxn_6_1020,6,0.78,0.6216879228661714
rxn_6_1021,6,0.83,0.7225973417606674
rxn_6_1022,6,0.98,0.7525750570824826
rxn_6_1023,6,0.9,0.7714892735668917
rxn_6_1024,6,0.53,0.5127874560784274
rxn_6_1025,6,0.74,0.7941703333192868
rxn_6_1026,6,0.52,0.7488379632766945
rxn_6_1027,6,0.81,0.6567841375616198
rxn_6_1028,6,0.95,0.84491076220085
rxn_6_1029,6,0.55,0.8341597694959738
rxn_6_1030,6,0.81,0.7156495153936263
rxn_6_1031,6,0.73,0.7848415418075501
rxn_6_1032,6,0.52,0.5067771212606114
rxn_6_1033,6,0.71,0.6077403306402651
rxn_6_1034,6,0.96,0.7413004033730634
rxn_6_1035,6,0.67,0.7036344360274619
rxn_6_1036,6,0.86,0.8067749546892574
rxn_6_1037,6,0.51,0.624356215098481
rxn_6_1038,6,0.83,0.7791496810793456
rxn_6_1039,6,0.83,0.7342827619106177
rxn_6_1040,6,0.52,0.619406024753481
rxn_6_1041,6,0.4,0.6374649475000758
rxn_6_1042,6,0.922,0.8727430059008213
rxn_6_1043,6,0.88,0.6297578528725992
rxn_6_1044,6,0.5,0.6817729020773351
rxn_6_1045,6,0.93,0.766512238675026
rxn_6_1046,6,0.8,0.6502126560207654
rxn_6_1047,6,0.78,0.8491322903465169
rxn_6_1048,6,0.75,0.588028460504398
rxn_6_1049,6,0.55,0.655091124849533
rxn_6_1050,6,0.79,0.5310615075095019
rxn_6_1051,6,0.44,0.5558027192737401
rxn_6_1052,6,0.92,0.6426295017269595
rxn_6_1053,6,0.79,0.825706458790547
rxn_6_1054,6,0.94,0.7165966046667039
rxn_6_1055,6,0.92,0.8132446672298208
rxn_6_1056,6,0.16,0.7863945019929718
rxn_6_1057,6,0.93,0.8277662194984842
rxn_6_1058,6,0.8,0.8244345975382338
rxn_6_1059,6,0.78,0.7521546986533965
rxn_6_1060,6,0.93,0.6152193236135247
rxn_6_1061,6,0.96,0.6964897639346895
rxn_6_1062,6,0.58,0.5742046514610789
rxn_6_1063,6,0.85,0.7155374953981917
rxn_6_1064,6,0.6,0.7938056783530915
rxn_6_1065,6,0.7431,0.7143257404783846
rxn_6_1066,6,0.59,0.6283256347822023
rxn_6_1067,6,0.96,0.8110390513836122
rxn_6_1068,6,0.87,0.7978044250942098
rxn_6_1069,6,0.99,0.8764542573852424
rxn_6_1070,6,0.96,0.8391961547150223
rxn_6_1071,6,0.79,0.8168693850980785
rxn_6_1072,6,0.85,0.7309412272452166
rxn_6_1073,6,0.89,0.7368444869177481
rxn_6_1074,6,0.93,0.8914536713529174
rxn_6_1075,6,0.68,0.6674417305711273
rxn_6_1076,6,0.83,0.8352806059496025
rxn_6_1077,6,0.85,0.795573995751062
rxn_6_1078,6,0.96,0.8485698172045076
rxn_6_1079,6,0.72,0.8047046165544834
rxn_6_1080,6,0.97,0.7814307769631751
rxn_6_1081,6,0.65,0.5496436776311594
rxn_6_1082,6,0.99,0.8614745117262822
rxn_6_1083,6,0.74,0.6452358792203343
rxn_6_1084,6,0.48,0.4883015876126163
rxn_6_1085,6,0.87,0.8231691310960773
rxn_6_1086,6,0.8,0.7484093406953573
rxn_6_1087,6,0.75,0.7452600241795452
rxn_6_1088,6,0.66,0.6420695719134144
rxn_6_1089,6,0.85,0.8456324704411188
rxn_6_1090,6,0.75,0.6880066265849543
rxn_6_1091,6,0.7,0.6752237167067107
rxn_6_1092,6,0.61,0.72643465961402
rxn_6_1093,6,0.53,0.6787534476241758
rxn_6_1094,6,0.12,0.6647847421240879
rxn_6_1095,6,0.51,0.7533024288361436
rxn_6_1096,6,0.95,0.8222981283163776
rxn_6_1097,6,0.72,0.7900938563776135
rxn_6_1098,6,0.162,0.47307939998442067
rxn_6_1099,6,0.94,0.8031161857639347
rxn_6_1100,6,0.89,0.7281133076763208
rxn_6_1101,6,0.99,0.6897165858253972
rxn_6_1102,6,0.73,0.8272581193414793
rxn_6_1103,6,0.94,0.44232160710217033
rxn_6_1104,6,0.52,0.6506992053951032
rxn_6_1105,6,0.83,0.7807883944906896
rxn_6_1106,6,0.58,0.6395489582362034
rxn_6_1107,6,0.84,0.776832738666274
rxn_6_1108,6,0.74,0.8378872398631616
rxn_6_1109,6,0.645,0.7366759239857322
rxn_6_1110,6,1.0,0.8964377502589512
rxn_6_1111,6,0.17,0.24959750403306383
rxn_6_1112,6,0.92,0.8359742421468326
rxn_6_1113,6,0.86,0.7450982264840511
rxn_6_1114,6,0.622,0.6552273835590481
rxn_6_1115,6,0.72,0.8494926853546936
rxn_6_1116,6,0.7,0.764218311388766
rxn_6_1117,6,0.73,0.7784840980509392
rxn_6_1118,6,0.8,0.7426261084690058
rxn_6_1119,6,0.61,0.5397560175042012
rxn_6_1120,6,0.32,0.6267719439893188
rxn_6_1121,6,0.95,0.8689013910135516
rxn_6_1122,6,0.35,0.7929607421674127
rxn_6_1123,6,0.41,0.6625767169288835
rxn_6_1124,6,0.64,0.7441364449882629
rxn_6_1125,6,0.88,0.803779384358517
rxn_6_1126,6,0.72,0.7165540967294394
rxn_6_1127,6,0.78,0.741774158397018
rxn_6_1128,6,0.47,0.7530980261983525
rxn_6_1129,6,0.84,0.6261423110180075
rxn_6_1130,6,0.81,0.837205493792362
rxn_6_1131,6,0.99,0.7689321656896023
rxn_6_1132,6,0.3,0.47816057843447757
rxn_6_1133,6,0.95,0.8446984051186344
rxn_6_1134,6,0.5,0.4588004442060752
rxn_7_0,7,0.93,0.884621902968899
rxn_7_1,7,0.72,0.8262095326178088
rxn_7_2,7,0.6,0.661021935300029
rxn_7_3,7,0.8,0.7163599370446779
rxn_7_4,7,0.9,0.8917930354813018
rxn_7_5,7,0.75,0.756769856026955
rxn_7_6,7,0.76,0.7399480481412287
rxn_7_7,7,0.62,0.7504244889996471
rxn_7_8,7,0.54,0.7394354872474892
rxn_7_9,7,0.94,0.7698279550600361
rxn_7_10,7,0.74,0.7871800936466377
rxn_7_11,7,0.76,0.7799440841699167
rxn_7_12,7,0.88,0.9179363609413925
rxn_7_13,7,0.82,0.8297433981132416
rxn_7_14,7,0.84,0.8041656110281429
rxn_7_15,7,0.84,0.736645559878118
rxn_7_16,7,0.95,0.940929729058103
rxn_7_17,7,0.74,0.7568986729771107
rxn_7_18,7,0.94,0.908540661417829
rxn_7_19,7,0.84,0.8408505987456075
rxn_7_20,7,0.85,0.803200374007691
rxn_7_21,7,0.75,0.729192507464708
rxn_7_22,7,0.53,0.6609299770816631
rxn_7_23,7,0.78,0.5980772043588041
rxn_7_24,7,0.89,0.8312149758253294
rxn_7_25,7,0.81,0.7739723278320995
rxn_7_26,7,0.71,0.6593907157305552
rxn_7_27,7,0.72,0.7948106739538314
rxn_7_28,7,0.93,0.7735064435002252
rxn_7_29,7,0.8,0.6906833088967441
rxn_7_30,7,0.99,0.9275923491714347
rxn_7_31,7,0.44,0.5854218171339076
rxn_7_32,7,0.74,0.8833008170068354
rxn_7_33,7,0.64,0.6425568373136787
rxn_7_34,7,0.75,0.72493130962431
rxn_7_35,7,0.95,0.8349616078013075
rxn_7_36,7,0.8,0.799764265282457
rxn_7_37,7,0.5,0.7060924403855425
rxn_7_38,7,0.51,0.6650999662838856
rxn_7_39,7,0.74,0.7963068215469651
rxn_7_40,7,0.82,0.8940963065912119
rxn_7_41,7,0.85,0.6486991583469689
rxn_7_42,7,0.62,0.7529854717418072
rxn_7_43,7,0.88,0.8417212906201342
rxn_7_44,7,0.93,0.9515830580068072
rxn_7_45,7,0.25,0.36586496209585095
rxn_7_46,7,0.9,0.8016806536363279
rxn_7_47,7,0.9,0.7617184988157949
rxn_7_48,7,0.53,0.7124646782926919
rxn_7_49,7,0.35,0.7737319916704503
rxn_7_50,7,0.87,0.7852286004031321
rxn_7_51,7,0.65,0.6349993785921096
rxn_7_52,7,0.92,0.8592731825763819
rxn_7_53,7,0.79,0.6513195655324412
rxn_7_54,7,0.87,0.8874702605909054
rxn_7_55,7,0.9,0.8724666256935901
rxn_7_56,7,0.376,0.33744881386988057
rxn_7_57,7,0.76,0.7712963306389703
rxn_7_58,7,0.77,0.8727135286448146
rxn_7_59,7,0.94,0.8655248766466676
rxn_7_60,7,0.6,0.7796856797100796
rxn_7_61,7,0.91,0.6872733525779443
rxn_7_62,7,0.93,0.834046213590883
rxn_7_63,7,0.58,0.5803052345385082
rxn_7_64,7,0.808,0.7017621949049437
rxn_7_65,7,0.69,0.7904129362469483
rxn_7_66,7,0.85,0.7895214622290295
rxn_7_67,7,0.5,0.5904895283093515
rxn_7_68,7,0.95,0.7418611999705442
rxn_7_69,7,0.97,0.8987624884462059
rxn_7_70,7,0.53,0.5906305565321253
rxn_7_71,7,0.7,0.6933088037796894
rxn_7_72,7,0.9,0.8088178945112946
rxn_7_73,7,0.55,0.5316767427392599
rxn_7_74,7,0.32,0.31300457093710127
rxn_7_75,7,0.8,0.8256233205693286
rxn_7_76,7,0.6,0.5585514608084233
rxn_7_77,7,0.8,0.8520242311271974
rxn_7_78,7,0.9,0.8121545288474316
rxn_7_79,7,0.74,0.7960720524013953
rxn_7_80,7,0.65,0.7565543207916609
rxn_7_81,7,0.6,0.6462825530613516
rxn_7_82,7,0.6,0.7635741963321983
rxn_7_83,7,0.91,0.7424441748181252
rxn_7_84,7,0.94,0.8260276503952274
rxn_7_85,7,0.81,0.6013099378051283
rxn_7_86,7,0.95,0.832703570766439
rxn_7_87,7,0.92,0.9049894932124896
rxn_7_88,7,0.79,0.678951333408499
rxn_7_89,7,0.99,0.8827674677544399
rxn_7_90,7,0.95,0.9305799850107874
rxn_7_91,7,0.91,0.9061696928886119
rxn_7_92,7,0.8,0.7402837680165714
rxn_7_93,7,0.7,0.7690615870076485
rxn_7_94,7,0.9,0.7571687650390589
rxn_7_95,7,0.41,0.5551339119151864
rxn_7_96,7,0.85,0.8850657039695649
rxn_7_97,7,0.68,0.5911987162320873
rxn_7_98,7,0.95,0.8296781297958417
rxn_7_99,7,0.82,0.8886713821463702
rxn_7_100,7,0.84,0.8816846759398648
rxn_7_101,7,0.84,0.8564732714828645
rxn_7_102,7,0.99,0.8119996399997271
rxn_7_103,7,0.89,0.8478032536662647
rxn_7_104,7,0.79,0.7542470504097301
rxn_7_105,7,0.83,0.7753030948884669
rxn_7_106,7,0.99,0.8989941618787718
rxn_7_107,7,0.71,0.6311293334712225
rxn_7_108,7,0.6,0.880677067263921
rxn_7_109,7,0.82,0.8156427096443662
rxn_7_110,7,0.98,0.8772934566159853
rxn_7_111,7,0.57,0.6139115096956669
rxn_7_112,7,0.8,0.8007504567695718
rxn_7_113,7,0.9,0.8161332976910205
rxn_7_114,7,0.76,0.7892143638280542
rxn_7_115,7,0.346,0.49109684534321
rxn_7_116,7,0.85,0.8926897532431163
rxn_7_117,7,0.92,0.8986431381285822
rxn_7_118,7,0.83,0.667059849359641
rxn_7_119,7,0.89,0.855346613297035
rxn_7_120,7,0.96,0.9053567026317211
rxn_7_121,7,0.82,0.8711937823187288
rxn_7_122,7,0.9,0.8917868323755785
rxn_7_123,7,0.78,0.8191433634599319
rxn_7_124,7,0.99,0.772187736774464
rxn_7_125,7,0.81,0.8764673253275433
rxn_7_126,7,0.58,0.5523123329037025
rxn_7_127,7,0.76,0.7641821073119521
rxn_7_128,7,0.97,0.9205006538270718
rxn_7_129,7,0.461,0.6888784404755706
rxn_7_130,7,0.76,0.7798576287628146
rxn_7_131,7,0.96,0.8791288765532478
rxn_7_132,7,0.74,0.6908006221915509
rxn_7_133,7,0.58,0.7279887280189041
rxn_7_134,7,0.95,0.8806773934685902
rxn_7_135,7,0.93,0.8485998485794845
rxn_7_136,7,0.66,0.894790146249752
rxn_7_137,7,0.63,0.9412458267405964
rxn_7_138,7,0.7,0.7615810998118183
rxn_7_139,7,0.85,0.7818272991975217
rxn_7_140,7,0.97,0.9564984870552348
rxn_7_141,7,0.87,0.8225712101686984
rxn_7_142,7,0.88,0.7251678979357766
rxn_7_143,7,0.77,0.8515041442353911
rxn_7_144,7,0.48,0.4184299729584911
rxn_7_145,7,0.95,0.7213815737841776
rxn_7_146,7,0.81,0.8629362735573051
rxn_7_147,7,0.96,0.8059649179768611
rxn_7_148,7,0.8,0.826996013350945
rxn_7_149,7,0.67,0.7262216241803382
rxn_7_150,7,0.92,0.8363515668477808
rxn_7_151,7,0.88,0.8990087381097124
rxn_7_152,7,0.98,0.7112948348967154
rxn_7_153,7,0.95,0.8889106250784828
rxn_7_154,7,0.72,0.6621515125898126
rxn_7_155,7,0.91,0.7750492789697406
rxn_7_156,7,0.84,0.8645028308960488
rxn_7_157,7,0.88,0.8885189037354452
rxn_7_158,7,0.93,0.9108216232255057
rxn_7_159,7,0.76,0.7769957500346036
rxn_7_160,7,0.85,0.8122877557775964
rxn_7_161,7,0.84,0.8147381013296867
rxn_7_162,7,0.86,0.8592414852394988
rxn_7_163,7,0.78,0.809935354956726
rxn_7_164,7,0.94,0.7948066787580527
rxn_7_165,7,0.91,0.7659807130355926
rxn_7_166,7,0.63,0.7687163680864545
rxn_7_167,7,0.99,0.9237423402574515
rxn_7_168,7,0.89,0.7919020287976548
rxn_7_169,7,0.98,0.9481216448281654
rxn_7_170,7,0.25,0.35760658752423485
rxn_7_171,7,0.78,0.7017633308517475
rxn_7_172,7,0.95,0.8757359402029844
rxn_7_173,7,0.74,0.7336998787403214
rxn_7_174,7,0.6,0.6360168132972631
rxn_7_175,7,0.67,0.6447761163162516
rxn_7_176,7,0.9,0.8361371693825803
rxn_7_177,7,0.81,0.7229467926559549
rxn_7_178,7,0.97,0.8288003744654193
rxn_7_179,7,0.83,0.8120038412792105
rxn_7_180,7,0.32,0.6177961843491239
rxn_7_181,7,0.9,0.9015735806763825
rxn_7_182,7,0.85,0.8062447817771085
rxn_7_183,7,0.77,0.7731393758393154
rxn_7_184,7,0.88,0.789427157918531
rxn_7_185,7,0.77,0.7578991873554509
rxn_7_186,7,0.64,0.7593876775801318
rxn_7_187,7,0.76,0.6774695908590443
rxn_7_188,7,0.89,0.7478123989817901
rxn_7_189,7,0.38,0.6739536918795195
rxn_7_190,7,0.25,0.6739207663721959
rxn_7_191,7,0.95,0.9404897128625702
rxn_7_192,7,0.88,0.8533368244013264
rxn_7_193,7,0.88,0.7501918696274764
rxn_7_194,7,0.8,0.7778145491536971
rxn_7_195,7,0.99,0.8706323266544947
rxn_7_196,7,0.85,0.7567479817814635
rxn_7_197,7,0.88,0.8388745453932662
rxn_7_198,7,0.9,0.8889151551290246
rxn_7_199,7,0.78,0.7919785013552856
rxn_7_200,7,0.86,0.7940848780744755
rxn_7_201,7,0.88,0.9289096023659816
rxn_7_202,7,0.76,0.7514119508527385
rxn_7_203,7,0.79,0.716253295153682
rxn_7_204,7,0.96,0.8764490042518642
rxn_7_205,7,0.1,0.33266646572908026
rxn_7_206,7,0.82,0.8447601849977535
rxn_7_207,7,0.9,0.8588265245042548
rxn_7_208,7,0.98,0.9510481540853312
rxn_7_209,7,0.98,0.9337976363490176
rxn_7_210,7,0.64,0.6759531396866939
rxn_7_211,7,0.86,0.5053302194939028
rxn_7_212,7,0.63,0.6328211264601785
rxn_7_213,7,0.85,0.8525962847890572
rxn_7_214,7,0.97,0.7870494510076581
rxn_7_215,7,0.84,0.7997940566417544
rxn_7_216,7,0.9,0.8224343444983937
rxn_7_217,7,0.87,0.8800403011206831
rxn_7_218,7,0.96,0.8157344233064855
rxn_7_219,7,0.65,0.7175433255080099
rxn_7_220,7,0.68,0.608206686034776
rxn_7_221,7,0.49,0.8119549274917893
rxn_7_222,7,0.94,0.8778851367532375
rxn_7_223,7,0.83,0.8699864220702421
rxn_7_224,7,0.46,0.6630568381192147
rxn_7_225,7,0.78,0.863384946946265
rxn_7_226,7,0.9,0.8692134862942383
rxn_7_227,7,0.99,0.9315100720600946
rxn_7_228,7,0.95,0.8344644497536272
rxn_7_229,7,0.9,0.9370451284454594
rxn_7_230,7,0.97,0.8375832864066473
rxn_7_231,7,0.45,0.7919087136492763
rxn_7_232,7,0.6,0.7820810251610779
rxn_7_233,7,0.9,0.7763123075265849
rxn_7_234,7,0.82,0.6310608400358432
rxn_7_235,7,0.96,0.7218961024409776
rxn_7_236,7,0.99,0.7255610770211702
rxn_7_237,7,0.88,0.7864097354351512
rxn_7_238,7,0.92,0.9010671321965656
rxn_7_239,7,0.8,0.7854927490794475
rxn_7_240,7,0.78,0.7964158740581807
rxn_7_241,7,0.75,0.7126186862176436
rxn_7_242,7,0.6,0.7363203192876077
rxn_7_243,7,0.87,0.869101341340067
rxn_7_244,7,0.9,0.9488037695046275
rxn_7_245,7,0.9,0.8463251670073433
rxn_7_246,7,0.9,0.9091725697922163
rxn_7_247,7,0.63,0.8358578703820836
rxn_7_248,7,0.78,0.8251892542647666
rxn_7_249,7,0.96,0.811247493817859
rxn_7_250,7,0.95,0.7438985860552186
rxn_7_251,7,0.96,0.8552719478409679
rxn_7_252,7,0.8,0.7909254929981911
rxn_7_253,7,0.96,0.9654491801760118
rxn_7_254,7,0.85,0.7285891848071063
rxn_7_255,7,0.82,0.8933583763399614
rxn_7_256,7,0.9,0.7189729083537074
rxn_7_257,7,0.75,0.7808125673388164
rxn_7_258,7,0.82,0.8765701522071131
rxn_7_259,7,0.8,0.8156127836980859
rxn_7_260,7,0.14,0.6708514846454078
rxn_7_261,7,0.87,0.5658717381948112
rxn_7_262,7,0.8,0.860282178919814
rxn_7_263,7,0.81,0.7765309496786322
rxn_7_264,7,0.46,0.7837425869518923
rxn_7_265,7,0.84,0.7439451852284318
rxn_7_266,7,0.68,0.6840264104918882
rxn_7_267,7,0.65,0.7091008651863562
rxn_7_268,7,0.96,0.8640551126858015
rxn_7_269,7,0.98,0.9272980359825009
rxn_7_270,7,0.73,0.838109915540097
rxn_7_271,7,0.89,0.8833309134039876
rxn_7_272,7,0.62,0.6306615222416608
rxn_7_273,7,0.7,0.8931956147817326
rxn_7_274,7,0.86,0.8408330121682198
rxn_7_275,7,0.7,0.761232196527344
rxn_7_276,7,0.9,0.8399608325390503
rxn_7_277,7,0.86,0.7776197646427768
rxn_7_278,7,0.74,0.7439841254910816
rxn_7_279,7,0.93,0.939575412694477
rxn_7_280,7,0.7,0.7451761672690593
rxn_7_281,7,0.82,0.7940453667622456
rxn_7_282,7,0.86,0.8457520802089729
rxn_7_283,7,0.93,0.894340673086755
rxn_7_284,7,0.91,0.8879294362453164
rxn_7_285,7,0.96,0.8113307243815964
rxn_7_286,7,0.85,0.8642618623556851
rxn_7_287,7,0.59,0.6477398238165176
rxn_7_288,7,0.85,0.7688292728954312
rxn_7_289,7,0.7,0.5974606031905005
rxn_7_290,7,0.58,0.5710705044889915
rxn_7_291,7,0.79,0.5830413225825822
rxn_7_292,7,0.82,0.7641392839296351
rxn_7_293,7,0.97,0.7580389276445506
rxn_7_294,7,0.82,0.8081603787788717
rxn_7_295,7,0.98,0.8771513393267045
rxn_7_296,7,0.79,0.7713570605083809
rxn_7_297,7,0.91,0.7210755451583054
rxn_7_298,7,0.78,0.7949962636553312
rxn_7_299,7,0.81,0.6465751643171842
rxn_7_300,7,0.93,0.9143837505332213
rxn_7_301,7,0.4,0.6566040365772018
rxn_7_302,7,0.87,0.8602406390808935
rxn_7_303,7,0.84,0.8276715187223981
rxn_7_304,7,0.59,0.7523314767912636
rxn_7_305,7,0.97,0.9402088534193256
rxn_7_306,7,0.53,0.6777971377494515
rxn_7_307,7,0.86,0.8468988521436778
rxn_7_308,7,0.89,0.9024944173143705
rxn_7_309,7,0.95,0.7521859658035774
rxn_7_310,7,0.86,0.8881594437177732
rxn_7_311,7,0.75,0.7702337300322893
rxn_7_312,7,0.9,0.8678967433897754
rxn_7_313,7,0.75,0.7334574788750544
rxn_7_314,7,0.87,0.7436645836036457
rxn_7_315,7,0.93,0.8691666761698037
rxn_7_316,7,0.87,0.901127115478618
rxn_7_317,7,0.68,0.7739732394645508
rxn_7_318,7,0.98,0.8871781430493306
rxn_7_319,7,0.91,0.8746487846883216
rxn_7_320,7,0.92,0.7802818663718615
rxn_7_321,7,1.0,0.7790707745203949
rxn_7_322,7,0.59,0.7938040046406852
rxn_7_323,7,0.9,0.7748411087654757
rxn_7_324,7,0.71,0.8489306182992574
rxn_7_325,7,0.79,0.6739685797721763
rxn_7_326,7,0.93,0.8770197361464026
rxn_7_327,7,0.41,0.5565562863548084
rxn_7_328,7,0.98,0.9468946170065408
rxn_7_329,7,0.85,0.8737043016586474
rxn_7_330,7,0.6,0.6614565860254503
rxn_7_331,7,0.9,0.6242102640674841
rxn_7_332,7,0.97,0.8473106108871336
rxn_7_333,7,0.87,0.6644586484515907
rxn_7_334,7,0.51,0.6360500966228527
rxn_7_335,7,0.94,0.8746356660044267
rxn_7_336,7,0.4,0.4845612953793667
rxn_7_337,7,0.9,0.8095458156697649
rxn_7_338,7,0.86,0.9061058972415569
rxn_7_339,7,0.91,0.8079697203637423
rxn_7_340,7,0.67,0.8141073868809503
rxn_7_341,7,0.87,0.8494417405427882
rxn_7_342,7,0.99,0.9161949571721113
rxn_7_343,7,0.88,0.8614489472458123
rxn_7_344,7,0.94,0.8428517747570369
rxn_7_345,7,0.65,0.696758365469112
rxn_7_346,7,0.488,0.7991249726979651
rxn_7_347,7,0.81,0.7209165965933347
rxn_7_348,7,0.66,0.6582433805206643
rxn_7_349,7,1.0,0.7673602063447301
rxn_7_350,7,0.92,0.9197276663332584
rxn_7_351,7,0.98,0.9236924383194766
rxn_7_352,7,0.99,0.8483787689800893
rxn_7_353,7,0.51,0.7994892090572341
rxn_7_354,7,0.13,0.728585907838761
rxn_7_355,7,0.72,0.6279203544298707
rxn_7_356,7,0.72,0.48927766289412405
rxn_7_357,7,0.31,0.6503390307795849
rxn_7_358,7,0.95,0.902568226774906
rxn_7_359,7,0.65,0.657361152958774
rxn_7_360,7,0.65,0.8259306789294772
rxn_7_361,7,0.9,0.7637406892474315
rxn_7_362,7,0.34,0.33139522126616305
rxn_7_363,7,0.76,0.806642184769025
rxn_7_364,7,0.488,0.7937466706651833
rxn_7_365,7,0.95,0.807369628898484
rxn_7_366,7,0.51,0.6307569646213574
rxn_7_367,7,1.0,0.8924198126554227
rxn_7_368,7,0.55,0.6605029034932572
rxn_7_369,7,0.98,0.8855965569677045
rxn_7_370,7,0.6,0.7002767013230272
rxn_7_371,7,0.99,0.9022335299951401
rxn_7_372,7,0.74,0.7713267566226406
rxn_7_373,7,0.89,0.8353387043536863
rxn_7_374,7,0.96,0.9503982705739796
rxn_7_375,7,0.7,0.7220816767686667
rxn_7_376,7,0.07,0.5400929742918361
rxn_7_377,7,0.72,0.7249019783340809
rxn_7_378,7,0.64,0.6587974385401482
rxn_7_379,7,0.74,0.8334614512999418
rxn_7_380,7,0.13,0.26225536098922037
rxn_7_381,7,0.93,0.8085545403764414
rxn_7_382,7,0.96,0.924500194196204
rxn_7_383,7,0.62,0.7260693188133516
rxn_7_384,7,0.82,0.7774347198911672
rxn_7_385,7,0.19,0.6054234201429712
rxn_7_386,7,0.94,0.9097732062634708
rxn_7_387,7,0.81,0.606339305144727
rxn_7_388,7,0.98,0.9161092523134267
rxn_7_389,7,0.83,0.838129215545957
rxn_7_390,7,0.54,0.6741675435215339
rxn_7_391,7,0.9,0.8800888707142236
rxn_7_392,7,0.91,0.8753451915041399
rxn_7_393,7,0.87,0.8188648512086149
rxn_7_394,7,0.97,0.9174641444555228
rxn_7_395,7,0.91,0.7907304129103605
rxn_7_396,7,0.63,0.5807350264884458
rxn_7_397,7,0.83,0.7833621117858548
rxn_7_398,7,0.93,0.8024615065258381
rxn_7_399,7,0.79,0.7387488120781626
rxn_7_400,7,0.84,0.8914400957040826
rxn_7_401,7,0.77,0.8048225900279746
rxn_7_402,7,0.75,0.735909452444389
rxn_7_403,7,0.71,0.9085788203062312
rxn_7_404,7,0.79,0.7604034099152251
rxn_7_405,7,0.84,0.8331338079584686
rxn_7_406,7,0.86,0.8023987421311959
rxn_7_407,7,0.97,0.8898538682255414
rxn_7_408,7,0.75,0.6882160827799124
rxn_7_409,7,0.99,0.8652635324692408
rxn_7_410,7,0.9,0.8628425885729173
rxn_7_411,7,0.66,0.7420124674199234
rxn_7_412,7,0.78,0.7099213915697137
rxn_7_413,7,0.68,0.5748950522292148
rxn_7_414,7,0.64,0.7339256847752553
rxn_7_415,7,0.85,0.8860031921166313
rxn_7_416,7,0.75,0.7588540796754071
rxn_7_417,7,0.92,0.8511515672037001
rxn_7_418,7,0.69,0.7524991282416537
rxn_7_419,7,0.71,0.7373466738776845
rxn_7_420,7,0.5,0.7034760062344692
rxn_7_421,7,0.92,0.7868897542279093
rxn_7_422,7,1.0,0.8462222047024776
rxn_7_423,7,0.97,0.8704186160586671
rxn_7_424,7,0.89,0.8804578397134836
rxn_7_425,7,0.69,0.7206085940777084
rxn_7_426,7,0.77,0.6836347850696467
rxn_7_427,7,0.89,0.9482191552129068
rxn_7_428,7,0.8,0.7909126826467386
rxn_7_429,7,1.0,0.946725395907504
rxn_7_430,7,0.92,0.8695193317441046
rxn_7_431,7,0.74,0.8012411861404182
rxn_7_432,7,0.89,0.8485298139818145
rxn_7_433,7,0.88,0.7855009413232397
rxn_7_434,7,0.93,0.8774379951398167
rxn_7_435,7,0.95,0.8914460651104483
rxn_7_436,7,0.6,0.7997883704949807
rxn_7_437,7,0.82,0.7112218874003116
rxn_7_438,7,0.64,0.6465959587784046
rxn_7_439,7,0.98,0.7946044358216335
rxn_7_440,7,0.84,0.9038164587643361
rxn_7_441,7,0.43,0.5196081718866505
rxn_7_442,7,0.75,0.8273321766304725
rxn_7_443,7,0.46,0.5941657065437256
rxn_7_444,7,0.83,0.841085555347564
rxn_7_445,7,0.45,0.6428930307742872
rxn_7_446,7,0.87,0.899293809368281
rxn_7_447,7,0.78,0.7107323114577099
rxn_7_448,7,0.88,0.7821585998247408
rxn_7_449,7,0.87,0.6081235108105193
rxn_7_450,7,0.73,0.6962959587029139
rxn_7_451,7,0.84,0.8145336858285667
rxn_7_452,7,0.468,0.4745993190045989
rxn_7_453,7,0.65,0.6798137552546161
rxn_7_454,7,0.42,0.6053295306777959
rxn_7_455,7,0.5,0.6055352169930902
rxn_7_456,7,0.65,0.7231179238748552
rxn_7_457,7,0.85,0.783459991742729
rxn_7_458,7,0.8,0.8532664824003072
rxn_7_459,7,0.84,0.8822576002826613
rxn_7_460,7,0.98,0.9392982379969096
rxn_7_461,7,0.9,0.9240379316502064
rxn_7_462,7,0.66,0.7358857808823537
rxn_7_463,7,0.92,0.791808189038575
rxn_7_464,7,0.93,0.932814084205483
rxn_7_465,7,0.61,0.736301756441995
rxn_7_466,7,0.96,0.8674960846582462
rxn_7_467,7,0.9,0.8292844867265666
rxn_7_468,7,0.86,0.8596320807862847
rxn_7_469,7,0.62,0.7693450554457186
rxn_7_470,7,0.81,0.830968471339995
rxn_7_471,7,0.54,0.6858408399612014
rxn_7_472,7,0.87,0.7558328676015128
rxn_7_473,7,0.95,0.8958721906656214
rxn_7_474,7,0.65,0.7066030116522105
rxn_7_475,7,0.64,0.5747886218939817
rxn_7_476,7,0.61,0.5566278705069894
rxn_7_477,7,0.88,0.7467903028353723
rxn_7_478,7,0.66,0.6998945189903113
rxn_7_479,7,0.55,0.6814702524801358
rxn_7_480,7,0.85,0.6782632738899842
rxn_7_481,7,0.98,0.8992690234034804
rxn_7_482,7,0.88,0.7970092841975424
rxn_7_483,7,0.45,0.5287240825447931
rxn_7_484,7,0.6,0.8157719166801328
rxn_7_485,7,0.93,0.9204655446031795
rxn_7_486,7,0.9,0.9013497570000246
rxn_7_487,7,0.89,0.7546746502380532
rxn_7_488,7,0.89,0.8975251990203607
rxn_7_489,7,0.96,0.9089190811472972
rxn_7_490,7,0.88,0.7946667022357067
rxn_7_491,7,0.85,0.8619974105707797
rxn_7_492,7,0.84,0.650953015815971
rxn_7_493,7,0.84,0.817811760841685
rxn_7_494,7,0.98,0.8642767283754695
rxn_7_495,7,0.99,0.9872988505000576
rxn_7_496,7,0.74,0.49321257537489877
rxn_7_497,7,0.9,0.9316990320466423
rxn_7_498,7,0.3,0.837519582595819
rxn_7_499,7,0.99,0.908305773975696
rxn_7_500,7,0.77,0.8300152132945566
rxn_7_501,7,0.92,0.8886781197184513
rxn_7_502,7,0.99,0.790366899055282
rxn_7_503,7,0.86,0.8157171015404089
rxn_7_504,7,0.72,0.7872308183361243
rxn_7_505,7,0.78,0.8318512775167072
rxn_7_506,7,0.77,0.7757396258419261
rxn_7_507,7,0.46,0.6264613035425346
rxn_7_508,7,1.0,0.7375847408166312
rxn_7_509,7,0.62,0.7012441438990694
rxn_7_510,7,0.59,0.8452677836290513
rxn_7_511,7,0.94,0.9144792914337939
rxn_7_512,7,0.22,0.7287812517991004
rxn_7_513,7,0.98,0.9105837211983436
rxn_7_514,7,0.61,0.6733453472729142
rxn_7_515,7,0.95,0.655259460471082
rxn_7_516,7,0.82,0.9013500331577234
rxn_7_517,7,0.95,0.9007187338067489
rxn_7_518,7,0.97,0.8921409254905871
rxn_7_519,7,0.7,0.8906338320262511
rxn_7_520,7,0.93,0.854060936700848
rxn_7_521,7,0.75,0.7510284168388468
rxn_7_522,7,0.8,0.7618101359305851
rxn_7_523,7,0.64,0.5643399879840133
rxn_7_524,7,0.96,0.8399158668343273
rxn_7_525,7,0.96,0.8908955017859673
rxn_7_526,7,0.88,0.766406153249989
rxn_7_527,7,0.68,0.7039382282918903
rxn_7_528,7,0.8,0.6887236772671742
rxn_7_529,7,0.92,0.9005853285072888
rxn_7_530,7,0.9,0.9128635253805987
rxn_7_531,7,0.78,0.77259851074019
rxn_7_532,7,0.92,0.7437873178023379
rxn_7_533,7,0.99,0.853255011891873
rxn_7_534,7,0.99,0.8437473792740539
rxn_7_535,7,0.98,0.8634011942726113
rxn_7_536,7,0.95,0.9091478815555751
rxn_7_537,7,0.75,0.7580648588177162
rxn_7_538,7,0.89,0.8887742731183502
rxn_7_539,7,0.92,0.8502406274857326
rxn_7_540,7,0.96,0.915168993643448
rxn_7_541,7,0.77,0.7413258326088886
rxn_7_542,7,0.92,0.7833538110890235
rxn_7_543,7,0.84,0.9019071612600499
rxn_7_544,7,0.98,0.8918071333611902
rxn_7_545,7,0.05,0.434867889929525
rxn_7_546,7,0.75,0.7442661720263085
rxn_7_547,7,0.6,0.7366058519081439
rxn_7_548,7,0.91,0.825624081402126
rxn_7_549,7,0.7,0.8515894589499919
rxn_7_550,7,0.91,0.8597822340016569
rxn_7_551,7,0.89,0.6935620655054556
rxn_7_552,7,0.53,0.5541975873531624
rxn_7_553,7,0.93,0.7485542840150569
rxn_7_554,7,0.88,0.83677273536169
rxn_7_555,7,0.85,0.8660209811009413
rxn_7_556,7,0.84,0.7088511723622551
rxn_7_557,7,0.35,0.6560251996575333
rxn_7_558,7,0.98,0.8710061740017222
rxn_7_559,7,0.89,0.770201094275691
rxn_7_560,7,0.85,0.8256768340151384
rxn_7_561,7,0.86,0.7452408427646375
rxn_7_562,7,0.97,0.7969267694878055
rxn_7_563,7,0.96,0.8412864439967568
rxn_7_564,7,0.9,0.880519480879418
rxn_7_565,7,0.67,0.755260736303471
rxn_7_566,7,0.97,0.8446033238709229
rxn_7_567,7,0.75,0.7470718365432504
rxn_7_568,7,0.99,0.9355722270743537
rxn_7_569,7,0.98,0.8969353321247145
rxn_7_570,7,0.85,0.81944598437663
rxn_7_571,7,0.92,0.7270537143839649
rxn_7_572,7,0.78,0.7405870814753438
rxn_7_573,7,0.74,0.7714667065548356
rxn_7_574,7,0.28,0.4789757620754422
rxn_7_575,7,0.9,0.9370380764743927
rxn_7_576,7,0.551,0.5068696117361365
rxn_7_577,7,0.98,0.9064091874363163
rxn_7_578,7,1.0,0.8476417766097404
rxn_7_579,7,0.98,0.8323668101385713
rxn_7_580,7,0.9,0.897472147674052
rxn_7_581,7,0.89,0.8690359811139728
rxn_7_582,7,0.92,0.8328887438649932
rxn_7_583,7,0.88,0.7885275027651265
rxn_7_584,7,0.86,0.803161092373041
rxn_7_585,7,0.891,0.770284254891559
rxn_7_586,7,0.75,0.7082342964145911
rxn_7_587,7,0.8,0.7906424373241676
rxn_7_588,7,0.41,0.7916397377209057
rxn_7_589,7,0.96,0.8269806716207345
rxn_7_590,7,0.9,0.8717836179708577
rxn_7_591,7,0.94,0.9103522127471688
rxn_7_592,7,0.45,0.38096302690452033
rxn_7_593,7,0.73,0.7359994709294458
rxn_7_594,7,0.69,0.7357565561105582
rxn_7_595,7,0.43,0.6885203535406914
rxn_7_596,7,0.7,0.7178372024153824
rxn_7_597,7,0.83,0.9012457965832613
rxn_7_598,7,0.98,0.9123732406807532
rxn_7_599,7,0.7,0.7638657629754921
rxn_7_600,7,0.6,0.6202021090250543
rxn_7_601,7,0.89,0.8191019942719464
rxn_7_602,7,0.7,0.7277063263611095
rxn_7_603,7,0.61,0.6200428427746177
rxn_7_604,7,0.88,0.8463454255604367
rxn_7_605,7,0.85,0.8589590149065552
rxn_7_606,7,0.7,0.6862082518028646
rxn_7_607,7,0.92,0.8629780475889218
rxn_7_608,7,0.75,0.7228186781137279
rxn_7_609,7,0.41,0.6402610401273081
rxn_7_610,7,1.0,0.9433735440971076
rxn_7_611,7,0.385,0.3635038964750123
rxn_7_612,7,0.61,0.6685870348728399
rxn_7_613,7,0.9,0.7864970375671415
rxn_7_614,7,0.99,0.97541571570442
rxn_7_615,7,0.34,0.7055935084888983
rxn_7_616,7,0.8,0.7695815731586295
rxn_7_617,7,0.25,0.7303579383117192
rxn_7_618,7,0.72,0.801316842647204
rxn_7_619,7,0.9,0.8877486844152983
rxn_7_620,7,0.55,0.6615822779730135
rxn_7_621,7,0.85,0.9086197753283117
rxn_7_622,7,0.96,0.8409824126011142
rxn_7_623,7,0.22,0.6191401444594059
rxn_7_624,7,0.93,0.8209407643109321
rxn_7_625,7,0.74,0.7324221647008876
rxn_7_626,7,0.46,0.6222831838809705
rxn_7_627,7,0.75,0.7722797406260115
rxn_7_628,7,0.93,0.9192703567640642
rxn_7_629,7,0.85,0.8657348184420588
rxn_7_630,7,0.55,0.7369020439462292
rxn_7_631,7,0.81,0.7784244853794678
rxn_7_632,7,0.89,0.8363316816296518
rxn_7_633,7,0.72,0.7497289924024871
rxn_7_634,7,0.73,0.7637787178193065
rxn_7_635,7,0.99,0.9506846600356115
rxn_7_636,7,0.82,0.712756388275117
rxn_7_637,7,0.39,0.8050200959129112
rxn_7_638,7,0.6,0.6900252452800041
rxn_7_639,7,0.84,0.7378771457331862
rxn_7_640,7,0.98,0.9198999890060615
rxn_7_641,7,0.81,0.6846567944345706
rxn_7_642,7,0.9,0.7589387508866382
rxn_7_643,7,0.62,0.6467247985335957
rxn_7_644,7,0.9,0.84556717398701
rxn_7_645,7,0.81,0.8074048988402348
rxn_7_646,7,0.26,0.6921577194949667
rxn_7_647,7,0.39,0.6680972930800482
rxn_7_648,7,0.88,0.8631766986214057
rxn_7_649,7,0.66,0.757901567282867
rxn_7_650,7,1.0,0.8034566765467884
rxn_7_651,7,0.87,0.7992087301539641
rxn_7_652,7,0.77,0.8116474456710794
rxn_7_653,7,0.91,0.7365648942990531
rxn_7_654,7,0.67,0.6963114606082411
rxn_7_655,7,0.84,0.8282387310821008
rxn_7_656,7,0.75,0.7879761097772026
rxn_7_657,7,0.78,0.8426255133972695
rxn_7_658,7,0.89,0.8630487419557618
rxn_7_659,7,0.91,0.9186267781244006
rxn_7_660,7,0.91,0.8784393324400949
rxn_7_661,7,0.97,0.9369706443656884
rxn_7_662,7,0.62,0.7190772980652063
rxn_7_663,7,0.46,0.6606984374773681
rxn_7_664,7,0.84,0.6797582368918339
rxn_7_665,7,0.99,0.9221163419248706
rxn_7_666,7,0.9,0.7185189326742408
rxn_7_667,7,0.72,0.8352922682927334
rxn_7_668,7,0.9,0.8044388857896371
rxn_7_669,7,0.9,0.803726038800573
rxn_7_670,7,0.85,0.859126455630593
rxn_7_671,7,0.98,0.8513366274744391
rxn_7_672,7,0.82,0.829073433683757
rxn_7_673,7,0.88,0.8724066320231826
rxn_7_674,7,0.78,0.7503585897883068
rxn_7_675,7,0.91,0.8767996482196586
rxn_7_676,7,0.94,0.7882151695331258
rxn_7_677,7,0.92,0.8493705567271986
rxn_7_678,7,0.98,0.8823747236536725
rxn_7_679,7,0.58,0.7532354989057364
rxn_7_680,7,0.89,0.7170705799223427
rxn_7_681,7,0.391,0.4517055123081081
rxn_7_682,7,0.81,0.7653506967825286
rxn_7_683,7,0.98,0.9172781612585545
rxn_7_684,7,0.73,0.8728644010312022
rxn_7_685,7,0.8,0.7715090881972206
rxn_7_686,7,0.86,0.8046327947286169
rxn_7_687,7,0.9,0.8919519208362692
rxn_7_688,7,0.82,0.7215436024974321
rxn_7_689,7,0.99,0.8388227643232536
rxn_7_690,7,0.81,0.870403364931795
rxn_7_691,7,0.52,0.6295699157697338
rxn_7_692,7,0.85,0.8754139867671146
rxn_7_693,7,0.82,0.752145913900565
rxn_7_694,7,0.89,0.7946720443246497
rxn_7_695,7,0.65,0.6799616797818894
rxn_7_696,7,0.8,0.8571582894495888
rxn_7_697,7,0.97,0.8825816046906506
rxn_7_698,7,0.9,0.7900821203635547
rxn_7_699,7,0.45,0.8093771980973781
rxn_7_700,7,0.64,0.6677027999510314
rxn_7_701,7,0.87,0.892825921805383
rxn_7_702,7,1.0,0.8327758555345227
rxn_7_703,7,0.88,0.7681757875918098
rxn_7_704,7,0.59,0.8110856128247997
rxn_7_705,7,0.93,0.9262988825038893
rxn_7_706,7,0.72,0.713960799618615
rxn_7_707,7,0.8,0.6858485218599718
rxn_7_708,7,0.15,0.7555166545968824
rxn_7_709,7,0.49,0.5755810266772011
rxn_7_710,7,0.84,0.7473317257170518
rxn_7_711,7,0.93,0.9136018598752421
rxn_7_712,7,0.8,0.7626521106866679
rxn_7_713,7,0.98,0.9398291294056765
rxn_7_714,7,0.95,0.9453630249036649
rxn_7_715,7,0.95,0.9109863014375521
rxn_7_716,7,0.65,0.7574442123652392
rxn_7_717,7,0.99,0.9002494691523245
rxn_7_718,7,0.59,0.7264265292813592
rxn_7_719,7,0.85,0.6342994816399868
rxn_7_720,7,0.83,0.8139876127815661
rxn_7_721,7,0.3148,0.4254777562383994
rxn_7_722,7,0.79,0.7828177905161647
rxn_7_723,7,0.88,0.888903487254618
rxn_7_724,7,0.95,0.8963845901295128
rxn_7_725,7,0.97,0.9531359845749323
rxn_7_726,7,0.94,0.9325335901262676
rxn_7_727,7,0.37,0.6314555180179738
rxn_7_728,7,0.88,0.7670280686562089
rxn_7_729,7,0.84,0.8280092284565709
rxn_7_730,7,0.65,0.7534831589011365
rxn_7_731,7,0.96,0.8523525502936288
rxn_7_732,7,0.87,0.9164328567358307
rxn_7_733,7,0.98,0.8813014497035462
rxn_7_734,7,0.79,0.6835025310871862
rxn_7_735,7,0.65,0.8370283174291858
rxn_7_736,7,0.83,0.674269515693155
rxn_7_737,7,0.82,0.8131405207777819
rxn_7_738,7,0.83,0.8336993701169847
rxn_7_739,7,0.8,0.7759060488677013
rxn_7_740,7,1.0,0.846568161776533
rxn_7_741,7,0.55,0.7535941142940586
rxn_7_742,7,0.85,0.7889429770222112
rxn_7_743,7,0.47,0.5962703925217984
rxn_7_744,7,0.95,0.7055978784987295
rxn_7_745,7,0.92,0.7764358955420834
rxn_7_746,7,0.69,0.7817579112368381
rxn_7_747,7,0.88,0.7397029594967243
rxn_7_748,7,0.96,0.6835686696654625
rxn_7_749,7,0.81,0.7152690650513187
rxn_7_750,7,0.76,0.8187009172478436
rxn_7_751,7,0.93,0.8470501656032704
rxn_7_752,7,0.8,0.7557046999081862
rxn_7_753,7,0.57,0.6767196897051518
rxn_7_754,7,0.99,0.9494651192220509
rxn_8_0,8,0.89,0.7724046805931559
rxn_8_1,8,0.95,0.7885267329607663
rxn_8_2,8,0.75,0.7724521768360808
rxn_8_3,8,0.99,0.9093022956385828
rxn_8_4,8,0.96,0.8114900638195358
rxn_8_5,8,0.94,0.8253214524475744
rxn_8_6,8,0.73,0.7558136072138207
rxn_8_7,8,0.94,0.7482482011968932
rxn_8_8,8,0.36,0.5485897959426742
rxn_8_9,8,0.96,0.7728158593275172
rxn_8_10,8,0.9,0.9084406088768407
rxn_8_11,8,0.787,0.7277543321641908
rxn_8_12,8,0.86,0.8167628958411578
rxn_8_13,8,0.83,0.8131542309990173
rxn_8_14,8,0.97,0.835559023486767
rxn_8_15,8,0.87,0.7009936283221982
rxn_8_16,8,0.84,0.705124314360502
rxn_8_17,8,0.85,0.8602197921004189
rxn_8_18,8,0.88,0.5870991677025691
rxn_8_19,8,0.96,0.800586871791528
rxn_8_20,8,0.238,0.7325826931187933
rxn_8_21,8,0.06,0.7751556045974407
rxn_8_22,8,0.807,0.7740514837902183
rxn_8_23,8,0.31,0.4153697417137807
rxn_8_24,8,0.95,0.809454126284015
rxn_8_25,8,0.74,0.6973241630483079
rxn_8_26,8,1.0,0.8466328111959108
rxn_8_27,8,0.65,0.7275683132933084
rxn_8_28,8,0.85,0.8259774340327745
rxn_8_29,8,0.96,0.7909858575879607
rxn_8_30,8,0.9,0.7596510934562298
rxn_8_31,8,0.7,0.8892242672940859
rxn_8_32,8,0.72,0.7855204522562161
rxn_8_33,8,1.0,0.7279768337885771
rxn_8_34,8,1.0,0.5168311408568343
rxn_8_35,8,0.84,0.8785879810205165
rxn_8_36,8,0.65,0.7750155832831647
rxn_8_37,8,0.75,0.6600791120849703
rxn_8_38,8,1.0,0.8822098950495844
rxn_8_39,8,0.84,0.8260936174250602
rxn_8_40,8,0.923,0.9245563848957957
rxn_8_41,8,0.67,0.6958535429096225
rxn_8_42,8,0.79,0.7565823133185842
rxn_8_43,8,0.92,0.8733916828269696
rxn_8_44,8,1.0,0.8288313394536478
rxn_8_45,8,0.85,0.6691690952941237
rxn_8_46,8,0.17,0.40870533103742024
rxn_8_47,8,0.85,0.8145265466798151
rxn_8_48,8,0.9,0.781785303855043
rxn_8_49,8,0.78,0.48553680942544314
rxn_8_50,8,0.87,0.7873184266192593
rxn_8_51,8,0.89,0.7865341687967015
rxn_8_52,8,0.25,0.5534213715396029
rxn_8_53,8,0.86,0.7517813218212134
rxn_8_54,8,0.84,0.7777284613382399
rxn_8_55,8,0.84,0.824237653138316
rxn_8_56,8,0.93,0.5857115680812676
rxn_8_57,8,0.878,0.6978957201852459
rxn_8_58,8,0.84,0.9001459245925666
rxn_8_59,8,1.0,0.6984012816105434
rxn_8_60,8,0.43,0.5518362935348878
rxn_8_61,8,0.69,0.6660279399066296
rxn_8_62,8,0.69,0.8152198856429661
rxn_8_63,8,0.85,0.7366811935400891
rxn_8_64,8,0.69,0.6829667630859405
rxn_8_65,8,0.6,0.6153947760331256
rxn_8_66,8,0.53,0.5360802567475829
rxn_8_67,8,0.93,0.807676594422273
rxn_8_68,8,0.84,0.5934647856994
rxn_8_69,8,0.99,0.7321389674773604
rxn_8_70,8,0.887,0.7554697171071201
rxn_8_71,8,0.75,0.7252242031594548
rxn_8_72,8,0.66,0.5313198269050275
rxn_8_73,8,0.88,0.8423767915384595
rxn_8_74,8,0.78,0.7513060137150394
rxn_8_75,8,0.67,0.7035007830725392
rxn_8_76,8,0.25,0.6967612541750409
rxn_8_77,8,0.85,0.6465377664631634
rxn_8_78,8,0.43,0.747433172049149
rxn_8_79,8,0.56,0.7125535030200675
rxn_8_80,8,0.504,0.5874364006104547
rxn_8_81,8,0.75,0.8902503484132
rxn_8_82,8,0.91,0.8634935185170952
rxn_8_83,8,0.98,0.8727276422879574
rxn_8_84,8,0.91,0.7082853754383924
rxn_8_85,8,0.88,0.9124875701724685
rxn_8_86,8,0.54,0.6320796477038032
rxn_8_87,8,0.9,0.8345579242987329
rxn_8_88,8,0.64,0.6969872900702055
rxn_8_89,8,0.88,0.8018432947223347
rxn_8_90,8,0.87,0.6882852888556364
rxn_8_91,8,0.97,0.8721579415887571
rxn_8_92,8,0.977,0.7036874278297903
rxn_8_93,8,0.1,0.3506640553467873
rxn_8_94,8,0.73,0.7952038611749801
rxn_8_95,8,0.43,0.45903439292061265
rxn_8_96,8,0.405,0.5113008551061538
rxn_8_97,8,0.8,0.7766715042294137
rxn_8_98,8,0.63,0.6012583945148807
rxn_8_99,8,0.92,0.6750519248943472
rxn_8_100,8,0.81,0.7882255837264833
rxn_8_101,8,0.81,0.6534110447442074
rxn_8_102,8,0.66,0.7663185214945051
rxn_8_103,8,0.67,0.6186774283523596
rxn_8_104,8,0.66,0.6825190841666502
rxn_8_105,8,0.67,0.6736224053323987
rxn_8_106,8,0.83,0.8478509114860734
rxn_8_107,8,0.81,0.725262937896645
rxn_8_108,8,0.93,0.8039383589597281
rxn_8_109,8,0.38,0.648526857801985
rxn_8_110,8,0.92,0.6050986721521836
rxn_8_111,8,0.52,0.6346263481193591
rxn_8_112,8,0.43,0.5952402924967808
rxn_8_113,8,0.79,0.825951784801915
rxn_8_114,8,0.91,0.8166968788064981
rxn_8_115,8,0.431,0.6523254112071459
rxn_8_116,8,0.61,0.643975773018235
rxn_8_117,8,0.92,0.6740160013088285
rxn_8_118,8,0.99,0.9023971116855155
rxn_8_119,8,0.86,0.8185679965947704
rxn_8_120,8,0.8,0.7653237298084798
rxn_8_121,8,0.72,0.6286326251279687
rxn_8_122,8,0.31,0.38845358185270423
rxn_8_123,8,0.58,0.6778069767670659
rxn_8_124,8,0.99,0.7487543121144417
rxn_8_125,8,0.94,0.8379458276316293
rxn_8_126,8,0.93,0.7602825736045183
rxn_8_127,8,0.82,0.788109297411431
rxn_8_128,8,0.91,0.8571299513108744
rxn_8_129,8,0.87,0.7954613096094293
rxn_8_130,8,0.21,0.4911785262094517
rxn_8_131,8,1.0,0.9251341894284026
rxn_8_132,8,0.95,0.8565291194450241
rxn_8_133,8,0.9,0.8290217132253028
rxn_8_134,8,0.8046,0.7688330750085929
rxn_8_135,8,0.68,0.6974285595461572
rxn_8_136,8,0.88,0.6064262763797015
rxn_8_137,8,0.79,0.7003576863803814
rxn_8_138,8,0.92,0.8482745442498049
rxn_8_139,8,0.9,0.6772952561083629
rxn_8_140,8,0.74,0.7197943675661853
rxn_8_141,8,0.79,0.7255943049212891
rxn_8_142,8,0.87,0.7026112456260932
rxn_8_143,8,0.87,0.8804494066813305
rxn_8_144,8,0.76,0.8031966489013236
rxn_8_145,8,0.93,0.8856495261028524
rxn_8_146,8,0.97,0.8826861516189252
rxn_8_147,8,0.72,0.7037495376064236
rxn_8_148,8,0.22,0.33959931802655463
rxn_8_149,8,0.9,0.8763382743441254
rxn_8_150,8,0.71,0.6809766601833019
rxn_8_151,8,0.83,0.6692134914956743
rxn_8_152,8,0.3818,0.581695246664411
rxn_8_153,8,0.74,0.759644760767688
rxn_8_154,8,0.36,0.5998386578222764
rxn_8_155,8,0.92,0.7962818142621982
rxn_8_156,8,0.79,0.8143516283033133
rxn_8_157,8,0.86,0.532203849291327
rxn_8_158,8,0.62,0.768650098886197
rxn_8_159,8,0.82,0.7912381821701039
rxn_8_160,8,0.96,0.7961349484701681
rxn_8_161,8,1.0,0.9303497030765989
rxn_8_162,8,0.99,0.7277653707980806
rxn_8_163,8,0.81,0.7723942775378679
rxn_8_164,8,0.92,0.7832851972906553
rxn_8_165,8,0.967,0.8609818035384592
rxn_8_166,8,0.66,0.8021190600845868
rxn_8_167,8,1.0,0.8163413774508023
rxn_8_168,8,0.98,0.8779802469806132
rxn_8_169,8,0.77,0.8230336176454885
rxn_8_170,8,0.91,0.7494365050538203
rxn_8_171,8,0.96,0.7482117313151813
rxn_8_172,8,0.91,0.6851466987764491
rxn_8_173,8,0.6823,0.762720747025897
rxn_8_174,8,0.77,0.7397046165843827
rxn_8_175,8,0.96,0.8277319686652657
rxn_8_176,8,0.92,0.6243031445577606
rxn_8_177,8,0.84,0.8053680601983405
rxn_8_178,8,0.97,0.6223451058983461
rxn_8_179,8,0.69,0.6167670860927074
rxn_8_180,8,0.67,0.7146264574563833
rxn_8_181,8,0.96,0.6599838763534788
rxn_8_182,8,0.85,0.8174568984786036
rxn_8_183,8,0.9,0.6330762808932611
rxn_8_184,8,0.671,0.4262215160267658
rxn_8_185,8,0.9,0.77025419910295
rxn_8_186,8,0.95,0.8068790605699827
rxn_8_187,8,0.587,0.6329634700970771
rxn_8_188,8,0.89,0.6688033312457667
rxn_8_189,8,0.893,0.7104563234087985
rxn_8_190,8,0.9,0.8963972660476371
rxn_8_191,8,1.0,0.8531111072172527
rxn_8_192,8,0.82,0.7610249753633331
rxn_8_193,8,0.6,0.6721563464272968
rxn_8_194,8,0.2,0.7260580800922463
rxn_8_195,8,0.67,0.6932040744774164
rxn_8_196,8,0.85,0.7654794446746829
rxn_8_197,8,0.35,0.7174305858864845
rxn_8_198,8,0.34,0.42326569300987643
rxn_8_199,8,0.75,0.814792087355309
rxn_8_200,8,0.94,0.800169813604452
rxn_8_201,8,0.58,0.7399215451986999
rxn_8_202,8,0.8,0.7594167907948458
rxn_8_203,8,0.95,0.7225728428409056
rxn_8_204,8,0.09,0.5980435516139161
rxn_8_205,8,0.37,0.6011765391867553
rxn_8_206,8,0.88,0.8281482714455954
rxn_8_207,8,0.918,0.815216415056225
rxn_8_208,8,0.72,0.7348937851789709
rxn_8_209,8,0.81,0.7626621007405611
rxn_8_210,8,1.0,0.787433227948152
rxn_8_211,8,0.57,0.6062132815546554
rxn_8_212,8,0.7,0.7662467047491108
rxn_8_213,8,0.65,0.7002243744111872
rxn_8_214,8,0.48,0.5714132053867661
rxn_8_215,8,0.71,0.7619812945109322
rxn_8_216,8,0.87,0.8394556731898598
rxn_8_217,8,0.439,0.5909375382505356
rxn_8_218,8,0.94,0.9209239139539248
rxn_8_219,8,0.8,0.7608754641240335
rxn_8_220,8,1.0,0.7631687192187256
rxn_8_221,8,0.36,0.4269503364755523
rxn_8_222,8,0.06,0.44290844480732483
rxn_8_223,8,0.59,0.814364231298832
rxn_8_224,8,0.89,0.7939223564935562
rxn_8_225,8,0.1195,0.25007421329866775
rxn_8_226,8,0.38,0.602744929425688
rxn_8_227,8,0.86,0.7961890059779112
rxn_8_228,8,0.69,0.7476490790169213
rxn_8_229,8,0.21,0.6925110564804292
rxn_8_230,8,0.73,0.6843764410994474
rxn_8_231,8,0.98,0.7413748365735645
rxn_8_232,8,0.9,0.8258329551474853
rxn_8_233,8,0.8,0.8727308261322088
rxn_8_234,8,0.75,0.7703522221955064
rxn_8_235,8,0.69,0.77397512213367
rxn_8_236,8,0.18,0.336122819452267
rxn_8_237,8,0.97,0.7679128037704648
rxn_8_238,8,0.881,0.7792979521012852
rxn_8_239,8,0.93,0.8344377101655387
rxn_8_240,8,0.77,0.7767012765693947
rxn_8_241,8,0.82,0.8002804374291137
rxn_8_242,8,0.81,0.8080004292271542
rxn_8_243,8,0.19,0.7873580027110698
rxn_8_244,8,0.91,0.9149609521606076
rxn_8_245,8,0.859,0.7522346322983674
rxn_8_246,8,0.681,0.6277721132538895
rxn_8_247,8,0.89,0.8268874625397981
rxn_8_248,8,0.79,0.7858034344012479
rxn_8_249,8,0.64,0.6700313318634494
rxn_8_250,8,0.8,0.7224307637950198
rxn_8_251,8,0.634,0.5913837876536806
rxn_8_252,8,0.41,0.4820560994076264
rxn_8_253,8,0.85,0.8194229001259735
rxn_8_254,8,0.98,0.8087126028539721
rxn_8_255,8,0.43,0.6982991834465885
rxn_8_256,8,0.85,0.7101695278693207
rxn_8_257,8,0.91,0.8549426241310497
rxn_8_258,8,0.65,0.7480102861822909
rxn_8_259,8,0.86,0.8432552749753758
rxn_8_260,8,0.83,0.8291265293171325
rxn_8_261,8,0.9,0.7958386390063378
rxn_8_262,8,0.6,0.6096313710883253
rxn_8_263,8,0.69,0.7973417445689139
rxn_8_264,8,0.99,0.7910858227227044
rxn_8_265,8,0.876,0.8199446866360676
rxn_8_266,8,1.0,0.7651780383588869
rxn_8_267,8,0.78,0.7380004122565306
rxn_8_268,8,0.8,0.9421159351926084
rxn_8_269,8,0.448,0.6320156981578725
rxn_8_270,8,0.19,0.40162496935944764
rxn_8_271,8,0.68,0.6648728152133797
rxn_8_272,8,0.65,0.8100000506171701
rxn_8_273,8,0.97,0.8278286222642679
rxn_8_274,8,0.2445,0.6033647498728806
rxn_8_275,8,0.81,0.7815702969718683
rxn_8_276,8,0.86,0.738914425861462
rxn_8_277,8,0.51,0.8241735413261791
rxn_8_278,8,0.86,0.7388505927365859
rxn_8_279,8,0.94,0.8408248671789833
rxn_8_280,8,0.72,0.8348846567407405
rxn_8_281,8,0.67,0.7607984923250349
rxn_8_282,8,0.52,0.5118009552667144
rxn_8_283,8,1.0,0.83076996932357
rxn_8_284,8,0.82,0.8845166983070086
rxn_8_285,8,0.82,0.7797359587061093
rxn_8_286,8,0.91,0.7088524543666893
rxn_8_287,8,0.32,0.6201814457658311
rxn_8_288,8,0.81,0.718442678601951
rxn_8_289,8,0.59,0.6798150443579543
rxn_8_290,8,0.92,0.8450178723981416
rxn_8_291,8,0.167,0.5768091187172892
rxn_8_292,8,0.63,0.655838775571873
rxn_8_293,8,0.92,0.8518420035556359
rxn_8_294,8,0.94,0.8829767096286659
rxn_8_295,8,0.9,0.8291316132503018
rxn_8_296,8,0.72,0.8049004126287302
rxn_8_297,8,0.753,0.8592697890547392
rxn_8_298,8,0.71,0.8509415135355661
rxn_8_299,8,0.28,0.8027116049805282
rxn_8_300,8,0.671,0.7643107465899809
rxn_8_301,8,0.712,0.7223104497663789
rxn_8_302,8,0.25,0.7608002690210872
rxn_8_303,8,0.62,0.7088711316462849
rxn_8_304,8,0.7,0.6585702690381999
rxn_8_305,8,0.9,0.7370162449406604
rxn_8_306,8,0.81,0.759918659144764
rxn_8_307,8,0.81,0.554816186526959
rxn_8_308,8,0.86,0.7594270105906079
rxn_8_309,8,0.95,0.856766436111332
rxn_8_310,8,0.48,0.7507501241364802
rxn_8_311,8,0.88,0.8307754816779885
rxn_8_312,8,0.96,0.8599975735519992
rxn_8_313,8,0.85,0.7196127945901264
rxn_8_314,8,0.86,0.8085727872178793
rxn_8_315,8,1.0,0.8750124156435013
rxn_8_316,8,0.72,0.8086349651985224
rxn_8_317,8,0.91,0.6681479111693438
rxn_8_318,8,0.22,0.3338691386645081
rxn_8_319,8,0.9,0.829923990055792
rxn_8_320,8,0.65,0.7026809513462332
rxn_8_321,8,0.76,0.7523519120608414
rxn_8_322,8,0.9,0.816710780496542
rxn_8_323,8,0.99,0.7689241912686873
rxn_8_324,8,0.92,0.741863449213462
rxn_8_325,8,0.41,0.6301831010884159
rxn_8_326,8,0.91,0.9083402108298552
rxn_8_327,8,0.93,0.6997412495171585
rxn_8_328,8,1.0,0.8396910797636554
rxn_8_329,8,0.86,0.836446818413819
rxn_8_330,8,0.84,0.6470646236821166
rxn_8_331,8,0.593,0.6656562814741865
rxn_8_332,8,0.18,0.3930270329879136
rxn_8_333,8,0.89,0.7818403714415766
rxn_8_334,8,1.0,0.7198341493735344
rxn_8_335,8,0.9,0.762314663406325
rxn_8_336,8,0.9,0.7367515215241291
rxn_8_337,8,0.73,0.7456986394567324
rxn_8_338,8,0.11,0.7062942399567435
rxn_8_339,8,1.0,0.829055894261247
rxn_8_340,8,0.769,0.7756152672105557
rxn_8_341,8,0.98,0.8626795895063046
rxn_8_342,8,0.96,0.7593731057942247
rxn_8_343,8,0.91,0.8203376095141798
rxn_8_344,8,0.33,0.6869853188207125
rxn_8_345,8,0.63,0.6444446028478542
rxn_8_346,8,0.13,0.4930253697538385
rxn_8_347,8,0.91,0.7191188311406488
rxn_8_348,8,0.65,0.7020785353446032
rxn_8_349,8,0.8,0.7839230956508584
rxn_8_350,8,0.38,0.7128452462817076
rxn_8_351,8,0.87,0.8020234602446766
rxn_8_352,8,0.81,0.7431885064000566
rxn_8_353,8,0.47,0.7045523770883907
rxn_8_354,8,0.49,0.5390900229469214
rxn_8_355,8,0.51,0.521389210024179
rxn_8_356,8,0.9,0.8269791993808601
rxn_8_357,8,0.54,0.6356781665852033
rxn_8_358,8,0.94,0.8107063227253889
rxn_8_359,8,0.445,0.5448688196539658
rxn_8_360,8,0.889,0.755568572692045
rxn_8_361,8,0.76,0.6447804951044988
rxn_8_362,8,0.43,0.5162638007950553
rxn_8_363,8,0.58,0.6700030547277729
rxn_8_364,8,0.92,0.6550037533220091
rxn_8_365,8,0.75,0.6567937643837679
rxn_8_366,8,0.76,0.7090595258156921
rxn_8_367,8,0.8,0.7279812784243722
rxn_8_368,8,0.88,0.8433152336197578
rxn_8_369,8,0.8,0.8498644502991954
rxn_8_370,8,0.66,0.6946438503160625
rxn_8_371,8,0.9,0.62877401344788
rxn_8_372,8,0.83,0.8123653301967356
rxn_8_373,8,0.9,0.7905023454652104
rxn_8_374,8,0.04,0.29529547951295093
rxn_8_375,8,0.75,0.8198150055522483
rxn_8_376,8,0.81,0.7864271556871238
rxn_8_377,8,0.9,0.8005060314050413
rxn_8_378,8,0.949,0.6539848067156672
rxn_8_379,8,0.93,0.8181653576299733
rxn_8_380,8,0.88,0.7136844798184478
rxn_8_381,8,0.99,0.6926367927735351
rxn_8_382,8,0.99,0.8330016244109387
rxn_8_383,8,0.416,0.4958988674087174
rxn_8_384,8,0.863,0.6523231644217447
rxn_8_385,8,0.4,0.5318505862572297
rxn_8_386,8,0.8,0.5436848331302419
rxn_8_387,8,0.91,0.7917271629148903
rxn_8_388,8,0.85,0.77100193951468
rxn_8_389,8,0.71,0.7829612384621335
rxn_8_390,8,1.0,0.8223631715247951
rxn_8_391,8,0.51,0.8081686736181243
rxn_8_392,8,0.91,0.8231223579801986
rxn_8_393,8,0.88,0.8031886734763739
rxn_8_394,8,0.74,0.6013395890651337
rxn_8_395,8,0.66,0.5805474167154281
rxn_8_396,8,0.83,0.7872667066309766
rxn_8_397,8,0.68,0.6740570996741923
rxn_8_398,8,0.71,0.7451187717508051
rxn_8_399,8,0.63,0.5659034252502746
rxn_8_400,8,0.95,0.9419248873643488
rxn_8_401,8,0.67,0.6693240736238509
rxn_8_402,8,0.8,0.7890332123465055
rxn_8_403,8,0.79,0.699811303343715
rxn_8_404,8,1.0,0.8675623111101807
rxn_8_405,8,0.29,0.4890031261287712
rxn_8_406,8,0.7994,0.869971776509181
rxn_8_407,8,0.96,0.7548575960349196
rxn_8_408,8,0.791,0.7089315636228625
rxn_8_409,8,0.86,0.8068503323536368
rxn_8_410,8,0.6,0.7217956998003393
rxn_8_411,8,0.91,0.738169886961814
rxn_8_412,8,1.0,0.8755717814579941
rxn_8_413,8,0.874,0.8992846686266427
rxn_8_414,8,0.679,0.7894110431077769
rxn_8_415,8,0.231,0.5762592735203822
rxn_8_416,8,0.9,0.849224961295886
rxn_8_417,8,0.9,0.809672023868283
rxn_8_418,8,0.91,0.858736475962434
rxn_8_419,8,0.97,0.9151902597503524
rxn_8_420,8,0.96,0.8833525693050368
rxn_8_421,8,0.42,0.5036116139712273
rxn_8_422,8,0.99,0.8613406881009104
rxn_8_423,8,0.72,0.7740943135761086
rxn_8_424,8,0.85,0.7683524753294734
rxn_8_425,8,0.39,0.711180567362626
rxn_8_426,8,0.98,0.9585311485366118
rxn_8_427,8,1.0,0.7927532677041175
rxn_8_428,8,0.9,0.6124743528434488
rxn_8_429,8,0.4,0.5737353374612987
rxn_8_430,8,0.68,0.7054773986576736
rxn_8_431,8,0.912,0.7776992525271758
rxn_8_432,8,0.33,0.6280215458800171
rxn_8_433,8,0.77,0.7285153109923153
rxn_8_434,8,0.82,0.6811027572504736
rxn_8_435,8,0.73,0.5938340597767301
rxn_8_436,8,0.896,0.623793854367357
rxn_8_437,8,1.0,0.8018542709279969
rxn_8_438,8,0.84,0.7332796338195203
rxn_8_439,8,0.713,0.6952556653352214
rxn_8_440,8,0.652,0.6700489921485183
rxn_8_441,8,0.93,0.8277475505395394
rxn_8_442,8,1.0,0.7894978031404308
rxn_8_443,8,0.55,0.600534239184186
rxn_8_444,8,0.788,0.6748191662672003
rxn_8_445,8,0.96,0.62557606118627
rxn_8_446,8,0.87,0.6602938887422428
rxn_8_447,8,0.98,0.9171391371456464
rxn_8_448,8,0.85,0.7805148298424972
rxn_8_449,8,0.902,0.8639073315466205
rxn_8_450,8,0.99,0.8362665659770419
rxn_8_451,8,0.872,0.8673948117899215
rxn_8_452,8,0.7,0.5945286148622151
rxn_8_453,8,0.8,0.6712979443920858
rxn_8_454,8,0.87,0.808287823816518
rxn_8_455,8,0.94,0.6025635784137241
rxn_8_456,8,0.73,0.7095950283714453
rxn_8_457,8,0.95,0.6625659767024429
rxn_8_458,8,1.0,0.8129588846649707
rxn_8_459,8,0.83,0.754218944402374
rxn_8_460,8,1.0,0.8146851288392586
rxn_8_461,8,0.971,0.8218557403611114
rxn_8_462,8,0.91,0.7864482361949143
rxn_8_463,8,0.7,0.7482780407436634
rxn_8_464,8,0.79,0.7320840529443661
rxn_8_465,8,0.86,0.7587544346136088
rxn_8_466,8,0.97,0.732993641313323
rxn_8_467,8,0.53,0.5873568909553049
rxn_8_468,8,0.91,0.8157397884026868
rxn_8_469,8,0.78,0.6150873837555095
rxn_8_470,8,0.3,0.6989768285364425
rxn_8_471,8,0.87,0.727238575115121
rxn_8_472,8,0.47,0.7170980826688952
rxn_8_473,8,0.98,0.8857294856767504
rxn_8_474,8,0.74,0.7778094918960695
rxn_8_475,8,0.97,0.9301992851425132
rxn_8_476,8,0.97,0.684362236242849
rxn_8_477,8,1.0,0.8269590041978226
rxn_8_478,8,0.8,0.8074554310428966
rxn_8_479,8,0.79,0.7437978552077059
rxn_8_480,8,0.96,0.7566687893736823
rxn_8_481,8,0.65,0.5896033679493969
rxn_8_482,8,0.98,0.8911142660141579
rxn_8_483,8,0.79,0.8869624687432105
rxn_8_484,8,0.69,0.7045635720576585
rxn_8_485,8,0.91,0.8106124482627669
rxn_8_486,8,0.65,0.7390722046968091
rxn_8_487,8,0.99,0.7199247549748459
rxn_8_488,8,0.74,0.8579550612997106
rxn_8_489,8,0.9438,0.825876480176246
rxn_8_490,8,0.565,0.6175130781024228
rxn_8_491,8,0.72,0.8435537360036901
rxn_8_492,8,0.76,0.6800507314074847
rxn_8_493,8,0.7,0.7250719315236934
rxn_8_494,8,0.91,0.8018379681720016
rxn_8_495,8,0.6,0.7939484700695433
rxn_8_496,8,1.0,0.700584348194119
rxn_8_497,8,0.81,0.682087079758869
rxn_8_498,8,0.81,0.739479470323523
rxn_8_499,8,0.22,0.680887106861217
rxn_8_500,8,0.77,0.7757821708647118
rxn_8_501,8,0.27,0.5982651811529877
rxn_8_502,8,0.61,0.6046063010432744
rxn_8_503,8,0.87,0.8691276463465988
rxn_8_504,8,0.398,0.5979937738137987
rxn_8_505,8,0.5,0.5086354420412235
rxn_8_506,8,0.72,0.7715111446344901
rxn_8_507,8,0.98,0.7902599950141446
rxn_8_508,8,0.99,0.7597719364282961
rxn_8_509,8,0.33,0.8122621062074199
rxn_8_510,8,0.89,0.8381291734970019
rxn_8_511,8,0.926,0.7498826971843163
rxn_8_512,8,0.57,0.6624414177868938
rxn_8_513,8,0.79,0.7770777905132307
rxn_8_514,8,0.46,0.7825666967770708
rxn_8_515,8,0.37,0.6372119434528266
rxn_8_516,8,0.84,0.797636608497101
rxn_8_517,8,0.75,0.6731931794677973
rxn_8_518,8,0.74,0.8328622311263203
rxn_8_519,8,0.94,0.8096319207461936
rxn_8_520,8,0.88,0.8307144063563987
rxn_8_521,8,0.75,0.6816593354552888
rxn_8_522,8,0.75,0.6791863016839005
rxn_8_523,8,0.76,0.7623636281894575
rxn_8_524,8,0.98,0.7193295668311609
rxn_8_525,8,0.56,0.7368646134080737
rxn_8_526,8,0.7,0.7354007669811254
rxn_8_527,8,0.362,0.6601688573744037
rxn_8_528,8,0.78,0.7582604381375457
rxn_8_529,8,0.78,0.8523749575243587
rxn_8_530,8,0.25,0.38330725789266645
rxn_8_531,8,0.732,0.6586539957452446
rxn_8_532,8,0.99,0.8583674741318806
rxn_8_533,8,0.882,0.7916034803196252
rxn_8_534,8,0.87,0.8244723941287789
rxn_8_535,8,0.52,0.5076773442544208
rxn_8_536,8,0.55,0.5787005197860752
rxn_8_537,8,0.26,0.362193547024283
rxn_8_538,8,0.99,0.8301888421374649
rxn_8_539,8,0.85,0.7892265233325512
rxn_8_540,8,0.865,0.7920833305517773
rxn_8_541,8,0.91,0.7267581206242782
rxn_8_542,8,0.93,0.8394631663826169
rxn_8_543,8,0.91,0.6939140691431892
rxn_8_544,8,0.8,0.6423105020601142
rxn_8_545,8,0.85,0.7715290628902652
rxn_8_546,8,0.92,0.8240657280884305
rxn_8_547,8,0.76,0.808449856781094
rxn_8_548,8,0.9,0.7957502151950039
rxn_8_549,8,0.2,0.7945120256277773
rxn_8_550,8,0.94,0.8187204882565265
rxn_8_551,8,0.93,0.8746461730281038
rxn_8_552,8,0.77,0.7841772475554921
rxn_8_553,8,0.37,0.7401780772963219
rxn_8_554,8,0.9,0.539870999811269
rxn_8_555,8,0.43,0.5186377162598145
rxn_8_556,8,0.88,0.8335937629892958
rxn_8_557,8,0.95,0.8007252714641028
rxn_8_558,8,0.97,0.7003692517694717
rxn_8_559,8,0.68,0.7892796930078504
rxn_8_560,8,0.8,0.6970955463349728
rxn_8_561,8,0.95,0.7652118868109262
rxn_8_562,8,0.93,0.8125276255077244
rxn_8_563,8,1.0,0.6863287038154765
rxn_8_564,8,0.63,0.6017536342884816
rxn_8_565,8,0.79,0.8246879342543322
rxn_8_566,8,0.8,0.7166305601908372
rxn_8_567,8,0.72,0.7393294008887935
rxn_8_568,8,0.8,0.794028305180217
rxn_8_569,8,0.24,0.5441891296029752
rxn_8_570,8,0.85,0.6895798070503846
rxn_8_571,8,0.5,0.7396078515973684
rxn_8_572,8,0.24,0.3703893729030123
rxn_8_573,8,0.8,0.7736899191482353
rxn_8_574,8,0.97,0.816408664946865
rxn_8_575,8,0.962,0.8289236683114836
rxn_8_576,8,0.54,0.6311689667003123
rxn_8_577,8,0.95,0.5715884892050375
rxn_8_578,8,0.87,0.7806474856200795
rxn_8_579,8,0.88,0.7902984023201521
rxn_8_580,8,0.85,0.8017853458758375
rxn_8_581,8,0.77,0.9083175330599801
rxn_8_582,8,0.86,0.7684062180313913
rxn_8_583,8,0.99,0.9030515485788655
rxn_8_584,8,1.0,0.9569954103987408
rxn_8_585,8,0.891,0.6004968258293942
rxn_8_586,8,0.426,0.6010939665482047
rxn_8_587,8,0.9,0.7314742155862878
rxn_8_588,8,0.69,0.7418169096063151
rxn_8_589,8,0.27,0.7151848828147133
rxn_8_590,8,0.98,0.7467033820236452
rxn_8_591,8,0.5,0.5292267963969598
rxn_8_592,8,0.64,0.6890652794105859
rxn_8_593,8,0.57,0.6131555736904973
rxn_8_594,8,0.95,0.8236324195291455
rxn_8_595,8,0.88,0.7700427750128366
rxn_8_596,8,0.81,0.7815850051460931
rxn_8_597,8,0.6,0.8357466287925606
rxn_8_598,8,0.2114,0.6525871390375626
rxn_8_599,8,0.34,0.5013634347162587
rxn_8_600,8,0.88,0.7937457466220131
rxn_8_601,8,0.21,0.5969106231474273
rxn_8_602,8,0.67,0.6243486405885358
rxn_8_603,8,0.77,0.718867581040236
rxn_8_604,8,0.33,0.7435110390659996
rxn_8_605,8,0.41,0.4071775005239358
rxn_8_606,8,0.77,0.7317925675346865
rxn_8_607,8,0.75,0.7179162498658856
rxn_8_608,8,0.52,0.5826373764208199
rxn_8_609,8,0.77,0.8987321152385147
rxn_8_610,8,0.927,0.8736846396782223
rxn_8_611,8,0.86,0.8317961729260794
rxn_8_612,8,0.9332,0.8876019428209717
rxn_8_613,8,0.19,0.7164525047214818
rxn_8_614,8,0.98,0.7962112420921293
rxn_8_615,8,0.79,0.5848475940111656
rxn_8_616,8,0.68,0.6617916365334954
rxn_8_617,8,0.88,0.7468488124634748
rxn_8_618,8,0.92,0.8535633024838799
rxn_8_619,8,0.74,0.6779369783747095
rxn_8_620,8,0.23,0.6392859596124916
rxn_8_621,8,0.9,0.7051331561319983
rxn_8_622,8,0.95,0.8260019885703042
rxn_8_623,8,0.44,0.7460364395415796
rxn_8_624,8,0.875,0.6737968380851619
rxn_8_625,8,0.88,0.7804133242104111
rxn_8_626,8,0.86,0.751075721408573
rxn_8_627,8,0.72,0.7430751409876629
rxn_8_628,8,0.86,0.7916356687016709
rxn_8_629,8,0.38,0.5629190085363541
rxn_8_630,8,0.99,0.8650668297613393
rxn_8_631,8,0.86,0.8376206409599195
rxn_8_632,8,0.17,0.4353842126264218
rxn_8_633,8,0.95,0.8927853373299697
rxn_8_634,8,0.7,0.6171571404530067
rxn_8_635,8,0.402,0.698507468936378
rxn_8_636,8,0.91,0.7604951902064786
rxn_8_637,8,0.85,0.7053655982469632
rxn_8_638,8,0.985,0.7255708165441472
rxn_8_639,8,0.43,0.703443372002063
rxn_8_640,8,0.95,0.7803403860700763
rxn_8_641,8,0.69,0.7200742556032752
rxn_8_642,8,0.387,0.5742587321421597
rxn_8_643,8,0.97,0.7279466328327837
rxn_8_644,8,0.89,0.877038389638081
rxn_8_645,8,0.82,0.7759114616739987
rxn_8_646,8,0.86,0.7056336070831906
rxn_8_647,8,0.37,0.4788796623932941
rxn_8_648,8,0.64,0.7124480197315384
rxn_8_649,8,0.89,0.6407398068989842
rxn_8_650,8,0.42,0.649115426120769
rxn_8_651,8,0.69,0.7898057752053617
rxn_8_652,8,0.99,0.7272543619951165
rxn_8_653,8,0.9,0.644121231165035
rxn_8_654,8,0.24,0.6252913384204997
rxn_8_655,8,0.771,0.8228017142195547
rxn_8_656,8,0.8,0.7820630578637321
rxn_8_657,8,0.71,0.7379561203316
rxn_8_658,8,0.81,0.7249495060964589
rxn_8_659,8,0.69,0.7695030239501728
rxn_8_660,8,0.36,0.49122805089582194
rxn_8_661,8,0.61,0.6982523686077432
rxn_8_662,8,0.9,0.8865536546561682
rxn_8_663,8,0.98,0.9116742918982955
rxn_8_664,8,0.81,0.7350400579973934
rxn_8_665,8,0.63,0.5690030746381091
rxn_8_666,8,0.89,0.8096331433194267
rxn_8_667,8,0.96,0.7964761940406229
rxn_8_668,8,0.8931,0.9387686662276019
rxn_8_669,8,0.82,0.7410698527529197
rxn_8_670,8,0.28,0.3355143483163196
rxn_8_671,8,0.68,0.7054483305098235
rxn_8_672,8,0.33,0.7454545795741466
rxn_8_673,8,1.0,0.8584441408339935
rxn_8_674,8,0.4,0.40754285550572394
rxn_8_675,8,0.8,0.5768301732740011
rxn_8_676,8,0.83,0.766750022378493
rxn_8_677,8,0.96,0.8926652128445371
rxn_8_678,8,0.76,0.6548263615131362
rxn_8_679,8,1.0,0.6654208917244085
rxn_8_680,8,0.55,0.6195970964150764
rxn_8_681,8,0.38,0.5564392991047478
rxn_8_682,8,0.35,0.5037915653033224
rxn_8_683,8,0.88,0.8144571431985593
rxn_8_684,8,0.82,0.7686258743917018
rxn_8_685,8,0.14,0.39913549169167867
rxn_8_686,8,0.79,0.6456275905487762
rxn_8_687,8,0.55,0.6687398062084168
rxn_8_688,8,0.57,0.5949149755896337
rxn_8_689,8,0.72,0.7868924700771819
rxn_8_690,8,0.97,0.8463471743138905
rxn_8_691,8,0.77,0.7398151550978619
rxn_8_692,8,0.89,0.8119089265116797
rxn_8_693,8,0.69,0.8117784501106353
rxn_8_694,8,0.77,0.749756362855269
rxn_8_695,8,0.8,0.7795985550460065
rxn_8_696,8,0.655,0.7026873454689907
rxn_8_697,8,0.67,0.6780530477671052
rxn_8_698,8,0.91,0.8209183594135107
rxn_8_699,8,1.0,0.8553802655908762
rxn_8_700,8,0.81,0.7195801620133674
rxn_8_701,8,0.66,0.6668587379724157
rxn_8_702,8,0.79,0.7526431158371222
rxn_8_703,8,0.94,0.9164690529418363
rxn_8_704,8,0.97,0.8261467311672673
rxn_8_705,8,0.93,0.7701919624530925
rxn_8_706,8,0.85,0.810548392897465
rxn_8_707,8,0.27,0.7399720256036129
rxn_8_708,8,0.44,0.4349159738386981
rxn_8_709,8,0.17,0.5789294190573528
rxn_8_710,8,0.495,0.7209649465219486
rxn_8_711,8,0.875,0.7020420859352002
rxn_8_712,8,0.76,0.6847154142105981
rxn_8_713,8,0.94,0.7775704744907066
rxn_8_714,8,1.0,0.7327246360228757
rxn_8_715,8,0.89,0.5719686745672065
rxn_8_716,8,0.97,0.8008755618036968
rxn_8_717,8,0.97,0.8642011992132712
rxn_8_718,8,0.66,0.6682359338735265
rxn_8_719,8,0.46,0.5079680575875068
rxn_8_720,8,0.934,0.8668009070084673
rxn_8_721,8,0.32,0.6552223928962336
rxn_8_722,8,0.84,0.7916146375595418
rxn_8_723,8,1.0,0.6661500909213846
rxn_8_724,8,0.8007,0.7612268275290707
rxn_8_725,8,0.1,0.19090120546865733
rxn_8_726,8,0.95,0.8088217369640304
rxn_8_727,8,0.95,0.7096541656517613
rxn_8_728,8,0.672,0.6364920004488638
rxn_8_729,8,0.6515,0.6221537526772412
rxn_8_730,8,0.99,0.8331949536725207
rxn_8_731,8,0.93,0.5746268806240504
rxn_8_732,8,0.73,0.7157273747826207
rxn_8_733,8,1.0,0.8639049062634664
rxn_8_734,8,0.936,0.7869605269911343
rxn_8_735,8,0.8,0.7315509310226146
rxn_8_736,8,0.73,0.9249678277199197
rxn_8_737,8,0.96,0.6840497354740548
rxn_8_738,8,0.86,0.7478514473235426
rxn_8_739,8,0.91,0.8280000461377705
rxn_8_740,8,0.36,0.41521489591180066
rxn_8_741,8,0.8464,0.8351486663433721
rxn_8_742,8,0.7773,0.8027561405098291
rxn_8_743,8,0.85,0.8958400422762375
rxn_8_744,8,0.91,0.8116638654655844
rxn_8_745,8,0.81,0.698454118737911
rxn_8_746,8,0.35,0.4661830422817957
rxn_8_747,8,1.0,0.7395280277421666
rxn_8_748,8,0.77,0.8819600995149764
rxn_8_749,8,0.64,0.6846680188777609
rxn_8_750,8,0.33,0.38394319755310796
rxn_8_751,8,1.0,0.5296094170265703
rxn_8_752,8,0.79,0.7301615712173969
rxn_8_753,8,0.98,0.842672240106341
rxn_8_754,8,0.89,0.9384333728858595
rxn_8_755,8,0.69,0.6486935882723537
rxn_8_756,8,0.742,0.6601705812727179
rxn_8_757,8,1.0,0.7747710972023558
rxn_8_758,8,0.36,0.5351738566361167
rxn_8_759,8,0.83,0.7326434309663875
rxn_8_760,8,0.87,0.3052441270885174
rxn_8_761,8,0.68,0.7527188901937129
rxn_8_762,8,0.68,0.760782707437901
rxn_8_763,8,0.44,0.7409871341484617
rxn_8_764,8,0.41,0.7385083591272968
rxn_8_765,8,0.48,0.6423240141256655
rxn_8_766,8,0.91,0.7982469048704068
rxn_8_767,8,0.72,0.773730144798977
rxn_8_768,8,1.0,0.9370667654089114
rxn_8_769,8,0.7,0.8761828697371502
rxn_8_770,8,0.945,0.6450196610579766
rxn_8_771,8,0.51,0.6839036105335835
rxn_8_772,8,0.96,0.9306243996759536
rxn_8_773,8,0.68,0.6849492446001166
rxn_8_774,8,0.87,0.8330185514698587
rxn_8_775,8,0.0953,0.46510738743653235
rxn_8_776,8,0.79,0.7265247248706924
rxn_8_777,8,0.973,0.83878491543178
rxn_8_778,8,0.96,0.7790212075267946
rxn_8_779,8,0.835,0.8291378512850769
rxn_8_780,8,0.92,0.8785901425705299
rxn_8_781,8,0.92,0.8017287567539699
rxn_8_782,8,0.96,0.8616282997804096
rxn_8_783,8,0.66,0.7181321088746756
rxn_8_784,8,0.74,0.821539442610026
rxn_8_785,8,0.86,0.6625742734717072
rxn_8_786,8,0.903,0.6865767910396506
rxn_8_787,8,0.1426,0.2256905189370307
rxn_8_788,8,0.88,0.8491496494675529
rxn_8_789,8,0.98,0.8902856144660963
rxn_8_790,8,0.92,0.7412360192177744
rxn_8_791,8,0.8532,0.9005187060888957
rxn_8_792,8,1.0,0.8125461799077232
rxn_8_793,8,0.6,0.6989923827425769
rxn_8_794,8,0.66,0.8553244851318431
rxn_8_795,8,0.65,0.6431165874356287
rxn_8_796,8,0.85,0.7879785818455706
rxn_8_797,8,0.51,0.6454545696237287
rxn_8_798,8,0.86,0.7204075460173788
rxn_8_799,8,0.56,0.7653291335181502
rxn_8_800,8,0.96,0.7472318619591727
rxn_8_801,8,0.7,0.91240491567509
rxn_8_802,8,0.92,0.7491760748441196
rxn_8_803,8,0.97,0.8054564866126518
rxn_8_804,8,0.55,0.759342810026273
rxn_8_805,8,0.82,0.8605436184744372
rxn_8_806,8,0.86,0.7707691711202164
rxn_8_807,8,0.644,0.7374657321502897
rxn_8_808,8,0.93,0.8542686491546947
rxn_8_809,8,0.89,0.7199222259988547
rxn_8_810,8,0.95,0.765957513588221
rxn_8_811,8,0.86,0.7869718912285607
rxn_8_812,8,0.94,0.6576748195154755
rxn_8_813,8,0.89,0.7221593588621974
rxn_8_814,8,0.6,0.5805573194752802
rxn_8_815,8,0.44,0.3510620228835491
rxn_8_816,8,0.8613,0.8162267390591472
rxn_8_817,8,0.64,0.8502142690031874
rxn_8_818,8,0.94,0.7714567379667651
rxn_8_819,8,0.26,0.667418038577328
rxn_8_820,8,0.91,0.8349927200192809
rxn_8_821,8,0.79,0.7584259816854417
rxn_8_822,8,0.695,0.8011626601991808
rxn_8_823,8,0.48,0.586406279300049
rxn_8_824,8,0.54,0.7333390896040476
rxn_8_825,8,0.939,0.6989924397501012
rxn_8_826,8,1.0,0.8155257891849209
rxn_8_827,8,0.94,0.7412029130348258
rxn_8_828,8,0.765,0.8581191824549527
rxn_8_829,8,0.2465,0.4745910033620686
rxn_8_830,8,0.97,0.718810673336414
rxn_8_831,8,0.4184,0.42944945614664515
rxn_8_832,8,0.96,0.800105630514269
rxn_8_833,8,0.24,0.6061385327080336
rxn_8_834,8,0.75,0.7007676127890492
rxn_8_835,8,0.64,0.7205504111702302
rxn_8_836,8,0.66,0.801260719950399
rxn_8_837,8,0.86,0.8141378779167621
rxn_8_838,8,0.91,0.7785374982031855
rxn_8_839,8,0.93,0.7548083846078155
rxn_8_840,8,0.83,0.788361595185524
rxn_8_841,8,0.21,0.722746341841578
rxn_8_842,8,0.82,0.781511350267276
rxn_8_843,8,0.7,0.5867102281043862
rxn_8_844,8,0.93,0.7995538496851613
rxn_8_845,8,0.8,0.7251763414644063
rxn_8_846,8,0.95,0.7440842780148875
rxn_8_847,8,0.9,0.8414100589885286
rxn_8_848,8,0.86,0.7602238166399257
rxn_8_849,8,0.91,0.8204296279458427
rxn_8_850,8,0.73,0.7620825588575588
rxn_8_851,8,0.83,0.6704331209090172
rxn_8_852,8,0.85,0.677654668790156
rxn_8_853,8,0.87,0.7316545196833794
rxn_8_854,8,0.72,0.6804181559150511
rxn_8_855,8,0.8,0.7687220121354196
rxn_8_856,8,0.96,0.8462430716134982
rxn_8_857,8,0.88,0.804765560304788
rxn_8_858,8,0.42,0.6951314194715376
rxn_8_859,8,1.0,0.8545933821652669
rxn_8_860,8,0.91,0.7283425618176174
rxn_8_861,8,0.422,0.6435858523023427
rxn_8_862,8,1.0,0.899363172630807
rxn_8_863,8,0.37,0.5670622319430361
rxn_8_864,8,0.62,0.5486636729140106
rxn_8_865,8,0.99,0.8834889542893164
rxn_8_866,8,0.95,0.8770938759245732
rxn_8_867,8,0.85,0.8193114981761839
rxn_8_868,8,0.87,0.7987557274630088
rxn_8_869,8,0.05,0.5778316800530577
rxn_8_870,8,0.87,0.7936765256823305
rxn_8_871,8,0.96,0.870747810319886
rxn_8_872,8,0.78,0.762299145261694
rxn_8_873,8,0.584,0.6636545937766949
rxn_8_874,8,0.78,0.8051125459300925
rxn_8_875,8,0.57,0.7111269321020334
rxn_8_876,8,0.84,0.778712999329353
rxn_8_877,8,0.92,0.8859484542436041
rxn_8_878,8,0.56,0.6910809866035871
rxn_8_879,8,0.39,0.8417535236751492
rxn_8_880,8,0.22,0.758838360869403
rxn_8_881,8,0.09,0.6981993406102361
rxn_8_882,8,0.78,0.7220069669499601
rxn_8_883,8,0.95,0.8568315132511044
rxn_8_884,8,0.75,0.6920564120610818
rxn_8_885,8,0.87,0.7824156794749827
rxn_8_886,8,0.85,0.721070723822216
rxn_8_887,8,0.65,0.6644048689331044
rxn_8_888,8,0.71,0.7033993635512511
rxn_8_889,8,0.59,0.6824544356790389
rxn_8_890,8,0.44,0.6362045620651182
rxn_8_891,8,0.88,0.8723879671619056
rxn_8_892,8,0.13,0.2086106946195958
rxn_8_893,8,0.39,0.6507878672346886
rxn_8_894,8,0.88,0.748386934336092
rxn_8_895,8,0.9,0.6784423994305344
rxn_8_896,8,0.2,0.8337846694392654
rxn_8_897,8,0.75,0.6073136557329833
rxn_8_898,8,0.94,0.8283082451575061
rxn_8_899,8,0.4,0.7384093810980734
rxn_8_900,8,0.55,0.7765479158707146
rxn_8_901,8,0.71,0.7803650318155949
rxn_8_902,8,0.4,0.4676025975540225
rxn_8_903,8,0.91,0.8043168516885825
rxn_8_904,8,0.39,0.4680620318999298
rxn_8_905,8,0.55,0.6288884530588859
rxn_8_906,8,0.89,0.8026218424374315
rxn_8_907,8,0.31,0.6091264084827283
rxn_8_908,8,0.501,0.6142451150857852
rxn_8_909,8,0.87,0.7985116382846206
rxn_8_910,8,0.8,0.6828922178055367
rxn_8_911,8,0.47,0.5232248389995672
rxn_8_912,8,0.86,0.7893850900554149
rxn_8_913,8,0.69,0.5336244353156171
rxn_8_914,8,0.9,0.8246989747126284
rxn_8_915,8,0.97,0.8603703589236013
rxn_8_916,8,0.88,0.7271320631880428
rxn_8_917,8,0.76,0.6086022329791471
rxn_8_918,8,0.95,0.7009282224156722
rxn_8_919,8,0.82,0.76882735303797
rxn_8_920,8,0.94,0.7874072032476298
rxn_8_921,8,0.9,0.8299404719750711
rxn_8_922,8,0.56,0.6067113625066171
rxn_8_923,8,0.21,0.6600962960848714
rxn_8_924,8,0.9,0.8389654387671968
rxn_8_925,8,0.91,0.7912575074028422
rxn_8_926,8,0.9,0.7746994760833522
rxn_8_927,8,0.25,0.3397217255268051
rxn_8_928,8,0.9,0.7817169734069122
rxn_8_929,8,0.96,0.7687715042449139
rxn_8_930,8,0.84,0.7994688818583264
rxn_8_931,8,0.4,0.5030935147470047
rxn_8_932,8,0.37,0.7139721840036432
rxn_8_933,8,0.95,0.8040492693560344
rxn_8_934,8,0.44,0.6106374748345474
rxn_8_935,8,0.39,0.6645382946359076
rxn_8_936,8,0.9,0.7148660757889367
rxn_8_937,8,0.9,0.6879578020019445
rxn_8_938,8,0.29,0.7191933665671334
rxn_8_939,8,0.86,0.8719691480301573
rxn_8_940,8,0.98,0.892210446265465
rxn_8_941,8,0.92,0.823416848710481
rxn_8_942,8,0.84,0.7816314392041481
rxn_8_943,8,0.467,0.7588329848709762
rxn_8_944,8,0.9,0.82353248205502
rxn_8_945,8,0.55,0.7016182059115691
rxn_8_946,8,0.69,0.67866919337432
rxn_8_947,8,0.65,0.6754897571347271
rxn_8_948,8,0.34,0.694668654986412
rxn_8_949,8,0.87,0.7207922417271604
rxn_8_950,8,0.61,0.7106039961214625
rxn_8_951,8,0.96,0.6191095277598685
rxn_8_952,8,0.3659,0.47374753100035
rxn_8_953,8,0.73,0.7418430666235044
rxn_8_954,8,0.87,0.7648361537783662
rxn_8_955,8,0.94,0.7805927575038837
rxn_8_956,8,0.55,0.8083774067607564
rxn_8_957,8,0.73,0.7142834625970451
rxn_8_958,8,0.1917,0.4710500572124487
rxn_8_959,8,0.85,0.7697100593014827
rxn_8_960,8,0.79,0.6144472387127408
rxn_8_961,8,0.356,0.7210798779268183
rxn_8_962,8,0.78,0.7839109992481457
rxn_8_963,8,0.91,0.7384305000352424
rxn_8_964,8,0.71,0.7952118806596689
rxn_8_965,8,0.86,0.8481312771712016
rxn_8_966,8,0.99,0.8993149901929925
rxn_8_967,8,0.99,0.7208357977126614
rxn_8_968,8,0.81,0.8186747329243339
rxn_8_969,8,0.36,0.4206033870699295
rxn_8_970,8,0.16,0.31995772615542456
rxn_8_971,8,0.9,0.8045529538543216
rxn_8_972,8,0.91,0.7083758323468837
rxn_8_973,8,0.15,0.6868108773678588
rxn_8_974,8,0.93,0.8296038560534034
rxn_8_975,8,0.95,0.8488218889230623
rxn_8_976,8,0.77,0.7992507187102368
rxn_8_977,8,0.96,0.8826720046817492
rxn_8_978,8,0.39,0.44408916410634336
rxn_8_979,8,1.0,0.7216023470431785
rxn_8_980,8,0.95,0.8804989810102742
rxn_8_981,8,0.82,0.8225417835605767
rxn_8_982,8,0.91,0.8155179691914443
rxn_8_983,8,0.73,0.7536262822377503
rxn_8_984,8,0.6,0.7388665134586816
rxn_8_985,8,0.81,0.8102930883216812
rxn_8_986,8,0.524,0.6240965070668558
rxn_8_987,8,0.0523,0.6705116446693893
rxn_8_988,8,0.85,0.8136806040205512
rxn_8_989,8,0.95,0.8705329266741139
rxn_8_990,8,0.71,0.7687010741515983
rxn_8_991,8,0.87,0.8279764268692493
rxn_8_992,8,0.43,0.7961851122589608
rxn_8_993,8,0.85,0.7510983108482298
rxn_8_994,8,0.32,0.7317712190373378
rxn_8_995,8,0.32,0.6198304459992823
rxn_8_996,8,0.74,0.8392345126914659
rxn_8_997,8,0.94,0.9047718276146243
rxn_8_998,8,0.49,0.7225136179293722
rxn_8_999,8,0.96,0.7570440825273111
rxn_8_1000,8,0.88,0.7480373386782272
rxn_8_1001,8,0.61,0.6521233745272523
rxn_8_1002,8,0.87,0.7669528281690626
rxn_8_1003,8,0.409,0.8556480284165948
rxn_8_1004,8,0.66,0.8335528106572804
rxn_8_1005,8,0.88,0.6010666449622212
rxn_8_1006,8,0.3,0.8202212042882321
rxn_8_1007,8,0.83,0.7913455939618267
rxn_8_1008,8,0.79,0.7573169660651002
rxn_8_1009,8,0.89,0.7804833011843239
rxn_8_1010,8,0.58,0.612926211991273
rxn_8_1011,8,0.88,0.9539305116207041
rxn_8_1012,8,0.97,0.44972486000320483
rxn_8_1013,8,0.62,0.6462554260826355
rxn_8_1014,8,0.68,0.7307995073582068
rxn_8_1015,8,0.87,0.8723256385997988
rxn_8_1016,8,0.82,0.7089293113572831
rxn_8_1017,8,0.84,0.7675663517381591
rxn_8_1018,8,0.87,0.7274255684974533
rxn_8_1019,8,0.83,0.7658054590416873
rxn_8_1020,8,0.75,0.6785310664963927
rxn_8_1021,8,0.2,0.7204182533945915
rxn_8_1022,8,0.83,0.5886219782209778
rxn_8_1023,8,0.85,0.7873577133025836
rxn_8_1024,8,0.85,0.7043187068412893
rxn_8_1025,8,0.68,0.7731293788937398
rxn_8_1026,8,0.73,0.7112730684099052
rxn_8_1027,8,0.96,0.6716189689188866
rxn_8_1028,8,0.74,0.7358656116420811
rxn_8_1029,8,0.31,0.32664189632792334
rxn_8_1030,8,0.84,0.7970644864965623
rxn_8_1031,8,0.81,0.7153461114445134
rxn_8_1032,8,0.82,0.8538465487711254
rxn_8_1033,8,0.96,0.8613332866254065
rxn_8_1034,8,0.79,0.7988484249960747
rxn_8_1035,8,0.77,0.8121722994568324
rxn_8_1036,8,0.74,0.6094296088569674
rxn_8_1037,8,0.87,0.7922431632135417
rxn_8_1038,8,0.876,0.7977043456217388
rxn_8_1039,8,0.94,0.7610184334531253
rxn_8_1040,8,0.99,0.7749855610916683
rxn_8_1041,8,0.94,0.8930520110739444
rxn_8_1042,8,0.69,0.3151511667891952
rxn_8_1043,8,0.963,0.8235833513128048
rxn_8_1044,8,0.7,0.7566787622229599
rxn_8_1045,8,0.96,0.7682498008246336
rxn_8_1046,8,0.87,0.7050109343624014
rxn_8_1047,8,0.41,0.4885605566839562
rxn_8_1048,8,0.88,0.7720722465735487
rxn_8_1049,8,0.91,0.8151243213334055
rxn_8_1050,8,0.75,0.6924939317880877
rxn_8_1051,8,1.0,0.7249696991868192
rxn_8_1052,8,0.93,0.80437523141127
rxn_8_1053,8,0.973,0.8847566159879167
rxn_8_1054,8,1.0,0.8805780880080146
rxn_8_1055,8,0.81,0.7743159775925784
rxn_8_1056,8,0.97,0.7184328218193775
rxn_8_1057,8,0.4,0.4867360098537536
rxn_8_1058,8,0.97,0.8336306885804179
rxn_8_1059,8,0.78,0.7334391679432729
rxn_8_1060,8,0.97,0.771893767884874
rxn_8_1061,8,0.87,0.818113234732816
rxn_8_1062,8,0.4022,0.6566983361526569
rxn_8_1063,8,0.77,0.7277002515116798
rxn_8_1064,8,0.8,0.7345291344086512
rxn_8_1065,8,0.91,0.8759479828585414
rxn_8_1066,8,0.58,0.6646719679482908
rxn_8_1067,8,0.89,0.8440521145045121
rxn_8_1068,8,0.95,0.8890450065582255
rxn_8_1069,8,0.535,0.6665071705992142
rxn_8_1070,8,0.86,0.7697817357814271
rxn_8_1071,8,0.85,0.6527777082121204
rxn_8_1072,8,0.54,0.599617178699849
rxn_8_1073,8,0.79,0.8617378244517998
rxn_8_1074,8,0.94,0.928780766387288
rxn_8_1075,8,0.896,0.7878159948626012
rxn_8_1076,8,0.897,0.7492428822640184
rxn_8_1077,8,0.56,0.7634940255967336
rxn_8_1078,8,0.86,0.6643739077948844
rxn_8_1079,8,0.95,0.8571352695874896
rxn_8_1080,8,0.84,0.8288036454451285
rxn_8_1081,8,0.999,0.7521615326356819
rxn_8_1082,8,0.713,0.6420938386348514
rxn_8_1083,8,0.71,0.6972538824368693
rxn_8_1084,8,0.7109,0.7564748865589475
rxn_8_1085,8,0.74,0.7271611831178161
rxn_8_1086,8,0.38,0.6305975379050265
rxn_8_1087,8,0.589,0.6535350924223414
rxn_8_1088,8,0.95,0.7607767099979507
rxn_8_1089,8,0.59,0.6110736540933791
rxn_8_1090,8,0.9,0.8171239331708803
rxn_8_1091,8,0.71,0.6724824427734739
rxn_8_1092,8,0.8,0.697356218002975
rxn_8_1093,8,0.38,0.7885083835074852
rxn_8_1094,8,0.49,0.6552133075642971
rxn_8_1095,8,0.656,0.8050750897155483
rxn_8_1096,8,0.45,0.48298473834280187
rxn_8_1097,8,0.88,0.8866753658446784
rxn_8_1098,8,0.44,0.7042637893955646
rxn_8_1099,8,0.47,0.7581301926196741
rxn_8_1100,8,0.99,0.8305778163703884
rxn_8_1101,8,0.719,0.8103400687414082
rxn_8_1102,8,0.37,0.5046305221482978
rxn_8_1103,8,0.71,0.7853660541548116
rxn_8_1104,8,0.72,0.7770011819455327
rxn_8_1105,8,0.71,0.7537320111880863
rxn_8_1106,8,0.88,0.8674953656162764
rxn_8_1107,8,0.92,0.7957445559450148
rxn_8_1108,8,0.874,0.6946801419522294
rxn_8_1109,8,0.97,0.7401732218417599
rxn_8_1110,8,0.74,0.6994506309316865
rxn_8_1111,8,0.39,0.7203299563791378
rxn_8_1112,8,0.75,0.7227470783870534
rxn_8_1113,8,0.94,0.7316334036051954
rxn_8_1114,8,0.79,0.671804100543577
rxn_8_1115,8,0.99,0.7550296583458848
rxn_8_1116,8,0.86,0.8269021391197929
rxn_8_1117,8,0.73,0.71120533592845
rxn_8_1118,8,0.78,0.721024596444029
rxn_8_1119,8,0.85,0.8199877982905814
rxn_8_1120,8,0.81,0.9309613260614285
rxn_8_1121,8,0.99,0.611633527970871
rxn_8_1122,8,0.99,0.7972195179950758
rxn_8_1123,8,0.9,0.8776768535385715
rxn_8_1124,8,0.36,0.41199610399088904
rxn_8_1125,8,0.9,0.8826396283191293
rxn_8_1126,8,0.08,0.6101027278368935
rxn_8_1127,8,0.83,0.733215175055309
rxn_8_1128,8,0.9,0.7103551970636088
rxn_8_1129,8,0.95,0.8146399010949924
rxn_8_1130,8,0.8,0.7364335450434022
rxn_8_1131,8,0.27,0.4863067105846739
rxn_8_1132,8,0.63,0.7918700420613103
rxn_8_1133,8,0.52,0.6287408969697647
rxn_8_1134,8,0.34,0.6840843582525974
rxn_8_1135,8,0.714,0.7614365861853388
rxn_8_1136,8,0.23,0.7542361020242461
rxn_8_1137,8,0.79,0.7741594941035883
rxn_8_1138,8,0.78,0.7250649986747426
rxn_8_1139,8,0.89,0.7571315662564189
rxn_8_1140,8,0.86,0.7853510705763554
rxn_8_1141,8,0.65,0.6554471474110647
rxn_8_1142,8,0.99,0.9008398921514668
rxn_8_1143,8,0.61,0.6757020974992075
rxn_8_1144,8,0.85,0.6382597867260621
rxn_8_1145,8,0.52,0.7733206178742916
rxn_8_1146,8,0.62,0.657358342502998
rxn_8_1147,8,0.73,0.6723369383514144
rxn_8_1148,8,0.87,0.6951065713613792
rxn_8_1149,8,0.86,0.8376024994831296
rxn_8_1150,8,0.21,0.3088703078618462
rxn_8_1151,8,0.7,0.6026063420477007
rxn_8_1152,8,0.91,0.8795076390978623
rxn_8_1153,8,0.88,0.7410501565101124
rxn_8_1154,8,0.86,0.8194945994136873
rxn_8_1155,8,0.9,0.7519094457330388
rxn_8_1156,8,0.858,0.8005339146472917
rxn_8_1157,8,0.83,0.7064656928415968
rxn_8_1158,8,1.0,0.6472104654668382
rxn_8_1159,8,0.8132,0.8550977856980905
rxn_8_1160,8,0.88,0.6901546547346609
rxn_8_1161,8,0.65,0.7379007229741102
rxn_8_1162,8,0.74,0.8355382473210066
rxn_8_1163,8,0.7,0.7559806863135629
rxn_8_1164,8,1.0,0.8742535310491584
rxn_8_1165,8,0.7588,0.7993035083410286
rxn_8_1166,8,0.23,0.30563156999351876
rxn_8_1167,8,0.91,0.7053356301834608
rxn_8_1168,8,0.93,0.7240833582574925
rxn_8_1169,8,0.91,0.7662010775617532
rxn_8_1170,8,0.62,0.6861794094424775
rxn_8_1171,8,0.87,0.7471257560726245
rxn_8_1172,8,0.88,0.7509656114322892
rxn_8_1173,8,0.549,0.5818064329837754
rxn_8_1174,8,0.88,0.8477754572688646
rxn_8_1175,8,0.87,0.7689071260715566
rxn_8_1176,8,0.817,0.8260158180481586
rxn_8_1177,8,0.94,0.7663438346190299
rxn_8_1178,8,0.815,0.7960047240878403
rxn_8_1179,8,0.81,0.7178380536086898
rxn_8_1180,8,0.18,0.42764512457670795
rxn_8_1181,8,0.95,0.842307297279981
rxn_8_1182,8,0.99,0.8475070263576227
rxn_8_1183,8,0.89,0.68096254357404
rxn_8_1184,8,0.71,0.8419937086861792
rxn_8_1185,8,1.0,0.8222193667650494
rxn_8_1186,8,0.55,0.7394980189920514
rxn_8_1187,8,0.49,0.7585857038511392
rxn_8_1188,8,0.8,0.8562319663223574
rxn_8_1189,8,0.68,0.60252966890178
rxn_8_1190,8,0.73,0.788440409724302
rxn_8_1191,8,0.88,0.8073798314264372
rxn_8_1192,8,0.98,0.9204406062078091
rxn_8_1193,8,0.79,0.6909999292715497
rxn_8_1194,8,0.77,0.7631692871221051
rxn_8_1195,8,0.1,0.37222686284482176
rxn_8_1196,8,0.7,0.656339438373359
rxn_8_1197,8,0.89,0.7005775446649546
rxn_8_1198,8,0.88,0.7496499976429595
rxn_8_1199,8,0.89,0.6250482756087952
rxn_8_1200,8,0.76,0.6051907919498051
rxn_8_1201,8,0.8,0.7718593273439311
rxn_8_1202,8,0.8,0.7845572954820631
rxn_8_1203,8,0.81,0.4994213923530128
rxn_8_1204,8,0.84,0.6885613683026058
rxn_8_1205,8,0.95,0.7740441588465767
rxn_8_1206,8,0.85,0.8448365708445387
rxn_8_1207,8,1.0,0.8511676552338692
rxn_8_1208,8,0.42,0.4886969965743875
rxn_8_1209,8,0.94,0.718812655858892
rxn_8_1210,8,0.9,0.7664225736677777
rxn_8_1211,8,0.99,0.8862528702076119
rxn_8_1212,8,0.91,0.7535620663004542
rxn_8_1213,8,0.82,0.7588238468407638
rxn_8_1214,8,0.87,0.8526076054441504
rxn_8_1215,8,0.54,0.6971241191184939
rxn_8_1216,8,0.82,0.6616157261477155
rxn_8_1217,8,0.93,0.7357927778954888
rxn_8_1218,8,0.6,0.8066761763145817
rxn_8_1219,8,0.9,0.7413854973413151
rxn_8_1220,8,0.96,0.9175547694389855
rxn_8_1221,8,0.3,0.6895963330494617
rxn_8_1222,8,0.81,0.6679523407612175
rxn_8_1223,8,0.83,0.6008685391926742
rxn_8_1224,8,0.75,0.7823605629582983
rxn_8_1225,8,0.97,0.7657704779664116
rxn_8_1226,8,1.0,0.6879419123879416
rxn_8_1227,8,0.42,0.5715382678415096
rxn_8_1228,8,0.09,0.7812425994081907
rxn_8_1229,8,0.855,0.775372056389212
rxn_8_1230,8,0.82,0.7138323533198964
rxn_8_1231,8,0.12,0.18872266496612447
rxn_8_1232,8,0.94,0.6386715236403018
rxn_8_1233,8,0.35,0.5151205085820005
rxn_8_1234,8,0.342,0.6192100907620802
rxn_8_1235,8,0.99,0.8116397565865533
rxn_8_1236,8,0.94,0.7843003099003821
rxn_8_1237,8,0.971,0.8234696507480516
rxn_8_1238,8,0.949,0.8701345855788026
rxn_8_1239,8,0.49,0.6491174081999039
rxn_8_1240,8,0.83,0.8144357029031548
rxn_8_1241,8,0.778,0.7072294115805038
rxn_8_1242,8,0.759,0.6216746907031052
rxn_8_1243,8,0.8,0.6250952470003585
rxn_8_1244,8,0.8,0.8690161062792834
rxn_8_1245,8,0.75,0.788017796270225
rxn_8_1246,8,0.8,0.7720350057980991
rxn_8_1247,8,0.948,0.9149258111818334
rxn_8_1248,8,0.741,0.7113851787989088
rxn_8_1249,8,0.925,0.8734975480351371
rxn_8_1250,8,0.84,0.7721715064384895
rxn_8_1251,8,0.844,0.8512053472533182
rxn_8_1252,8,0.75,0.7499231584531749
rxn_8_1253,8,0.83,0.7402839342207336
rxn_8_1254,8,1.0,0.6555191755324624
rxn_8_1255,8,0.795,0.7426985507161432
rxn_8_1256,8,0.74,0.6272614499574583
rxn_8_1257,8,0.98,0.793198985225402
rxn_8_1258,8,0.74,0.6772964883124976
rxn_8_1259,8,0.273,0.7235952891371026
rxn_8_1260,8,0.86,0.7485821983085791
rxn_8_1261,8,1.0,0.81036762781349
rxn_8_1262,8,0.936,0.7493571611302136
rxn_8_1263,8,0.87,0.7979114536837716
rxn_8_1264,8,0.59,0.7929053524719761
rxn_8_1265,8,0.25,0.5659597216348046
rxn_8_1266,8,0.83,0.8079437144326715
rxn_8_1267,8,0.22,0.6381217256359526
rxn_8_1268,8,0.81,0.648548568798697
rxn_8_1269,8,0.19,0.2275405107552896
rxn_8_1270,8,0.68,0.7248981852355304
rxn_8_1271,8,0.89,0.7172722453080667
rxn_8_1272,8,0.94,0.7850128260368402
rxn_8_1273,8,0.936,0.8570591150769115
rxn_8_1274,8,0.1801,0.32388486421591656
rxn_8_1275,8,0.73,0.5469735598475419
rxn_8_1276,8,0.6,0.6449485364755493
rxn_8_1277,8,0.97,0.7161452629907202
rxn_8_1278,8,0.83,0.6932314121419788
rxn_8_1279,8,0.65,0.6512079748460281
rxn_8_1280,8,0.9,0.8242776927902655
rxn_8_1281,8,0.8,0.8386622823081847
rxn_8_1282,8,0.79,0.8000945443690354
rxn_8_1283,8,0.83,0.7385539687474661
rxn_8_1284,8,0.864,0.8275987072964085
rxn_8_1285,8,0.99,0.9544908807808253
rxn_8_1286,8,0.88,0.7845571736476374
rxn_8_1287,8,0.87,0.8663580909845404
rxn_8_1288,8,0.4,0.7187179755055352
rxn_8_1289,8,0.4421,0.5375129785996975
rxn_8_1290,8,1.0,0.8809538083503424
rxn_8_1291,8,0.76,0.7483314345986688
rxn_8_1292,8,0.87,0.77967047372448
rxn_8_1293,8,0.9,0.7691372256856609
rxn_8_1294,8,0.39,0.6462274071260401
rxn_8_1295,8,0.62,0.7002764158478406
rxn_8_1296,8,0.82,0.7391711672561675
rxn_8_1297,8,0.35,0.6772057099936163
rxn_8_1298,8,0.87,0.8832778638995903
rxn_8_1299,8,0.85,0.7787678745784898
rxn_8_1300,8,0.1,0.41867424504483397
rxn_8_1301,8,0.41,0.6912883065113041
rxn_8_1302,8,0.93,0.5757194646797331
rxn_8_1303,8,0.75,0.7731683389883871
rxn_8_1304,8,0.88,0.7954544769306174
rxn_8_1305,8,0.937,0.8031608111418301
rxn_8_1306,8,0.43,0.47329413632132916
rxn_8_1307,8,0.38,0.5313618529055583
rxn_8_1308,8,0.6,0.5336337453648717
rxn_8_1309,8,0.3397,0.40941267691906197
rxn_8_1310,8,0.8,0.7686329226916877
rxn_8_1311,8,0.77,0.7584615936419317
rxn_8_1312,8,0.94,0.7315027372606145
rxn_8_1313,8,0.551,0.5508896831798665
rxn_8_1314,8,0.96,0.6804369067356069
rxn_8_1315,8,0.91,0.8516940040340328
rxn_8_1316,8,0.5959,0.8658599648920587
rxn_8_1317,8,0.685,0.7336847244256829
rxn_8_1318,8,0.94,0.7709625687198852
rxn_8_1319,8,0.67,0.70888017989475
rxn_8_1320,8,0.97,0.8637182386861849
rxn_8_1321,8,1.0,0.8635814639682713
rxn_8_1322,8,0.957,0.756008876722813
rxn_8_1323,8,0.75,0.7471933309035
rxn_8_1324,8,0.8703,0.6989762014558787
rxn_8_1325,8,0.28,0.6479125940933046
rxn_8_1326,8,0.717,0.6982728412475573
rxn_8_1327,8,0.97,0.6287923156983513
rxn_8_1328,8,0.43,0.8016812965124321
rxn_8_1329,8,0.654,0.7995157188257803
rxn_8_1330,8,0.6,0.7362096325189059
rxn_8_1331,8,0.38,0.6211272319264853
rxn_8_1332,8,0.75,0.6883473911611895
rxn_8_1333,8,0.873,0.8320927713372201
rxn_8_1334,8,0.95,0.901535103093913
rxn_8_1335,8,0.15,0.6789519063673222
rxn_8_1336,8,1.0,0.9050656004977631
rxn_8_1337,8,0.68,0.7514880579426088
rxn_8_1338,8,0.68,0.7242473013813552
rxn_8_1339,8,0.88,0.7420373498768033
rxn_8_1340,8,0.95,0.7778142684551632
rxn_8_1341,8,0.38,0.5219702557170255
rxn_8_1342,8,0.91,0.5167275602691297
rxn_8_1343,8,0.946,0.8366360281931544
rxn_8_1344,8,0.99,0.8646070969095933
rxn_8_1345,8,0.86,0.6042938785304303
rxn_8_1346,8,0.91,0.6927824758938095
rxn_8_1347,8,0.97,0.7759750849241405
rxn_8_1348,8,0.88,0.7048146668850567
rxn_8_1349,8,0.67,0.7814896447314181
rxn_8_1350,8,0.98,0.7820494630118048
rxn_8_1351,8,0.68,0.7066226143451081
rxn_8_1352,8,0.79,0.7509253106474022
rxn_8_1353,8,0.928,0.6638266352295171
rxn_8_1354,8,0.9,0.8278687145708418
rxn_8_1355,8,0.89,0.9028555905767313
rxn_8_1356,8,0.91,0.8311146723492823
rxn_8_1357,8,0.93,0.8033556152782261
rxn_8_1358,8,0.959,0.8449075410784879
rxn_8_1359,8,0.923,0.8442784432716337
rxn_8_1360,8,0.923,0.8641954621853368
rxn_8_1361,8,0.75,0.7870638673156726
rxn_8_1362,8,0.75,0.7990604039551611
rxn_8_1363,8,1.0,0.8765253224409492
rxn_8_1364,8,0.93,0.8017436510518007
rxn_8_1365,8,0.79,0.7510055096689117
rxn_8_1366,8,0.81,0.7341514261859784
rxn_8_1367,8,0.63,0.7922995364065293
rxn_8_1368,8,0.99,0.8280844919795786
rxn_8_1369,8,0.77,0.8618524331164922
rxn_8_1370,8,0.88,0.6229583661695319
rxn_8_1371,8,0.75,0.7316357062253186
rxn_8_1372,8,0.84,0.6997312335404381
rxn_8_1373,8,0.65,0.6757363053314333
rxn_8_1374,8,0.73,0.7023225559030123
rxn_8_1375,8,0.88,0.8265908716183367
rxn_8_1376,8,0.42,0.5542087151770506
rxn_8_1377,8,0.82,0.789056642040164
rxn_8_1378,8,0.8,0.7913577487649075
rxn_8_1379,8,0.66,0.74681398621602
rxn_8_1380,8,0.67,0.7091787385136511
rxn_8_1381,8,0.76,0.7855552951580101
rxn_8_1382,8,0.91,0.6266035676809122
rxn_8_1383,8,0.89,0.67469127238184
rxn_8_1384,8,0.88,0.8208624623633223
rxn_8_1385,8,0.96,0.8183178373795802
rxn_8_1386,8,0.92,0.7773384982989162
rxn_8_1387,8,0.65,0.7226978982737036
rxn_8_1388,8,0.99,0.9749838062556981
rxn_8_1389,8,0.83,0.7929289154506959
rxn_8_1390,8,0.99,0.8217906118335335
rxn_8_1391,8,0.64,0.7442894423482193
rxn_8_1392,8,1.0,0.7312545993477132
rxn_8_1393,8,0.94,0.8115719177180868
rxn_8_1394,8,0.589,0.7930421399286098
rxn_8_1395,8,0.95,0.7189670471054553
rxn_8_1396,8,0.881,0.8495454480212615
rxn_8_1397,8,0.83,0.6897571282985168
rxn_8_1398,8,0.78,0.7805484232326706
rxn_8_1399,8,0.894,0.7369663417506959
rxn_8_1400,8,0.74,0.7209224653483917
rxn_8_1401,8,0.76,0.7049069852325052
rxn_8_1402,8,0.99,0.8278231238995257
rxn_8_1403,8,0.85,0.8506347292686313
rxn_8_1404,8,0.25,0.7637846592342236
rxn_8_1405,8,0.91,0.7625960480403721
rxn_8_1406,8,0.93,0.7150462628759923
rxn_8_1407,8,1.0,0.8657001077995358
rxn_8_1408,8,0.67,0.8173154454850016
rxn_8_1409,8,0.79,0.786005574701424
rxn_8_1410,8,0.99,0.8684866153175154
rxn_8_1411,8,0.83,0.6916069133283971
rxn_8_1412,8,0.91,0.8113906736580397
rxn_8_1413,8,0.765,0.7533753110500117
rxn_8_1414,8,0.95,0.7848243639424072
rxn_8_1415,8,0.82,0.7617424020932742
rxn_8_1416,8,0.75,0.8024710023216902
rxn_8_1417,8,0.93,0.757006971266776
rxn_8_1418,8,0.62,0.8239376336013825
rxn_8_1419,8,0.93,0.8882437560006382
rxn_8_1420,8,0.74,0.6969824239817398
rxn_8_1421,8,0.69,0.7172589185761703
rxn_8_1422,8,0.66,0.7231898041550718
rxn_8_1423,8,0.33,0.40889975393572825
rxn_8_1424,8,0.96,0.70400694830543
rxn_8_1425,8,0.98,0.8725251195289107
rxn_8_1426,8,0.41,0.5460916290027349
rxn_8_1427,8,0.57,0.6432637015081686
rxn_8_1428,8,0.55,0.6760328373199105
rxn_8_1429,8,0.67,0.7153155826939125
rxn_8_1430,8,0.71,0.5991157719229587
rxn_8_1431,8,0.85,0.6810080757191047
rxn_8_1432,8,0.85,0.7117394573472469
rxn_8_1433,8,0.42,0.45742985310025075
rxn_8_1434,8,0.18,0.797895877340511
rxn_8_1435,8,0.83,0.6080416220650107
rxn_8_1436,8,0.659,0.636301918608941
rxn_8_1437,8,0.6923,0.7648233628595936
rxn_8_1438,8,0.5,0.5854132489374262
rxn_8_1439,8,0.76,0.7564382814664693
rxn_8_1440,8,0.86,0.8144568607978065
rxn_8_1441,8,0.661,0.8551408052496133
rxn_8_1442,8,0.85,0.6565064564903089
rxn_8_1443,8,0.42,0.75375050222
rxn_8_1444,8,0.78,0.43168008176009964
rxn_8_1445,8,0.88,0.6450178972932125
rxn_8_1446,8,0.85,0.7725694387442378
rxn_8_1447,8,0.49,0.5426988399752523
rxn_8_1448,8,0.613,0.6915989913666584
rxn_8_1449,8,0.79,0.7836143964191247
rxn_8_1450,8,0.81,0.8156055355313366
rxn_8_1451,8,0.42,0.7272213248855163
rxn_8_1452,8,0.99,0.7004975718055663
rxn_8_1453,8,1.0,0.9370349503658018
rxn_8_1454,8,0.95,0.6675793396627799
rxn_8_1455,8,0.558,0.5971127883415638
rxn_8_1456,8,0.74,0.6825439258555109
rxn_8_1457,8,0.76,0.6672408479865376
rxn_8_1458,8,0.4,0.6508787841279436
rxn_8_1459,8,0.874,0.7355218120820816
rxn_8_1460,8,0.95,0.7647000078319337
rxn_8_1461,8,0.8,0.7186807468394445
rxn_8_1462,8,0.77,0.6752504741637612
rxn_8_1463,8,0.73,0.6921386955742644
rxn_8_1464,8,0.71,0.8437358094768926
rxn_8_1465,8,0.75,0.7845568577497358
rxn_8_1466,8,0.84,0.7456666355691407
rxn_8_1467,8,0.753,0.7146011063027723
rxn_8_1468,8,0.97,0.7205831981893427
rxn_8_1469,8,0.94,0.8200736446883176
rxn_8_1470,8,0.68,0.6592302985046503
rxn_8_1471,8,0.72,0.61160964743342
rxn_8_1472,8,0.91,0.7688959810495067
rxn_8_1473,8,0.79,0.747609132886566
rxn_8_1474,8,0.75,0.8342486383444029
rxn_8_1475,8,0.7246,0.6687632373563832
rxn_8_1476,8,0.89,0.7996999565944658
rxn_8_1477,8,0.83,0.6990719610060413
rxn_8_1478,8,0.97,0.8123796892852599
rxn_8_1479,8,0.92,0.8604883600685292
rxn_8_1480,8,0.99,0.9575957223978954
rxn_8_1481,8,0.86,0.8808847971361516
rxn_8_1482,8,0.98,0.8666923745064339
rxn_8_1483,8,0.43,0.8120689479018693
rxn_8_1484,8,0.78,0.7856661443333591
rxn_8_1485,8,0.86,0.7953534746205012
rxn_8_1486,8,0.84,0.8265199642183999
rxn_8_1487,8,0.81,0.7445684464392377
rxn_8_1488,8,0.79,0.7453724900503146
rxn_8_1489,8,0.38,0.6133998413408214
rxn_8_1490,8,0.79,0.7534290575397541
rxn_8_1491,8,0.91,0.8198589938035687
rxn_8_1492,8,0.8,0.6478948825122508
rxn_8_1493,8,0.89,0.7361976231906079
rxn_8_1494,8,0.99,0.8012059500977773
rxn_8_1495,8,0.61,0.6158458026231536
rxn_8_1496,8,1.0,0.9372289646564725
rxn_8_1497,8,0.13,0.16993723915658934
rxn_8_1498,8,0.41,0.6261687810969666
rxn_8_1499,8,0.816,0.7606270208988722
rxn_8_1500,8,0.66,0.8297182541786724
rxn_8_1501,8,0.78,0.6879081739236264
rxn_8_1502,8,0.65,0.7547754386061528
rxn_8_1503,8,0.99,0.8901153727593266
rxn_8_1504,8,0.79,0.6309816099326578
rxn_8_1505,8,0.75,0.7961191014541363
rxn_8_1506,8,0.67,0.7717332591389819
rxn_8_1507,8,0.87,0.575821251121979
rxn_8_1508,8,0.19,0.5707019225930872
rxn_8_1509,8,0.36,0.6867578995044853
rxn_8_1510,8,0.84,0.747970090902362
rxn_8_1511,8,0.95,0.7393054741745809
rxn_8_1512,8,0.81,0.836374503955787
rxn_8_1513,8,0.68,0.7860123212395648
rxn_8_1514,8,0.87,0.7635404084473297
rxn_8_1515,8,0.65,0.6741923823363328
rxn_8_1516,8,0.67,0.6376499320403829
rxn_8_1517,8,0.89,0.8025345172814312
rxn_8_1518,8,0.15,0.733050277352539
rxn_8_1519,8,0.81,0.8014512602934128
rxn_8_1520,8,0.97,0.9057112568120417
rxn_8_1521,8,0.94,0.6039675975788247
rxn_8_1522,8,0.99,0.9048032029680595
rxn_8_1523,8,0.86,0.8010573328362698
rxn_8_1524,8,0.972,0.8469977533023618
rxn_8_1525,8,0.92,0.8376129942730556
rxn_8_1526,8,0.9,0.8971123288299973
rxn_8_1527,8,0.92,0.8562750297270334
rxn_8_1528,8,0.93,0.774140530677701
rxn_8_1529,8,0.86,0.7630115245481996
rxn_8_1530,8,0.41,0.7905454500794477
rxn_8_1531,8,0.92,0.7865026918551927
rxn_8_1532,8,0.51,0.7036714280176581
rxn_8_1533,8,0.77,0.6110356798892796
rxn_8_1534,8,0.22,0.41407063034361263
rxn_8_1535,8,0.79,0.7401307600102717
rxn_8_1536,8,0.68,0.769479266242103
rxn_8_1537,8,0.77,0.8298120958738694
rxn_8_1538,8,0.81,0.8077728096959825
rxn_8_1539,8,0.671,0.6919010099063376
rxn_8_1540,8,0.99,0.790845831633498
rxn_8_1541,8,0.63,0.4479121385203612
rxn_8_1542,8,0.8,0.6807267198310205
rxn_8_1543,8,0.536,0.6241001093495937
rxn_8_1544,8,0.81,0.698138787240138
rxn_8_1545,8,0.54,0.530842444807044
rxn_8_1546,8,0.78,0.7225863333966354
rxn_8_1547,8,0.78,0.5942093345093532
rxn_8_1548,8,0.95,0.6917705496401411
rxn_8_1549,8,0.88,0.7318461594474265
rxn_8_1550,8,0.85,0.7842846358025964
rxn_8_1551,8,0.8582,0.6862066614776307
rxn_8_1552,8,0.95,0.8509861361462878
rxn_8_1553,8,0.98,0.8057836920964957
rxn_8_1554,8,0.84,0.7635084478301942
rxn_8_1555,8,0.75,0.7675437925237693
rxn_8_1556,8,0.917,0.6800325678572916
rxn_8_1557,8,0.94,0.9481612511773418
rxn_8_1558,8,0.96,0.8062780071181281
rxn_8_1559,8,0.33,0.8201958763603941
rxn_8_1560,8,0.86,0.6871348950269134
rxn_8_1561,8,0.22,0.7829609329681796
rxn_8_1562,8,0.761,0.5122765739984291
rxn_8_1563,8,0.45,0.5843700447470149
rxn_8_1564,8,0.87,0.6831071192421012
rxn_8_1565,8,0.85,0.844599479484948
rxn_8_1566,8,0.85,0.8010234210077997
rxn_8_1567,8,0.96,0.8751226387183731
rxn_8_1568,8,0.45,0.7526039469790918
rxn_8_1569,8,0.995,0.8585521741410073
rxn_8_1570,8,0.925,0.7914328729105247
rxn_8_1571,8,0.83,0.8417025900623384
rxn_8_1572,8,0.69,0.6846359802802972
rxn_8_1573,8,0.67,0.7486118013323976
rxn_8_1574,8,0.26,0.6893588684984792
rxn_8_1575,8,0.26,0.5347612652693633
rxn_8_1576,8,0.99,0.7314432137394506
rxn_8_1577,8,0.73,0.7097889545886593
rxn_8_1578,8,0.8,0.6464684778188826
rxn_8_1579,8,0.85,0.6318801237314134
rxn_8_1580,8,0.71,0.6713830993332784
rxn_8_1581,8,0.85,0.8333102288998507
rxn_8_1582,8,0.9,0.8206951976964056
rxn_8_1583,8,0.77,0.8042369389024889
rxn_8_1584,8,0.76,0.6153704225482544
rxn_8_1585,8,0.91,0.56345071335982
rxn_8_1586,8,0.68,0.6470817887717945
rxn_8_1587,8,0.685,0.7892766824256919
rxn_8_1588,8,0.93,0.8299621728673522
rxn_8_1589,8,0.786,0.6980190628985693
rxn_8_1590,8,0.83,0.6723215902856964
rxn_8_1591,8,0.95,0.7476461951866042
rxn_8_1592,8,0.89,0.8124391130616564
rxn_8_1593,8,0.88,0.7990179237843519
rxn_8_1594,8,0.7,0.7985990656799121
rxn_8_1595,8,0.7,0.5942544422503296
rxn_8_1596,8,0.29,0.7038254316556904
rxn_8_1597,8,0.95,0.8195312828955469
rxn_8_1598,8,0.72,0.597560839687452
rxn_8_1599,8,0.35,0.5389530303826867
rxn_8_1600,8,0.63,0.8011453905553112
rxn_8_1601,8,0.74,0.7261779902838746
rxn_8_1602,8,0.88,0.8516364476965692
rxn_8_1603,8,0.95,0.7679569652056872
rxn_8_1604,8,0.86,0.8259006875783691
rxn_8_1605,8,0.587,0.7453651472450987
rxn_8_1606,8,0.97,0.8094251777953763
rxn_8_1607,8,0.21,0.8184747351951178
rxn_8_1608,8,0.951,0.7205780160340766
rxn_8_1609,8,0.96,0.7606593602390489
rxn_8_1610,8,0.85,0.7899491198040872
rxn_8_1611,8,0.36,0.5088395643966526
rxn_8_1612,8,0.82,0.80564197535922
rxn_8_1613,8,0.86,0.6785685204399569
rxn_8_1614,8,0.81,0.7555189529747829
rxn_8_1615,8,0.91,0.7825925772795918
rxn_8_1616,8,0.85,0.7847817538425154
rxn_8_1617,8,0.98,0.7059995326565174
rxn_8_1618,8,0.64,0.7717189023014251
rxn_8_1619,8,0.93,0.6632774725522181
rxn_8_1620,8,0.88,0.8777552216914035
rxn_8_1621,8,0.95,0.762562434318756
rxn_8_1622,8,0.8,0.6681507718465247
rxn_8_1623,8,0.875,0.6580058752752131
rxn_8_1624,8,0.7,0.7305771981604575
rxn_8_1625,8,0.72,0.7576891535941076
rxn_8_1626,8,0.76,0.8963079591215294
rxn_8_1627,8,0.5,0.7994740885285553
rxn_8_1628,8,0.4,0.6238970350889007
rxn_8_1629,8,0.5,0.5158018299623307
rxn_8_1630,8,0.59,0.7956256647521979
rxn_8_1631,8,0.65,0.7011345924115878
rxn_8_1632,8,0.63,0.8031322455859792
rxn_8_1633,8,1.0,0.850397061998026
rxn_8_1634,8,0.87,0.7817135555793148
rxn_8_1635,8,0.843,0.8271355613134327
rxn_8_1636,8,0.99,0.6976479932802225
rxn_8_1637,8,0.84,0.6871283855650624
rxn_8_1638,8,0.44,0.7638954859313364
rxn_8_1639,8,0.82,0.8026206346379503
rxn_8_1640,8,0.58,0.7638445293767204
rxn_8_1641,8,0.88,0.733958335870784
rxn_8_1642,8,1.0,0.7535120040434394
rxn_8_1643,8,0.72,0.6196564800386805
rxn_8_1644,8,0.83,0.7308825255335781
rxn_8_1645,8,0.72,0.7453136466899525
rxn_8_1646,8,0.1576,0.24802806867806784
rxn_8_1647,8,0.33,0.6600026527315385
rxn_8_1648,8,0.85,0.7291960308596344
rxn_8_1649,8,0.8,0.728464640423882
rxn_8_1650,8,0.81,0.7479816306956577
rxn_8_1651,8,0.8119,0.7067711653767411
rxn_8_1652,8,0.86,0.7843830315608171
rxn_8_1653,8,0.87,0.8229274371562104
rxn_8_1654,8,0.83,0.8294945828446402
rxn_8_1655,8,0.5,0.4645964356703594
rxn_8_1656,8,0.22,0.7850454139110058
rxn_8_1657,8,0.85,0.805576392056112
rxn_8_1658,8,0.7,0.6064136448368721
rxn_8_1659,8,0.81,0.8174443309468445
rxn_8_1660,8,0.93,0.7669818272128545
rxn_8_1661,8,0.76,0.8082595459451715
rxn_8_1662,8,0.99,0.8334653451974575
rxn_8_1663,8,0.82,0.7525925404651401
rxn_8_1664,8,0.9,0.7573169249296366
rxn_8_1665,8,0.858,0.8203777047303662
rxn_8_1666,8,0.859,0.3640149764956684
rxn_8_1667,8,0.655,0.6716644616332385
rxn_8_1668,8,0.99,0.769399718331282
rxn_8_1669,8,0.81,0.8144954023036769
rxn_8_1670,8,0.88,0.8877025366288952
rxn_8_1671,8,0.96,0.8341012025390125
rxn_8_1672,8,0.9,0.7911522910546734
rxn_8_1673,8,0.882,0.7865684218284326
rxn_8_1674,8,0.76,0.5709604298620007
rxn_8_1675,8,0.82,0.8904592912760307
rxn_8_1676,8,0.57,0.491415592197074
rxn_8_1677,8,0.9,0.8245497474619313
rxn_8_1678,8,0.93,0.9245200842687608
rxn_8_1679,8,0.88,0.6626553757197869
rxn_8_1680,8,0.134,0.6167141270373387
rxn_8_1681,8,0.66,0.8048943446094251
rxn_8_1682,8,1.0,0.7790654001540211
rxn_8_1683,8,0.719,0.737227931900128
rxn_8_1684,8,0.87,0.6795106771714248
rxn_8_1685,8,0.91,0.746293161578166
rxn_8_1686,8,0.93,0.8462306539672878
rxn_8_1687,8,1.0,0.7348853422993299
rxn_8_1688,8,0.67,0.6964468031150494
rxn_8_1689,8,0.8,0.7833947616176474
rxn_8_1690,8,0.69,0.6779280293275639
rxn_8_1691,8,0.92,0.8957542713949653
rxn_8_1692,8,0.89,0.8542924031642904
rxn_8_1693,8,0.523,0.6909811087424677
rxn_8_1694,8,0.46,0.6647718733547703
rxn_8_1695,8,0.95,0.8625438463830309
rxn_8_1696,8,0.33,0.49417602704750907
rxn_8_1697,8,0.87,0.8023934339136511
rxn_8_1698,8,0.99,0.7466389057452848
rxn_8_1699,8,1.0,0.7339045493727147
rxn_8_1700,8,0.73,0.7953860877472508
rxn_8_1701,8,0.39,0.6842432352946535
rxn_8_1702,8,0.85,0.8164226422285404
rxn_8_1703,8,0.99,0.8537178779755307
rxn_8_1704,8,0.19,0.16146658926581559
rxn_8_1705,8,0.8,0.7022941347917842
rxn_8_1706,8,0.61,0.8318875164956121
rxn_8_1707,8,0.99,0.7201184093937466
rxn_8_1708,8,0.92,0.7686737764212929
rxn_8_1709,8,1.0,0.919389856020988
rxn_8_1710,8,0.88,0.8154141330640706
rxn_8_1711,8,0.92,0.7331267907094543
rxn_8_1712,8,0.82,0.7788753279697606
rxn_8_1713,8,0.85,0.51452711634801
rxn_8_1714,8,0.8,0.805940198984661
rxn_8_1715,8,0.96,0.8727594697811037
rxn_8_1716,8,0.41,0.5315193658951659
rxn_8_1717,8,0.71,0.8078954793191686
rxn_8_1718,8,1.0,0.7033895040438306
rxn_8_1719,8,0.705,0.7804424682506327
rxn_8_1720,8,0.86,0.7646946334175136
rxn_8_1721,8,0.697,0.4129014299143911
rxn_8_1722,8,0.42,0.5909204435362311
rxn_8_1723,8,0.82,0.748189129998477
rxn_8_1724,8,0.9,0.7963560218756358
rxn_8_1725,8,0.83,0.7329522843370097
rxn_8_1726,8,0.97,0.8172446641138675
rxn_8_1727,8,0.85,0.7505432959373762
rxn_8_1728,8,0.99,0.8251818663938687
rxn_8_1729,8,0.72,0.8571434172218534
rxn_8_1730,8,0.9,0.8714434896721391
rxn_8_1731,8,1.0,0.8504207856146214
rxn_8_1732,8,0.38,0.5969247466797207
rxn_8_1733,8,0.41,0.39391096914548523
rxn_8_1734,8,0.887,0.792759331263586
rxn_8_1735,8,0.93,0.8100939432280353
rxn_8_1736,8,0.81,0.6671950295892181
rxn_8_1737,8,0.52,0.5668460383027525
rxn_8_1738,8,0.95,0.8422931726552823
rxn_8_1739,8,0.93,0.844688459904177
rxn_8_1740,8,0.86,0.7438329744343902
rxn_8_1741,8,0.994,0.8955653830704787
rxn_8_1742,8,0.94,0.8483825329082709
rxn_8_1743,8,0.878,0.7042072837811784
rxn_8_1744,8,0.86,0.8003000992488909
rxn_8_1745,8,0.75,0.7272349611321433
rxn_8_1746,8,0.9162,0.7128741906081989
rxn_8_1747,8,0.44,0.6723011365564595
rxn_8_1748,8,1.0,0.7027030907132087
rxn_8_1749,8,0.9,0.7915353878671763
rxn_8_1750,8,0.98,0.7693373033137357
rxn_8_1751,8,0.54,0.6696119577918571
rxn_8_1752,8,0.95,0.6595020915445041
rxn_8_1753,8,1.0,0.7733522959599087
rxn_8_1754,8,0.72,0.7609224574055693
rxn_8_1755,8,0.84,0.7841634610532532
rxn_8_1756,8,0.72,0.7050033104434164
rxn_8_1757,8,0.9,0.7183435246260044
rxn_8_1758,8,0.9,0.8321932578433334
rxn_8_1759,8,0.82,0.7392258638935741
rxn_8_1760,8,0.74,0.7484577747164373
rxn_8_1761,8,0.7,0.6718662567666945
rxn_8_1762,8,0.2,0.6321181910142403
rxn_8_1763,8,0.39,0.7666085671398504
rxn_8_1764,8,0.67,0.6826404407236502
rxn_8_1765,8,0.98,0.8427579283887573
rxn_8_1766,8,0.9,0.8075267803218887
rxn_8_1767,8,0.91,0.6193552091202021
rxn_8_1768,8,0.97,0.816812688091526
rxn_8_1769,8,0.203,0.3054283831486733
rxn_8_1770,8,0.9,0.7835748681182763
rxn_8_1771,8,1.0,0.8287577928768289
rxn_8_1772,8,0.87,0.5958692199706715
rxn_8_1773,8,0.793,0.7632283117708857
rxn_8_1774,8,0.96,0.8744154960304932
rxn_8_1775,8,0.83,0.8680945905090823
rxn_8_1776,8,0.96,0.7994986400602501
rxn_8_1777,8,0.96,0.7141606927236642
rxn_8_1778,8,0.846,0.7389866230962786
rxn_8_1779,8,0.7,0.6027465342006316
rxn_8_1780,8,0.86,0.7985568175160557
rxn_8_1781,8,0.94,0.8608511820231923
rxn_8_1782,8,0.86,0.7858017229715365
rxn_8_1783,8,0.8,0.8561463667578098
rxn_8_1784,8,0.22,0.19504255962335973
rxn_8_1785,8,0.64,0.6458579528062068
rxn_8_1786,8,0.93,0.8055862218867658
rxn_8_1787,8,0.72,0.785413825909818
rxn_8_1788,8,0.26,0.33099688952135614
rxn_8_1789,8,0.86,0.8114567752959605
rxn_8_1790,8,0.85,0.8367934996076439
rxn_8_1791,8,0.36,0.6712475850828182
rxn_8_1792,8,0.85,0.7950201200823974
rxn_8_1793,8,0.9,0.8795992388316439
rxn_8_1794,8,0.67,0.7165290694394003
rxn_8_1795,8,0.725,0.706014491569167
rxn_8_1796,8,0.902,0.836955692012649
rxn_8_1797,8,0.8,0.70289330034253
rxn_8_1798,8,0.65,0.8037113918752748
rxn_8_1799,8,0.36,0.7288864838160327
rxn_8_1800,8,0.85,0.7109497697256458
rxn_8_1801,8,0.97,0.8730412319980415
rxn_8_1802,8,0.908,0.8198748162032595
rxn_8_1803,8,0.863,0.8159768970489553
rxn_8_1804,8,0.94,0.8370256132556847
rxn_8_1805,8,0.781,0.7181943208590859
rxn_8_1806,8,0.84,0.8018935471684744
rxn_8_1807,8,0.87,0.8240541248242703
rxn_8_1808,8,0.87,0.7981161745314472
rxn_8_1809,8,0.73,0.6931402671942131
rxn_8_1810,8,0.49,0.8745320449726749
rxn_8_1811,8,0.415,0.6813495612311593
rxn_8_1812,8,0.55,0.607514660471317
rxn_8_1813,8,0.41,0.8198871097527501
rxn_8_1814,8,0.67,0.6536174839378104
rxn_8_1815,8,0.4412,0.4475364622950975
rxn_8_1816,8,0.41,0.519970815947321
rxn_8_1817,8,0.67,0.706918606785408
rxn_8_1818,8,0.93,0.8062350649630545
rxn_8_1819,8,0.9,0.9124233053855763
rxn_8_1820,8,0.859,0.5894288411342145
rxn_8_1821,8,0.55,0.6041379693300025
rxn_8_1822,8,0.48,0.6934495793047243
rxn_8_1823,8,0.85,0.7402685082504736
rxn_8_1824,8,0.95,0.7591668662488272
rxn_8_1825,8,0.66,0.6523057781083827
rxn_8_1826,8,0.6,0.7157631662777076
rxn_8_1827,8,0.908,0.6188093041227244
rxn_8_1828,8,0.96,0.8770248862248241
rxn_8_1829,8,0.47,0.6283800256710829
rxn_8_1830,8,0.99,0.6565310494225781
rxn_8_1831,8,0.3,0.6544095156479647
rxn_8_1832,8,0.12,0.2565369891089411
rxn_8_1833,8,0.8,0.7939624165599432
rxn_8_1834,8,0.86,0.7328731631210803
rxn_8_1835,8,0.605,0.6595971820140529
rxn_8_1836,8,0.41,0.4549499744912942
rxn_8_1837,8,0.41,0.43816147777737074
rxn_8_1838,8,0.67,0.7365540215898765
rxn_8_1839,8,0.732,0.8943308331605739
rxn_8_1840,8,0.87,0.6664478539080574
rxn_8_1841,8,0.51,0.7751807379614247
rxn_8_1842,8,0.93,0.772592267262817
rxn_8_1843,8,0.82,0.6837868796504664
rxn_8_1844,8,0.82,0.7819910602783234
rxn_8_1845,8,0.59,0.6126845876773422
rxn_8_1846,8,0.394,0.5414103075516931
rxn_8_1847,8,0.83,0.773990206683929
rxn_8_1848,8,0.78,0.44977899135161037
rxn_8_1849,8,0.73,0.7759121017238791
rxn_8_1850,8,0.85,0.7668024489657176
rxn_8_1851,8,0.42,0.7740622466037369
rxn_8_1852,8,0.936,0.7889417816154976
rxn_8_1853,8,0.94,0.9051591676498276
rxn_8_1854,8,0.729,0.7919640316174048
rxn_8_1855,8,0.53,0.7341947467281459
rxn_8_1856,8,0.2,0.6807609957618679
rxn_8_1857,8,1.0,0.7622774677590595
rxn_8_1858,8,0.41,0.5083126443992964
rxn_8_1859,8,0.74,0.7819992467411963
rxn_8_1860,8,0.92,0.7438340402119031
rxn_8_1861,8,0.93,0.7590837828532714
rxn_8_1862,8,0.77,0.7924665377317418
rxn_8_1863,8,0.8,0.8458270068029655
rxn_8_1864,8,0.71,0.6475527200801539
rxn_8_1865,8,0.66,0.6210608289768395
rxn_8_1866,8,0.93,0.881928452312981
rxn_8_1867,8,0.35,0.8209909541379853
rxn_8_1868,8,0.934,0.8043038650911728
rxn_8_1869,8,0.78,0.7423528785754172
rxn_8_1870,8,0.62,0.6830202001343806
rxn_8_1871,8,0.96,0.7692293039022129
rxn_8_1872,8,0.74,0.7360534747568148
rxn_8_1873,8,0.99,0.8988927941731247
rxn_8_1874,8,0.624,0.597710153589213
rxn_8_1875,8,0.79,0.6090331796755065
rxn_8_1876,8,0.39,0.6471609289438213
rxn_8_1877,8,0.85,0.8074447750699139
rxn_8_1878,8,0.14,0.6619748563023589
rxn_8_1879,8,0.7298,0.6645280382503814
rxn_8_1880,8,0.55,0.7239071397236573
rxn_8_1881,8,0.91,0.7512114409364093
rxn_8_1882,8,0.85,0.4087370154372616
rxn_8_1883,8,0.2,0.44325729449734963
rxn_8_1884,8,0.72,0.817641125050783
rxn_8_1885,8,0.37,0.7581326332127625
rxn_8_1886,8,0.41,0.6119771957017032
rxn_8_1887,8,0.74,0.8192216081566448
rxn_8_1888,8,0.955,0.7193572082220324
rxn_8_1889,8,0.98,0.7013399863701197
rxn_8_1890,8,0.814,0.8367005594554676
rxn_8_1891,8,0.99,0.7463950846139457
rxn_8_1892,8,0.06,0.1705015835927234
rxn_8_1893,8,0.29,0.3252576676712191
rxn_8_1894,8,0.82,0.7519567984466532
rxn_8_1895,8,0.38,0.6114693847271815
rxn_8_1896,8,0.84,0.8005396094079495
rxn_8_1897,8,0.47,0.7181696760563399
rxn_8_1898,8,0.82,0.8309188446061965
rxn_8_1899,8,0.57,0.7099451609179867
rxn_8_1900,8,0.12,0.7364218573292186
rxn_8_1901,8,0.739,0.7157373703880646
rxn_8_1902,8,0.76,0.777315282420394
rxn_8_1903,8,0.82,0.7565683656979947
rxn_8_1904,8,0.85,0.6719146084417517
rxn_8_1905,8,0.83,0.7966550415103698
rxn_8_1906,8,0.95,0.9045303522221012
rxn_8_1907,8,0.26,0.6484950213667662
rxn_8_1908,8,0.93,0.7741718295373837
rxn_8_1909,8,0.21,0.17946775005156393
rxn_8_1910,8,0.63,0.6285437374700035
rxn_8_1911,8,0.76,0.8850417939650425
rxn_8_1912,8,0.79,0.7970071141482332
rxn_8_1913,8,0.84,0.8653306786830859
rxn_8_1914,8,0.84,0.8722699508140908
rxn_8_1915,8,0.56,0.5961647705102634
rxn_8_1916,8,0.9,0.7466434389702524
rxn_8_1917,8,0.77,0.7825948575208089
rxn_8_1918,8,0.88,0.7051579536754607
rxn_8_1919,8,0.18,0.6552034800414254
rxn_8_1920,8,0.9,0.7906014040949668
rxn_8_1921,8,0.89,0.7780221991912316
rxn_8_1922,8,0.83,0.805820559615364
rxn_8_1923,8,0.868,0.706051568380245
rxn_8_1924,8,0.72,0.7754656474048506
rxn_8_1925,8,0.59,0.7176867683040706
rxn_8_1926,8,0.96,0.7793340989792809
rxn_8_1927,8,0.86,0.805302658906711
rxn_8_1928,8,0.7,0.6500032121516879
rxn_8_1929,8,0.25,0.6872821736534567
rxn_8_1930,8,0.44,0.7321656528093792
rxn_8_1931,8,1.0,0.8242647843964547
rxn_8_1932,8,0.77,0.74867535414814
rxn_8_1933,8,0.35,0.45139386202752235
rxn_8_1934,8,0.72,0.6923772458238814
rxn_8_1935,8,0.63,0.7036846370623958
rxn_8_1936,8,0.72,0.7351219263639784
rxn_8_1937,8,0.812,0.6859670530785427
rxn_8_1938,8,0.9,0.7438565527326638
rxn_8_1939,8,0.6883,0.7163759046546936
rxn_8_1940,8,0.984,0.9411453434799174
rxn_8_1941,8,0.68,0.73533575328547
rxn_8_1942,8,0.74,0.6756677257505442
rxn_8_1943,8,0.92,0.8125965710545598
rxn_8_1944,8,0.86,0.764444914181337
rxn_8_1945,8,0.4281,0.41433045726111023
rxn_8_1946,8,0.99,0.8805956684923645
rxn_8_1947,8,0.63,0.643071801794708
rxn_8_1948,8,0.95,0.7852271241901798
rxn_8_1949,8,0.7,0.6954732333551469
rxn_8_1950,8,0.66,0.6502092964144107
rxn_8_1951,8,0.42,0.4999719341058603
rxn_8_1952,8,0.096,0.7331476895416374
rxn_8_1953,8,0.623,0.6258474158533263
rxn_8_1954,8,0.9,0.9006297350339098
rxn_8_1955,8,0.3394,0.7895135698311844
rxn_8_1956,8,0.68,0.8107832789810505
rxn_8_1957,8,0.55,0.5627024957108484
rxn_8_1958,8,0.2036,0.6224604222844722
rxn_8_1959,8,0.91,0.8024715310183127
rxn_8_1960,8,0.93,0.8026313394336638
rxn_8_1961,8,0.32,0.824238778284677
rxn_8_1962,8,0.99,0.8690663663534396
rxn_8_1963,8,0.9,0.862676197778911
rxn_8_1964,8,0.74,0.6572422220281088
rxn_8_1965,8,0.46,0.5984106042116711
rxn_8_1966,8,0.9,0.7940829886738564
rxn_8_1967,8,0.95,0.7952162359151221
rxn_8_1968,8,0.85,0.8366974779174446
rxn_8_1969,8,0.77,0.6833240971554302
rxn_8_1970,8,0.796,0.682823093043346
rxn_8_1971,8,0.9,0.8362175240156384
rxn_8_1972,8,0.902,0.7947405499208932
rxn_8_1973,8,0.87,0.8300259980511444
rxn_8_1974,8,0.56,0.8495453840776978
rxn_8_1975,8,0.89,0.8354950540891078
rxn_8_1976,8,0.88,0.748276348005258
rxn_8_1977,8,0.893,0.7618692660898224
rxn_8_1978,8,0.99,0.786590313541052
rxn_8_1979,8,0.882,0.7800046137782459
rxn_8_1980,8,0.9982,0.8458727590788163
rxn_8_1981,8,0.65,0.7976819554578979
rxn_8_1982,8,0.92,0.8118805639034177
rxn_8_1983,8,0.43,0.4626857011404568
rxn_8_1984,8,0.43,0.486338080387606
rxn_8_1985,8,0.97,0.7652974844568817
rxn_8_1986,8,1.0,0.7520383973526474
rxn_8_1987,8,0.701,0.6649123184788609
rxn_8_1988,8,0.77,0.6729492231063686
rxn_8_1989,8,0.96,0.8529930046582354
rxn_8_1990,8,0.89,0.8138484799640505
rxn_8_1991,8,0.52,0.6841870982647773
rxn_8_1992,8,0.418,0.6283170905487049
rxn_8_1993,8,0.91,0.6680094408858414
rxn_8_1994,8,0.89,0.7895104061967103
rxn_8_1995,8,0.89,0.8329380059421633
rxn_8_1996,8,0.49,0.6715410324084248
rxn_8_1997,8,0.12,0.5002287340817057
rxn_8_1998,8,0.67,0.7637572928488646
rxn_8_1999,8,0.92,0.8303703263581417
rxn_8_2000,8,1.0,0.7029150606930185
rxn_8_2001,8,0.73,0.8276032193871673
rxn_8_2002,8,0.35,0.6460874022897966
rxn_8_2003,8,0.86,0.7858725237691108
rxn_8_2004,8,0.49,0.5251473236714373
rxn_8_2005,8,0.81,0.7844326089963877
rxn_8_2006,8,0.89,0.8298282892686105
rxn_8_2007,8,0.93,0.7504466472622103
rxn_8_2008,8,0.423,0.7573343723887028
rxn_8_2009,8,0.862,0.8143885826429219
rxn_8_2010,8,0.85,0.6454620902281984
rxn_8_2011,8,0.95,0.7349221780646743
rxn_8_2012,8,1.0,0.9238418255212544
rxn_8_2013,8,0.81,0.831252987840597
rxn_8_2014,8,0.94,0.7633786404306457
rxn_8_2015,8,1.0,0.8008910479183428
rxn_8_2016,8,0.87,0.8003308688569262
rxn_8_2017,8,0.3649,0.6632940431617392
rxn_8_2018,8,0.82,0.7730377092456258
rxn_8_2019,8,0.71,0.7655437743809367
rxn_8_2020,8,0.82,0.7770033755122773
rxn_8_2021,8,0.7,0.7725440192083894
rxn_8_2022,8,0.41,0.4490757681675069
rxn_8_2023,8,0.51,0.5060940797380876
rxn_8_2024,8,0.67,0.6377049182604025
rxn_8_2025,8,0.391,0.5739806106856328
rxn_8_2026,8,0.95,0.8009626917409763
rxn_8_2027,8,1.0,0.8465667023873898
rxn_8_2028,8,0.92,0.8899536825951356
rxn_8_2029,8,0.92,0.6864827468638435
rxn_8_2030,8,0.95,0.8354510482077483
rxn_8_2031,8,0.96,0.738288330615251
rxn_8_2032,8,0.48,0.5434086879269795
rxn_8_2033,8,0.79,0.7057925235207353
rxn_8_2034,8,0.95,0.8948582593558365
rxn_8_2035,8,0.76,0.6943383504408519
rxn_8_2036,8,0.81,0.5712416000934851
rxn_8_2037,8,0.49,0.7841076232937128
rxn_8_2038,8,0.91,0.856643802828879
rxn_8_2039,8,0.71,0.6799501415789774
rxn_8_2040,8,0.8,0.6757332876267311
rxn_8_2041,8,0.98,0.7363723872477296
rxn_8_2042,8,0.55,0.817684561906579
rxn_8_2043,8,0.9,0.779212097611604
rxn_8_2044,8,0.9,0.7340238733899677
rxn_8_2045,8,0.79,0.7785061676615274
rxn_8_2046,8,0.51,0.7978157850887017
rxn_8_2047,8,0.91,0.8456929586215804
rxn_8_2048,8,0.75,0.712883242796798
rxn_8_2049,8,0.89,0.7961411359627112
rxn_8_2050,8,0.39,0.4297333369069641
rxn_8_2051,8,0.99,0.8902619624905301
rxn_8_2052,8,0.99,0.8469825209375133
rxn_8_2053,8,0.9,0.7455916856028187
rxn_8_2054,8,0.61,0.6155766641677323
rxn_8_2055,8,0.83,0.8132411614092142
rxn_8_2056,8,0.62,0.7754224460592751
rxn_8_2057,8,0.405,0.9089320425425852
rxn_8_2058,8,1.0,0.8586957598535032
rxn_8_2059,8,1.0,0.731718384296598
rxn_8_2060,8,0.86,0.7406462904409575
rxn_8_2061,8,0.73,0.8118677814510072
rxn_8_2062,8,0.85,0.6544975935025495
rxn_8_2063,8,0.49,0.6945614958494749
rxn_8_2064,8,1.0,0.7410677872074357
rxn_8_2065,8,0.41,0.42826100740508083
rxn_8_2066,8,0.84,0.7571384987322757
rxn_8_2067,8,0.94,0.8114255105346743
rxn_8_2068,8,0.6,0.6494323986087881
rxn_8_2069,8,0.6,0.7382769183520933
rxn_8_2070,8,0.75,0.761443503659167
rxn_8_2071,8,0.91,0.7955037456503851
rxn_8_2072,8,0.7,0.8334654968840881
rxn_8_2073,8,0.86,0.7639306158125606
rxn_8_2074,8,0.87,0.8254300253689809
rxn_8_2075,8,0.73,0.7160958241487255
rxn_8_2076,8,0.78,0.8065932792906673
rxn_8_2077,8,0.51,0.7276635320598465
rxn_8_2078,8,0.85,0.7423103222644313
rxn_8_2079,8,0.86,0.8000661502208256
rxn_8_2080,8,0.99,0.801208445011273
rxn_8_2081,8,0.68,0.6171960749251596
rxn_8_2082,8,0.45,0.7175449985699182
rxn_8_2083,8,0.95,0.7476013702891504
rxn_8_2084,8,0.99,0.7545549330147204
rxn_8_2085,8,0.92,0.8297390758090017
rxn_8_2086,8,0.83,0.6648063539532072
rxn_8_2087,8,0.8,0.7693827688170449
rxn_8_2088,8,0.46,0.5440314230748581
rxn_8_2089,8,0.44,0.7369711099982356
rxn_8_2090,8,0.87,0.7411845788740582
rxn_8_2091,8,0.39,0.5742674741432326
rxn_8_2092,8,0.9,0.828481622297637
rxn_8_2093,8,0.357,0.5174723391463636
rxn_8_2094,8,0.87,0.7307072413892407
rxn_8_2095,8,0.83,0.7307841924881829
rxn_8_2096,8,0.95,0.6951026946655244
rxn_8_2097,8,0.8,0.762154705866655
rxn_8_2098,8,0.89,0.8352957415458193
rxn_8_2099,8,0.93,0.6529263600867466
rxn_8_2100,8,0.72,0.7293221278050783
rxn_8_2101,8,1.0,0.691148281681128
rxn_8_2102,8,0.5698,0.6388109937258991
rxn_8_2103,8,0.04,0.702402720151062
rxn_8_2104,8,0.94,0.7331833995272454
rxn_8_2105,8,0.409,0.5590904816188462
rxn_8_2106,8,0.99,0.7733777809429849
rxn_8_2107,8,0.76,0.6536997539673705
rxn_8_2108,8,0.91,0.7721625536127315
rxn_8_2109,8,0.89,0.7160964382450196
rxn_8_2110,8,0.82,0.8085297766546707
rxn_8_2111,8,0.99,0.8802629062681783
rxn_8_2112,8,0.921,0.8376087960632462
rxn_8_2113,8,0.86,0.7978680006910134
rxn_8_2114,8,0.87,0.6119964223601205
rxn_8_2115,8,0.99,0.7568693159554076
rxn_8_2116,8,1.0,0.7429616081874847
rxn_8_2117,8,0.44,0.7661419084079801
rxn_8_2118,8,0.26,0.3641315062064907
rxn_8_2119,8,0.7,0.7689561199996696
rxn_8_2120,8,0.64,0.6885849867353273
rxn_8_2121,8,0.96,0.7534362885793352
rxn_8_2122,8,0.54,0.6533853305656564
rxn_8_2123,8,0.782,0.773052458534042
rxn_8_2124,8,0.92,0.8137394371941763
rxn_8_2125,8,0.68,0.6730920978056479
rxn_8_2126,8,0.76,0.7957887315024917
rxn_8_2127,8,0.897,0.6953803868610589
rxn_8_2128,8,0.46,0.6038569169657002
rxn_8_2129,8,0.86,0.7174326965476733
rxn_8_2130,8,0.67,0.6930199661616475
rxn_8_2131,8,0.81,0.8288739881033073
rxn_8_2132,8,0.86,0.8207024108892614
rxn_8_2133,8,0.8,0.7714391607459988
rxn_8_2134,8,0.81,0.801835729056088
rxn_8_2135,8,0.73,0.750588710117611
rxn_8_2136,8,0.78,0.7854789847526221
rxn_8_2137,8,0.86,0.7188440901712491
rxn_8_2138,8,0.82,0.80889546609107
rxn_8_2139,8,0.95,0.6679818991653744
rxn_8_2140,8,0.98,0.7768793447684376
rxn_8_2141,8,0.16,0.4392324719561529
rxn_8_2142,8,0.36,0.4064131160926568
rxn_8_2143,8,0.85,0.7824775577509117
rxn_8_2144,8,0.57,0.7111740773737812
rxn_8_2145,8,0.7,0.600007556838516
rxn_8_2146,8,0.96,0.9003250967746389
rxn_8_2147,8,0.847,0.6651566750918866
rxn_8_2148,8,0.91,0.8076987092860742
rxn_8_2149,8,0.13,0.5135976326965875
rxn_8_2150,8,0.8,0.7743035375583048
rxn_8_2151,8,0.99,0.7699639265268824
rxn_8_2152,8,0.935,0.8571695111003635
rxn_8_2153,8,0.87,0.7593181772230562
rxn_8_2154,8,0.83,0.6699191366965614
rxn_8_2155,8,0.78,0.725888438298897
rxn_8_2156,8,0.86,0.7531950501503563
rxn_8_2157,8,0.93,0.8641389234256506
rxn_8_2158,8,0.95,0.8853686142552993
rxn_8_2159,8,0.8,0.7246254324452428
rxn_8_2160,8,0.97,0.8134595285607454
rxn_8_2161,8,0.08,0.8051762786558779
rxn_8_2162,8,0.88,0.7669652846534917
rxn_8_2163,8,0.95,0.8306997976166075
rxn_8_2164,8,0.85,0.7753992125078776
rxn_8_2165,8,0.85,0.6986626891885233
rxn_8_2166,8,0.73,0.7689712092489075
rxn_8_2167,8,0.95,0.706350496847914
rxn_8_2168,8,0.97,0.8997800011925642
rxn_8_2169,8,0.84,0.7176075431976559
rxn_8_2170,8,0.47,0.6245564211718692
rxn_8_2171,8,0.85,0.6349448323115037
rxn_8_2172,8,1.0,0.36538002008791026
rxn_8_2173,8,0.82,0.7559588144787567
rxn_8_2174,8,0.78,0.7228872393746819
rxn_8_2175,8,0.83,0.7821547198824176
rxn_8_2176,8,0.98,0.8766952016200177
rxn_8_2177,8,0.723,0.7472601402004736
rxn_8_2178,8,0.67,0.7864805781543526
rxn_8_2179,8,0.98,0.7862715947784569
rxn_8_2180,8,0.95,0.8820496417332442
rxn_8_2181,8,0.81,0.7015255644535134
rxn_8_2182,8,0.8,0.7419156086247202
rxn_8_2183,8,0.56,0.6378661217985133
rxn_8_2184,8,0.57,0.6226789293615866
rxn_8_2185,8,0.81,0.7506472791487385
rxn_8_2186,8,0.8,0.8167795796942983
rxn_8_2187,8,0.87,0.7364607102034926
rxn_8_2188,8,0.98,0.8152486788006804
rxn_8_2189,8,0.93,0.8117525870796465
rxn_8_2190,8,0.9,0.8532564680129813
rxn_8_2191,8,0.91,0.8377015297567025
rxn_8_2192,8,0.98,0.8194793736286815
rxn_8_2193,8,0.72,0.8007034015785571
rxn_8_2194,8,0.97,0.7542160872480425
rxn_8_2195,8,0.98,0.8467733897112583
rxn_8_2196,8,0.89,0.8052542620023714
rxn_8_2197,8,0.87,0.7133838913042075
rxn_8_2198,8,0.88,0.8166522878593131
rxn_8_2199,8,0.57,0.7960803981245584
rxn_8_2200,8,0.9,0.7983206397230199
rxn_8_2201,8,0.81,0.7608243772295067
rxn_8_2202,8,1.0,0.8326710500890185
rxn_8_2203,8,0.89,0.8512537023176533
rxn_8_2204,8,0.57,0.5988952157039641
rxn_8_2205,8,0.59,0.5859300955381569
rxn_8_2206,8,0.93,0.8616897494405765
rxn_8_2207,8,0.72,0.8088808779217947
rxn_8_2208,8,0.65,0.758385205325411
rxn_8_2209,8,1.0,0.8432461600764213
rxn_8_2210,8,0.96,0.8045253781519935
rxn_8_2211,8,0.81,0.8041180364993821
rxn_8_2212,8,0.65,0.664696972941075
rxn_8_2213,8,0.83,0.8327114840115897
rxn_8_2214,8,0.72,0.7173712607199577
rxn_8_2215,8,0.91,0.8233330833881299
rxn_8_2216,8,0.87,0.658140778995432
rxn_8_2217,8,0.796,0.6736349904199598
rxn_8_2218,8,0.96,0.826577955871136
rxn_8_2219,8,0.8,0.729986884942447
rxn_8_2220,8,0.7,0.7335189151425201
rxn_8_2221,8,0.95,0.9250040687231037
rxn_8_2222,8,0.42,0.46631313852501455
rxn_8_2223,8,0.7,0.7316076942205907
rxn_8_2224,8,0.94,0.6900493181563058
rxn_8_2225,8,0.962,0.9149484206962565
rxn_8_2226,8,0.97,0.8594907722250883
rxn_8_2227,8,0.27,0.39095147099364674
rxn_8_2228,8,0.9,0.8277305720771796
rxn_8_2229,8,0.81,0.8221445209920489
rxn_8_2230,8,0.51,0.7112202004140121
rxn_8_2231,8,1.0,0.7060770524678404
rxn_8_2232,8,0.93,0.8252261441387491
rxn_8_2233,8,1.0,0.834112700864841
rxn_8_2234,8,0.98,0.8233216937410281
rxn_8_2235,8,0.65,0.7721671884590942
rxn_8_2236,8,0.9,0.8157351917710182
rxn_8_2237,8,0.7,0.7926000192492455
rxn_8_2238,8,0.72,0.707640913640204
rxn_8_2239,8,0.71,0.67641795989979
rxn_8_2240,8,0.49,0.8301449750591358
rxn_8_2241,8,0.49,0.7460665463336363
rxn_8_2242,8,0.58,0.6918351959305976
rxn_8_2243,8,0.86,0.7966661526006895
rxn_8_2244,8,0.96,0.8958264004480029
rxn_8_2245,8,0.95,0.8438968273927167
rxn_8_2246,8,0.86,0.7325831482058917
rxn_8_2247,8,0.916,0.4895435903294268
rxn_8_2248,8,0.96,0.7419598446406793
rxn_8_2249,8,0.861,0.7431906265451835
rxn_8_2250,8,0.35,0.6559439936432114
rxn_8_2251,8,0.36,0.48843907405899606
rxn_8_2252,8,0.965,0.9770487260927427
rxn_8_2253,8,0.95,0.7640094455685169
rxn_8_2254,8,0.92,0.6822807458439014
rxn_8_2255,8,0.702,0.7574396967397526
rxn_8_2256,8,0.85,0.8007830134245489
rxn_8_2257,8,0.8,0.7503663413818326
rxn_8_2258,8,0.96,0.8774256153389738
rxn_8_2259,8,0.94,0.8416318384287998
rxn_8_2260,8,0.18,0.6943932045492446
rxn_8_2261,8,0.75,0.8541728844628329
rxn_8_2262,8,0.62,0.8330136121704421
rxn_8_2263,8,0.92,0.8182847904640634
rxn_8_2264,8,0.7,0.554317521900786
rxn_8_2265,8,0.76,0.7508210795650956
rxn_8_2266,8,0.794,0.7759067589410259
rxn_8_2267,8,0.71,0.7052534211024707
rxn_8_2268,8,0.4,0.5258295136353953
rxn_8_2269,8,1.0,0.8471269519462149
rxn_8_2270,8,0.896,0.7917907659032138
rxn_8_2271,8,0.96,0.41872917929301123
rxn_8_2272,8,0.8,0.7710273670162534
rxn_8_2273,8,0.39,0.5591498355339036
rxn_8_2274,8,0.69,0.6104903768154281
rxn_8_2275,8,0.84,0.7420110158575511
rxn_8_2276,8,0.85,0.8702893535136872
rxn_8_2277,8,1.0,0.8530603388582115
rxn_8_2278,8,0.58,0.6124796021899918
rxn_8_2279,8,0.9,0.6927579054242993
rxn_8_2280,8,0.83,0.6991420762960902
rxn_8_2281,8,0.68,0.7352335362057939
rxn_8_2282,8,0.66,0.7643223956860812
rxn_8_2283,8,0.96,0.6961162608915356
rxn_8_2284,8,0.84,0.766367753413537
rxn_8_2285,8,0.78,0.6992122640228104
rxn_8_2286,8,0.66,0.7433583374429298
rxn_8_2287,8,0.89,0.5984439490527592
rxn_8_2288,8,0.877,0.7321052288027543
rxn_8_2289,8,0.629,0.6971901613643695
rxn_8_2290,8,0.6269,0.7114221710419096
rxn_8_2291,8,0.87,0.8493479898196772
rxn_8_2292,8,0.77,0.7557081159870548
rxn_8_2293,8,0.303,0.7231180971340011
rxn_8_2294,8,0.91,0.9137203710160433
rxn_8_2295,8,0.92,0.8898466260895693
rxn_8_2296,8,0.71,0.7206297237932832
rxn_8_2297,8,0.9,0.7400287585764623
rxn_8_2298,8,0.69,0.7177368203142782
rxn_8_2299,8,0.91,0.7012591618830296
rxn_8_2300,8,0.79,0.8376769500431234
rxn_8_2301,8,0.675,0.7062284693164919
rxn_8_2302,8,1.0,0.7393391710350116
rxn_8_2303,8,0.87,0.7877290219783886
rxn_8_2304,8,0.7,0.7783758427009286
rxn_8_2305,8,0.35,0.6958937808372182
rxn_8_2306,8,0.83,0.6771580882077822
rxn_8_2307,8,0.8,0.8146875868774481
rxn_8_2308,8,0.6654,0.7989350877373239
rxn_8_2309,8,0.85,0.7464513261074486
rxn_8_2310,8,0.89,0.7226824722207871
rxn_8_2311,8,0.9,0.7260107514967657
rxn_8_2312,8,0.87,0.8224726146192317
rxn_8_2313,8,0.1,0.4516698573572029
rxn_8_2314,8,0.97,0.7782047898858252
rxn_8_2315,8,0.8,0.6878403030745904
rxn_8_2316,8,0.5,0.8489599438293177
rxn_8_2317,8,0.47,0.5483206396792129
rxn_8_2318,8,1.0,0.813153630767887
rxn_8_2319,8,0.72,0.8259607901794425
rxn_8_2320,8,0.48,0.8032679984647707
rxn_8_2321,8,0.72,0.6724436770462395
rxn_8_2322,8,0.69,0.8328916393792506
rxn_8_2323,8,0.97,0.8947821990804861
rxn_8_2324,8,0.73,0.6807215767430143
rxn_8_2325,8,0.659,0.7941985337616666
rxn_8_2326,8,0.98,0.7948043070575821
rxn_8_2327,8,0.62,0.6743157754483452
rxn_8_2328,8,0.94,0.6646654653268446
rxn_8_2329,8,0.85,0.7046069025994429
rxn_8_2330,8,0.95,0.89211353953974
rxn_8_2331,8,0.7,0.7031199894405562
rxn_8_2332,8,0.91,0.6533995823914085
rxn_8_2333,8,0.91,0.7301511223596755
rxn_8_2334,8,0.86,0.7338850379686522
rxn_8_2335,8,0.99,0.9489574001971747
rxn_8_2336,8,0.1,0.40159152702788425
rxn_8_2337,8,0.37,0.6240132010502052
rxn_8_2338,8,0.84,0.760017730313946
rxn_8_2339,8,0.86,0.8355975884939574
rxn_8_2340,8,0.66,0.722756461369335
rxn_8_2341,8,0.899,0.7508031711562593
rxn_8_2342,8,0.93,0.7676100532041813
rxn_8_2343,8,0.28,0.7379658131906957
rxn_8_2344,8,0.12,0.6502292507248945
rxn_8_2345,8,0.7809,0.7805509029382596
rxn_8_2346,8,0.92,0.8320876930272986
rxn_8_2347,8,0.51,0.7537097911022536
rxn_8_2348,8,0.935,0.8735129603410373
rxn_8_2349,8,0.7,0.749475313414555
rxn_8_2350,8,0.63,0.6234047542494805
rxn_8_2351,8,0.727,0.8058669059021059
rxn_8_2352,8,0.67,0.7645358240429538
rxn_8_2353,8,0.99,0.9694562923893396
rxn_8_2354,8,0.38,0.708236860333716
rxn_8_2355,8,0.9,0.8411229620807491
rxn_8_2356,8,0.95,0.8185382134030124
rxn_8_2357,8,0.88,0.7302510223551364
rxn_8_2358,8,0.82,0.7955984403115014
rxn_8_2359,8,0.5414,0.5753959753020547
rxn_8_2360,8,0.15,0.3221832165148258
rxn_8_2361,8,0.53,0.6378647223940254
rxn_8_2362,8,0.92,0.7991324027044014
rxn_8_2363,8,0.58,0.7916482687965182
rxn_8_2364,8,0.88,0.7151741558424624
rxn_8_2365,8,0.87,0.8119832056128432
rxn_8_2366,8,0.79,0.8036867134656926
rxn_8_2367,8,0.77,0.7767500028387003
rxn_8_2368,8,0.71,0.7707450125665631
rxn_8_2369,8,0.99,0.8605188479899358
rxn_8_2370,8,0.62,0.6000814927914114
rxn_8_2371,8,0.86,0.6933367852913662
rxn_8_2372,8,0.38,0.7318206642657866
rxn_8_2373,8,0.74,0.7077940900400478
rxn_8_2374,8,0.824,0.7848935008626249
rxn_8_2375,8,0.73,0.7482539080841116
rxn_8_2376,8,0.93,0.8215331775084671
rxn_8_2377,8,0.52,0.6767117228265365
rxn_8_2378,8,0.74,0.592590420615727
rxn_8_2379,8,0.94,0.7551513987856203
rxn_8_2380,8,0.77,0.5427253368728808
rxn_8_2381,8,0.78,0.8323963220717264
rxn_8_2382,8,0.44,0.5031368719273592
rxn_8_2383,8,0.97,0.8690825844752306
rxn_8_2384,8,0.76,0.6444508471724569
rxn_8_2385,8,0.97,0.7723854814444951
rxn_8_2386,8,0.92,0.7837281425199816
rxn_8_2387,8,0.9,0.8695679300883139
rxn_8_2388,8,0.86,0.5751469767456597
rxn_8_2389,8,0.62,0.6958811882239923
rxn_8_2390,8,0.87,0.5784027436592958
rxn_8_2391,8,0.94,0.7242311940088179
rxn_8_2392,8,1.0,0.849899062081203
rxn_8_2393,8,0.517,0.7155447441530329
rxn_8_2394,8,0.57,0.6855762913395985
rxn_8_2395,8,0.62,0.7474510493257358
rxn_8_2396,8,1.0,0.8669498445827624
rxn_8_2397,8,0.39,0.69472377114656
rxn_8_2398,8,0.65,0.7550963433917844
rxn_8_2399,8,0.23,0.3433361983383536
rxn_8_2400,8,0.72,0.7082739285040643
rxn_8_2401,8,0.79,0.5120191147616034
rxn_8_2402,8,0.85,0.7764712269221583
rxn_8_2403,8,0.846,0.5177038326322091
rxn_8_2404,8,0.94,0.7388508091878938
rxn_8_2405,8,0.73,0.6986636122539659
rxn_8_2406,8,0.95,0.7760255612079621
rxn_8_2407,8,0.78,0.7072398168181434
rxn_8_2408,8,0.74,0.6935846196605091
rxn_8_2409,8,0.91,0.685631899043505
rxn_8_2410,8,0.733,0.7470063882164979
rxn_8_2411,8,0.67,0.7867945156601457
rxn_8_2412,8,0.439,0.6547556675325776
rxn_8_2413,8,0.909,0.8777267076447456
rxn_8_2414,8,0.425,0.5831163255816526
rxn_8_2415,8,0.92,0.8450366038281456
rxn_8_2416,8,0.39,0.8672144406140442
rxn_8_2417,8,0.68,0.6930751839049519
rxn_8_2418,8,0.9,0.8845332744090723
rxn_8_2419,8,1.0,0.6895744414973022
rxn_8_2420,8,0.901,0.8468042827670451
rxn_8_2421,8,0.843,0.7370823808459138
rxn_8_2422,8,0.41,0.738135172794116
rxn_8_2423,8,0.72,0.717857737408616
rxn_8_2424,8,0.93,0.7431650307340442
rxn_8_2425,8,0.7974,0.7657154285323996
rxn_8_2426,8,0.89,0.7644921481830673
rxn_8_2427,8,0.92,0.8068087687764945
rxn_8_2428,8,0.76,0.8268510259019507
rxn_8_2429,8,0.76,0.7249176529411834
rxn_8_2430,8,0.756,0.6619729595279251
rxn_8_2431,8,0.9,0.7474178037451527
rxn_8_2432,8,0.69,0.7137782288601286
rxn_8_2433,8,0.95,0.8310020119884486
rxn_8_2434,8,0.88,0.7869052608943458
rxn_8_2435,8,0.96,0.7924192136965257
rxn_8_2436,8,0.75,0.7490651173980342
rxn_8_2437,8,0.6,0.686596563629748
rxn_8_2438,8,0.6,0.7642264971213047
rxn_8_2439,8,0.85,0.7442004892704034
rxn_8_2440,8,0.96,0.7801047603296496
rxn_8_2441,8,0.653,0.7588558635653634
rxn_8_2442,8,0.2114,0.6314091716738569
rxn_8_2443,8,0.83,0.7255107927582399
rxn_8_2444,8,0.94,0.78057248686196
rxn_8_2445,8,0.88,0.8135929837559472
rxn_8_2446,8,0.936,0.8339702596574302
rxn_8_2447,8,0.5,0.6321069797498327
rxn_8_2448,8,0.72,0.8311608490173877
rxn_8_2449,8,0.85,0.8205926100986223
rxn_8_2450,8,0.93,0.8822823593316486
rxn_8_2451,8,0.78,0.7851821307914594
rxn_8_2452,8,0.88,0.681222984249548
rxn_8_2453,8,0.89,0.8255619133860498
rxn_8_2454,8,0.85,0.6616058158798854
rxn_8_2455,8,0.95,0.8366491240495632
rxn_8_2456,8,0.84,0.6280268067187266
rxn_8_2457,8,0.79,0.7846180392971852
rxn_8_2458,8,0.854,0.8023394460130632
rxn_8_2459,8,0.83,0.8289915424331648
rxn_8_2460,8,0.79,0.7058857461993666
rxn_8_2461,8,0.88,0.7243720768872253
rxn_8_2462,8,0.99,0.8687730634368086
rxn_8_2463,8,0.82,0.6505464906116591
rxn_8_2464,8,0.47,0.5883768493398319
rxn_8_2465,8,0.94,0.8831387572569348
rxn_8_2466,8,0.71,0.7616162325411171
rxn_8_2467,8,0.89,0.7218433757741473
rxn_8_2468,8,0.83,0.7734342974211391
rxn_8_2469,8,0.82,0.7174167221951353
rxn_8_2470,8,0.85,0.734997464042925
rxn_8_2471,8,0.9,0.6370491993051997
rxn_8_2472,8,0.75,0.9043111298317507
rxn_8_2473,8,0.949,0.8005063767186319
rxn_8_2474,8,0.16,0.5663177596099308
rxn_8_2475,8,0.875,0.7659989804887147
rxn_8_2476,8,0.51,0.7696128413231419
rxn_8_2477,8,1.0,0.9098366067031801
rxn_8_2478,8,0.87,0.7335348752289192
rxn_8_2479,8,0.19,0.475841563733791
rxn_8_2480,8,0.31,0.6428269248118084
rxn_8_2481,8,0.7,0.7207597601406515
rxn_8_2482,8,0.68,0.7449474283889174
rxn_8_2483,8,0.86,0.788906739490546
rxn_8_2484,8,0.648,0.6522143539478428
rxn_8_2485,8,0.73,0.7209347897015244
rxn_8_2486,8,0.81,0.810508982000023
rxn_8_2487,8,0.865,0.7774188544320412
rxn_8_2488,8,0.55,0.8409033661722222
rxn_8_2489,8,0.68,0.7094927097889232
rxn_8_2490,8,0.96,0.7865732135499579
rxn_8_2491,8,0.657,0.40844787135669475
rxn_8_2492,8,0.47,0.6030659932356299
rxn_8_2493,8,0.76,0.5888903608212374
rxn_8_2494,8,0.98,0.8022733604993272
rxn_8_2495,8,0.82,0.7647291167025357
rxn_8_2496,8,0.93,0.8725264148119476
rxn_8_2497,8,0.88,0.8328939501276714
rxn_8_2498,8,0.72,0.6815655825447712
rxn_8_2499,8,0.85,0.8339979992672127
rxn_8_2500,8,0.6,0.6564454924706618
rxn_8_2501,8,0.53,0.6485651222836879
rxn_8_2502,8,0.35,0.5384323092163604
rxn_8_2503,8,0.69,0.6711490501450331
rxn_8_2504,8,0.56,0.689873211449561
rxn_8_2505,8,0.9,0.632599400627099
rxn_8_2506,8,0.82,0.6896561225252332
rxn_8_2507,8,0.98,0.896432182740513
rxn_8_2508,8,0.72,0.7551851826286012
rxn_8_2509,8,0.98,0.8583942394570688
rxn_8_2510,8,0.91,0.7049624508938909
rxn_8_2511,8,0.51,0.6376002638488597
rxn_8_2512,8,0.83,0.7066527746388225
rxn_8_2513,8,0.65,0.6918636546290763
rxn_8_2514,8,0.84,0.8288519137501789
rxn_8_2515,8,0.83,0.8186648817591117
rxn_8_2516,8,0.41,0.5043887182574281
rxn_8_2517,8,0.86,0.8378674441985335
rxn_8_2518,8,0.86,0.7187095007238895
rxn_8_2519,8,0.52,0.8221254196076576
rxn_8_2520,8,0.79,0.8382762408959499
rxn_8_2521,8,0.42,0.4857636649452803
rxn_8_2522,8,0.17,0.42352089548878286
rxn_8_2523,8,0.91,0.8779334620969163
rxn_8_2524,8,0.78,0.7555941201428776
rxn_8_2525,8,0.91,0.6805749764812564
rxn_8_2526,8,0.94,0.8184670647078124
rxn_8_2527,8,0.51,0.5234994968178531
rxn_8_2528,8,0.91,0.818042203338415
rxn_8_2529,8,0.925,0.8405879035514437
rxn_8_2530,8,0.79,0.6561882682922269
rxn_8_2531,8,0.593,0.6452705831940229
rxn_8_2532,8,0.9,0.7748180423868852
rxn_8_2533,8,0.97,0.8071460969749448
rxn_8_2534,8,0.78,0.9005783833457017
rxn_8_2535,8,0.76,0.6862337518938758
rxn_8_2536,8,0.9,0.7447920535127605
rxn_8_2537,8,0.78,0.5979459436059547
rxn_8_2538,8,0.93,0.7721699744944072
rxn_8_2539,8,0.54,0.8295048034933421
rxn_8_2540,8,0.85,0.586087203437892
rxn_8_2541,8,0.85,0.6840604165974783
rxn_8_2542,8,0.35,0.5283306383653615
rxn_8_2543,8,0.88,0.8551049589311246
rxn_8_2544,8,0.92,0.6660238825546047
rxn_8_2545,8,0.92,0.7733121031334188
rxn_8_2546,8,0.93,0.8945420908657344
rxn_8_2547,8,0.91,0.6739122620420774
rxn_8_2548,8,0.78,0.6648657253707057
rxn_8_2549,8,0.61,0.8481030521399386
rxn_8_2550,8,0.73,0.7166798289429505
rxn_8_2551,8,0.92,0.7570270003371871
rxn_8_2552,8,0.93,0.7308807842973987
rxn_8_2553,8,0.59,0.6308320447971243
rxn_8_2554,8,0.939,0.8392751964177777
rxn_8_2555,8,0.78,0.8061715200609214
rxn_8_2556,8,0.79,0.8017089794985685
rxn_8_2557,8,0.92,0.8761836541478765
rxn_8_2558,8,0.69,0.8075315152897119
rxn_8_2559,8,0.96,0.9389383951568249
rxn_8_2560,8,0.56,0.49389824302838575
rxn_8_2561,8,0.7,0.7953709929748563
rxn_8_2562,8,0.79,0.698429179212808
rxn_8_2563,8,0.97,0.7323724674907943
rxn_8_2564,8,0.85,0.6853840678779455
rxn_8_2565,8,0.53,0.7002073873406977
rxn_8_2566,8,0.65,0.7615140400407684
rxn_8_2567,8,0.95,0.7190585743588995
rxn_8_2568,8,0.83,0.6699632957436368
rxn_8_2569,8,0.24,0.6792175130687235
rxn_8_2570,8,0.98,0.8840634549668177
rxn_8_2571,8,0.89,0.8810583178046363
rxn_8_2572,8,0.499,0.5591376924511836
rxn_8_2573,8,1.0,0.7562291862545426
rxn_8_2574,8,0.48,0.8281820305337672
rxn_8_2575,8,0.99,0.6458031276965196
rxn_8_2576,8,0.77,0.6827995656766473
rxn_8_2577,8,0.75,0.7630932273727469
rxn_8_2578,8,0.82,0.6227408561093345
rxn_8_2579,8,0.9,0.6772583118313311
rxn_8_2580,8,0.12,0.6266107178373653
rxn_8_2581,8,0.741,0.6894877129652816
rxn_8_2582,8,0.75,0.8018965422443243
rxn_8_2583,8,0.907,0.8307313072321262
rxn_8_2584,8,0.967,0.9157384192052049
rxn_8_2585,8,0.1,0.3345181933045797
rxn_8_2586,8,0.91,0.619223705316542
rxn_8_2587,8,0.78,0.7492081913374413
rxn_8_2588,8,0.91,0.8534364063623686
rxn_8_2589,8,0.86,0.7976330543521181
rxn_8_2590,8,0.77,0.39089006625995565
rxn_8_2591,8,0.87,0.801483004918429
rxn_8_2592,8,0.8,0.7021559475184844
rxn_8_2593,8,0.66,0.7718167967815784
rxn_8_2594,8,1.0,0.808852484570064
rxn_8_2595,8,0.68,0.7047532291934638
rxn_8_2596,8,0.61,0.6534580095545833
rxn_8_2597,8,0.94,0.7683700777058347
rxn_8_2598,8,1.0,0.7510344829821284
rxn_8_2599,8,0.9,0.78693263831254
rxn_8_2600,8,0.6525,0.7695288185204814
rxn_8_2601,8,0.98,0.8190300466530406
rxn_8_2602,8,0.978,0.8050524122425776
rxn_8_2603,8,0.87,0.7368668388202805
rxn_8_2604,8,0.92,0.8893486207458473
rxn_8_2605,8,0.66,0.7292630528879833
rxn_8_2606,8,0.75,0.7712658196454575
rxn_8_2607,8,0.77,0.7655107918761671
rxn_8_2608,8,0.98,0.6879253239865536
rxn_8_2609,8,0.77,0.7818042297597468
rxn_8_2610,8,0.89,0.8066961974775287
rxn_8_2611,8,0.93,0.7021865790305885
rxn_8_2612,8,0.76,0.626767238636711
rxn_8_2613,8,0.87,0.8112754032477861
rxn_8_2614,8,0.8,0.821739302958231
rxn_8_2615,8,0.87,0.4906664813512669
rxn_8_2616,8,0.66,0.7848684319307518
rxn_8_2617,8,0.91,0.8886453066032448
rxn_8_2618,8,0.931,0.845354601160452
rxn_8_2619,8,0.87,0.7597540301214604
rxn_8_2620,8,0.96,0.6993436237079956
rxn_8_2621,8,0.52,0.34724718563440343
rxn_8_2622,8,0.65,0.6775583426183736
rxn_8_2623,8,0.91,0.7981588268120259
rxn_8_2624,8,0.75,0.7236081773672124
rxn_8_2625,8,1.0,0.8761426463823015
rxn_8_2626,8,0.9,0.884388977449796
rxn_8_2627,8,0.56,0.8216629804748538
rxn_8_2628,8,0.95,0.8570897546462874
rxn_8_2629,8,0.98,0.9271077780123709
rxn_8_2630,8,0.67,0.709530892412649
rxn_8_2631,8,0.74,0.7740787715509857
rxn_8_2632,8,0.861,0.7726118551172488
rxn_8_2633,8,0.75,0.6699008798066103
rxn_8_2634,8,0.75,0.7836168440748276
rxn_8_2635,8,0.721,0.5822700117525329
rxn_8_2636,8,0.78,0.7717262008374567
rxn_8_2637,8,0.85,0.7733835328812487
rxn_8_2638,8,0.85,0.7738837825954318
rxn_8_2639,8,0.85,0.8449974884745348
rxn_8_2640,8,0.2,0.49290063202139844
rxn_8_2641,8,0.77,0.7882076723533213
rxn_8_2642,8,1.0,0.8317643467093546
rxn_8_2643,8,0.86,0.7542973346254959
rxn_8_2644,8,0.46,0.5461883947973458
rxn_8_2645,8,0.85,0.850250744985161
rxn_8_2646,8,0.8,0.8227007294022286
rxn_8_2647,8,0.211,0.6961678561256721
rxn_8_2648,8,0.8,0.7949002729865496
rxn_8_2649,8,0.8,0.8301319291180453
rxn_8_2650,8,0.93,0.806016194855363
rxn_8_2651,8,0.95,0.8760156489012637
rxn_8_2652,8,0.26,0.6692327838742683
rxn_8_2653,8,0.65,0.7386157380285757
rxn_8_2654,8,0.3781,0.4233807070087267
rxn_8_2655,8,0.79,0.7304568896735378
rxn_8_2656,8,0.68,0.6709498323131027
rxn_8_2657,8,0.11,0.24180320793511778
rxn_8_2658,8,0.95,0.7761495941096769
rxn_8_2659,8,0.73,0.6980722468131919
rxn_8_2660,8,0.83,0.7954958359385725
rxn_8_2661,8,0.48,0.6837792952974159
rxn_8_2662,8,0.77,0.7648703016452129
rxn_8_2663,8,0.43,0.8059514056413585
rxn_8_2664,8,1.0,0.6793469301408934
rxn_8_2665,8,0.8,0.5967967091109014
rxn_8_2666,8,0.88,0.775675371375678
rxn_8_2667,8,0.36,0.5693369656010203
rxn_8_2668,8,0.99,0.7500568634438753
rxn_8_2669,8,0.95,0.9412495550586559
rxn_8_2670,8,0.77,0.722635242822452
rxn_8_2671,8,0.72,0.6038476912862207
rxn_8_2672,8,0.92,0.8534562805633376
rxn_8_2673,8,0.85,0.808849366713337
rxn_8_2674,8,0.842,0.7794822086172131
rxn_8_2675,8,0.32,0.40673408237910086
rxn_8_2676,8,0.34,0.3096990255073351
rxn_8_2677,8,0.87,0.7370007789199405
rxn_8_2678,8,0.1531,0.5371860337529372
rxn_8_2679,8,0.94,0.6125092004480566
rxn_8_2680,8,0.75,0.7234384316553276
rxn_8_2681,8,0.89,0.8605179922981779
rxn_8_2682,8,0.93,0.7992273989804805
rxn_8_2683,8,0.91,0.7337191436895732
rxn_8_2684,8,0.58,0.6850987198364272
rxn_8_2685,8,0.9,0.8473679261019275
rxn_8_2686,8,0.14,0.6276062109169083
rxn_8_2687,8,0.95,0.7617203808093075
rxn_8_2688,8,0.708,0.6399501500148935
rxn_8_2689,8,0.94,0.8107517934165357
rxn_8_2690,8,0.638,0.6662610904123173
rxn_8_2691,8,0.62,0.7285435281874574
rxn_8_2692,8,0.21,0.8486609331903896
rxn_8_2693,8,0.36,0.3885059906335699
rxn_8_2694,8,0.94,0.6941318011440459
rxn_8_2695,8,0.87,0.8143032075009398
rxn_8_2696,8,0.83,0.6630251469424102
rxn_8_2697,8,0.55,0.5704686624125224
rxn_8_2698,8,0.98,0.8195160327293759
rxn_8_2699,8,1.0,0.758828699354682
rxn_8_2700,8,0.4,0.4175131767409829
rxn_8_2701,8,0.11,0.4271241335926941
rxn_8_2702,8,0.76,0.7998644276801364
rxn_8_2703,8,0.99,0.8771925367804876
rxn_8_2704,8,0.95,0.8107182398658032
rxn_8_2705,8,0.72,0.7503092201739342
rxn_8_2706,8,0.94,0.9018504493113513
rxn_8_2707,8,0.68,0.7683056766643076
rxn_8_2708,8,0.88,0.7530943134744102
rxn_8_2709,8,0.75,0.6946838257220259
rxn_8_2710,8,0.83,0.769945081616112
rxn_8_2711,8,0.95,0.8880981846570882
rxn_8_2712,8,0.84,0.7228222631128683
rxn_8_2713,8,0.15,0.7042045661349269
rxn_8_2714,8,0.81,0.9101041793796237
rxn_8_2715,8,0.826,0.6511237375504794
rxn_8_2716,8,0.28,0.742582734879273
rxn_8_2717,8,0.81,0.6686037324068016
rxn_8_2718,8,0.96,0.8800113716754522
rxn_8_2719,8,0.74,0.7083570589978088
rxn_8_2720,8,0.97,0.8863321078161411
rxn_8_2721,8,0.77,0.7213820983500371
rxn_8_2722,8,0.89,0.8669589504185224
rxn_8_2723,8,0.835,0.6028865301684373
rxn_8_2724,8,0.96,0.7986279308724774
rxn_8_2725,8,0.66,0.5367451955267284
rxn_8_2726,8,1.0,0.8795261586028645
rxn_8_2727,8,0.8,0.7409903678850518
rxn_8_2728,8,0.95,0.800817043378566
rxn_8_2729,8,0.77,0.78898552199359
rxn_8_2730,8,0.99,0.868340084788834
rxn_8_2731,8,0.63,0.7347862851816237
rxn_8_2732,8,0.88,0.7020017240471574
rxn_8_2733,8,0.82,0.8678143108606685
rxn_8_2734,8,0.59,0.6499701212305146
rxn_8_2735,8,0.93,0.7891852488660375
rxn_8_2736,8,0.274,0.8000151792180613
rxn_8_2737,8,0.61,0.6463850119692626
rxn_8_2738,8,0.91,0.6854288715359752
rxn_8_2739,8,0.67,0.8302647737590619
rxn_8_2740,8,1.0,0.760097344845511
rxn_8_2741,8,0.879,0.8326585293231412
rxn_8_2742,8,0.4,0.757973998501629
rxn_8_2743,8,0.8,0.8070499677856797
rxn_8_2744,8,0.93,0.5976106160127709
rxn_8_2745,8,0.48,0.7614178865719801
rxn_8_2746,8,0.96,0.7771012523369848
rxn_8_2747,8,0.96,0.8325432397588145
rxn_8_2748,8,0.85,0.777127507709514
rxn_8_2749,8,0.22,0.71180646256349
rxn_8_2750,8,0.97,0.7432818252413395
rxn_8_2751,8,0.92,0.7715978391409578
rxn_8_2752,8,0.84,0.8028158807227764
rxn_8_2753,8,0.66,0.609074574352443
rxn_8_2754,8,0.75,0.6681072468600865
rxn_8_2755,8,0.44,0.4528909385364477
rxn_8_2756,8,0.642,0.6362844487079448
rxn_8_2757,8,0.95,0.6217076011525112
rxn_8_2758,8,0.608,0.4098525202789163
rxn_8_2759,8,0.79,0.8331294558889937
rxn_8_2760,8,0.88,0.8549160006423469
rxn_8_2761,8,0.66,0.6158232011209989
rxn_8_2762,8,0.49,0.7015586254104186
rxn_8_2763,8,0.92,0.7410911080171707
rxn_8_2764,8,0.84,0.7575886475132143
rxn_8_2765,8,0.94,0.7326731163358842
rxn_8_2766,8,0.89,0.8515428323401385
rxn_8_2767,8,0.9,0.8013802665173025
rxn_8_2768,8,0.8,0.7819751150775259
rxn_8_2769,8,0.95,0.8486720106930997
rxn_8_2770,8,0.56,0.8039317536950642
rxn_8_2771,8,0.45,0.5465225019478436
rxn_8_2772,8,0.83,0.8240498328531629
rxn_8_2773,8,0.9,0.7822217511015731
rxn_8_2774,8,0.83,0.8196962427295335
rxn_8_2775,8,0.8,0.7867655150978486
rxn_8_2776,8,0.78,0.7553873109342689
rxn_8_2777,8,1.0,0.8182496389211775
rxn_8_2778,8,0.61,0.7327078892036928
rxn_8_2779,8,0.99,0.9210837905092951
rxn_8_2780,8,0.88,0.7504138309723803
rxn_8_2781,8,0.31,0.40214187839350674
rxn_8_2782,8,0.85,0.9106548771168342
rxn_8_2783,8,0.48,0.7641278955663647
rxn_8_2784,8,0.88,0.8469503314903335
rxn_8_2785,8,0.838,0.7880615711552418
rxn_8_2786,8,0.65,0.6829714958785361
rxn_8_2787,8,0.66,0.7784654663183065
rxn_8_2788,8,0.714,0.7423363947227303
rxn_8_2789,8,1.0,0.7579211914968585
rxn_8_2790,8,0.83,0.806504154936805
rxn_8_2791,8,0.4341,0.5212293940776634
rxn_8_2792,8,0.43,0.3841463155745955
rxn_8_2793,8,0.24,0.3669479419121617
rxn_8_2794,8,0.89,0.6386331804385815
rxn_8_2795,8,0.62,0.6494015594381756
rxn_8_2796,8,0.67,0.7643003989522502
rxn_8_2797,8,0.86,0.6029394634717892
rxn_8_2798,8,1.0,0.8278867827003085
rxn_8_2799,8,0.74,0.7352964996845589
rxn_8_2800,8,0.72,0.7145183629882744
rxn_8_2801,8,0.73,0.7358525595665218
rxn_8_2802,8,0.38,0.3587611588482933
rxn_8_2803,8,0.74,0.700616718583742
rxn_8_2804,8,1.0,0.8941043579155213
rxn_8_2805,8,0.198,0.46656858554508823
rxn_8_2806,8,0.25,0.37084312819084264
rxn_8_2807,8,0.93,0.697538266861851
rxn_8_2808,8,0.98,0.8944436607174868
rxn_8_2809,8,0.92,0.753140000123222
rxn_8_2810,8,0.86,0.7061056034450807
rxn_8_2811,8,0.41,0.4635565805813073
rxn_8_2812,8,0.43,0.3390751956616302
rxn_8_2813,8,0.76,0.7276897397986118
rxn_8_2814,8,0.192,0.6748078394150331
rxn_8_2815,8,0.81,0.8452609769336048
rxn_8_2816,8,1.0,0.8616280222864864
rxn_8_2817,8,0.31,0.7044606906690044
rxn_8_2818,8,0.88,0.684075370702807
rxn_8_2819,8,0.92,0.6894714831903035
rxn_8_2820,8,0.75,0.8086749797421033
rxn_8_2821,8,0.73,0.8032015802029654
rxn_8_2822,8,0.322,0.5333262178045596
rxn_8_2823,8,0.335,0.5075498136393115
rxn_8_2824,8,0.49,0.589148558373984
rxn_8_2825,8,0.74,0.6855678840940725
rxn_8_2826,8,0.8,0.7138696252749329
rxn_8_2827,8,0.74,0.7195453452765787
rxn_8_2828,8,0.903,0.8504161353934695
rxn_8_2829,8,0.84,0.8273780144287857
rxn_8_2830,8,0.96,0.8951541594131119
rxn_8_2831,8,0.96,0.8399618305286441
rxn_8_2832,8,0.79,0.6168231062692208
rxn_8_2833,8,1.0,0.7434058684735075
rxn_8_2834,8,0.6,0.6318861891224048
rxn_8_2835,8,0.63,0.6627489530544975
rxn_8_2836,8,0.99,0.9279928608984672
rxn_8_2837,8,0.7,0.8064353725281522
rxn_8_2838,8,0.92,0.7438419022430582
rxn_8_2839,8,0.52,0.5885764668282144
rxn_8_2840,8,0.825,0.793282993286666
rxn_8_2841,8,0.95,0.7716299833794021
rxn_8_2842,8,0.63,0.6524943820047238
rxn_8_2843,8,0.72,0.8580880447413298
rxn_8_2844,8,0.82,0.6937515983146175
rxn_8_2845,8,0.95,0.8649669469450195
rxn_8_2846,8,0.749,0.7826938931934823
rxn_8_2847,8,0.39,0.7412489921896667
rxn_8_2848,8,0.54,0.7017921549741292
rxn_8_2849,8,0.51,0.6666769225370849
